Filename, Fuzzy Messages, Total Messages, Fuzzy Words, Total Words, Achievement
l10n/po/es_ES/content/versions/main/guides/all-config.adoc.po, 19809, 19816, 277019, 277028, 1%
l10n/po/es_ES/content/guides/all-config.adoc.po, 19806, 19813, 273809, 273818, 1%
l10n/po/es_ES/content/versions/3.34/guides/all-config.adoc.po, 18470, 18477, 254554, 254563, 1%
l10n/po/es_ES/content/versions/3.33/guides/all-config.adoc.po, 18452, 18459, 254420, 254429, 1%
l10n/po/es_ES/content/versions/3.27/guides/all-config.adoc.po, 17921, 17928, 246247, 246256, 1%
l10n/po/es_ES/content/versions/3.20/guides/all-config.adoc.po, 17143, 17158, 235958, 235975, 1%
l10n/po/es_ES/content/versions/3.15/guides/all-config.adoc.po, 16791, 16805, 225820, 225836, 1%
l10n/po/es_ES/content/versions/3.2/guides/all-config.adoc.po, 15123, 15137, 196621, 196637, 1%
l10n/po/es_ES/content/versions/3.8/guides/all-config.adoc.po, 15347, 15362, 194434, 194451, 1%
l10n/po/es_ES/content/versions/2.16/guides/all-config.adoc.po, 12523, 12539, 164830, 164907, 1%
l10n/po/es_ES/content/versions/2.13/guides/all-config.adoc.po, 11908, 11924, 156178, 156255, 1%
l10n/po/es_ES/content/versions/main/guides/all-builditems.adoc.po, 3903, 3912, 47703, 47743, 1%
l10n/po/es_ES/content/guides/deploying-to-kubernetes.adoc.po, 3882, 3888, 47353, 47359, 1%
l10n/po/es_ES/content/versions/3.33/guides/deploying-to-kubernetes.adoc.po, 3852, 3858, 47142, 47148, 1%
l10n/po/es_ES/content/versions/3.34/guides/deploying-to-kubernetes.adoc.po, 3853, 3859, 47092, 47098, 1%
l10n/po/es_ES/content/versions/main/guides/deploying-to-kubernetes.adoc.po, 3863, 3869, 47092, 47098, 1%
l10n/po/es_ES/content/versions/3.27/guides/deploying-to-kubernetes.adoc.po, 3753, 3759, 45661, 45667, 1%
l10n/po/es_ES/content/versions/3.20/guides/deploying-to-kubernetes.adoc.po, 3737, 3747, 45517, 45527, 1%
l10n/po/es_ES/content/guides/all-builditems.adoc.po, 3740, 3749, 44801, 44841, 1%
l10n/po/es_ES/content/versions/3.15/guides/deploying-to-kubernetes.adoc.po, 3700, 3710, 43251, 43261, 1%
l10n/po/es_ES/content/versions/3.34/guides/all-builditems.adoc.po, 3364, 3374, 42250, 42292, 1%
l10n/po/es_ES/content/versions/3.33/guides/all-builditems.adoc.po, 3360, 3370, 41831, 41873, 1%
l10n/po/es_ES/content/versions/3.8/guides/deploying-to-kubernetes.adoc.po, 3614, 3625, 40009, 40020, 1%
l10n/po/es_ES/content/versions/3.2/guides/deploying-to-kubernetes.adoc.po, 3553, 3564, 39240, 39251, 1%
l10n/po/es_ES/content/versions/3.27/guides/all-builditems.adoc.po, 3224, 3233, 38428, 38469, 1%
l10n/po/es_ES/content/versions/3.20/guides/all-builditems.adoc.po, 3023, 3031, 33971, 34010, 1%
l10n/po/es_ES/content/versions/3.15/guides/all-builditems.adoc.po, 2905, 2913, 32422, 32461, 1%
l10n/po/es_ES/content/versions/2.16/guides/deploying-to-kubernetes.adoc.po, 2707, 2718, 29426, 29437, 1%
l10n/po/es_ES/content/versions/3.8/guides/all-builditems.adoc.po, 2655, 2661, 29191, 29215, 1%
l10n/po/es_ES/content/versions/3.2/guides/all-builditems.adoc.po, 2623, 2629, 28217, 28241, 1%
l10n/po/es_ES/content/versions/2.13/guides/deploying-to-kubernetes.adoc.po, 2467, 2477, 25906, 25916, 1%
l10n/po/es_ES/content/versions/2.16/guides/all-builditems.adoc.po, 2314, 2320, 24805, 24829, 1%
l10n/po/es_ES/content/versions/2.13/guides/all-builditems.adoc.po, 2238, 2243, 23950, 23972, 1%
l10n/po/es_ES/content/versions/3.15/guides/security-oidc-configuration-properties-reference.adoc.po, 1236, 1255, 22208, 22286, 1%
l10n/po/es_ES/content/versions/2.16/guides/security-openid-connect-web-authentication.adoc.po, 1205, 1233, 22171, 22332, 1%
l10n/po/es_ES/content/versions/2.13/guides/security-openid-connect-web-authentication.adoc.po, 1174, 1202, 21596, 21757, 1%
l10n/po/es_ES/content/versions/3.2/guides/hibernate-search-orm-elasticsearch.adoc.po, 1042, 1062, 21520, 21601, 1%
l10n/po/es_ES/content/versions/2.13/guides/hibernate-search-orm-elasticsearch.adoc.po, 947, 969, 20324, 20466, 1%
l10n/po/es_ES/content/versions/2.16/guides/hibernate-search-orm-elasticsearch.adoc.po, 947, 969, 20324, 20466, 1%
l10n/po/es_ES/content/versions/main/guides/security-oidc-configuration-properties-reference.adoc.po, 1120, 1129, 19680, 19717, 1%
l10n/po/es_ES/content/versions/2.16/guides/security-openid-connect.adoc.po, 1123, 1150, 19426, 19585, 1%
l10n/po/es_ES/content/versions/3.8/guides/security-oidc-configuration-properties-reference.adoc.po, 1113, 1132, 19004, 19082, 1%
l10n/po/es_ES/content/guides/security-oidc-configuration-properties-reference.adoc.po, 1089, 1098, 18921, 18958, 1%
l10n/po/es_ES/content/versions/2.13/guides/security-openid-connect.adoc.po, 1093, 1120, 18872, 19031, 1%
l10n/po/es_ES/content/versions/3.34/guides/security-oidc-configuration-properties-reference.adoc.po, 1052, 1061, 18216, 18253, 1%
l10n/po/es_ES/content/versions/3.33/guides/security-oidc-configuration-properties-reference.adoc.po, 1044, 1053, 18136, 18173, 1%
l10n/po/es_ES/content/versions/3.2/guides/security-oidc-configuration-properties-reference.adoc.po, 1008, 1027, 17949, 18027, 1%
l10n/po/es_ES/content/versions/3.27/guides/security-oidc-configuration-properties-reference.adoc.po, 1005, 1014, 17478, 17515, 1%
l10n/po/es_ES/content/versions/2.16/guides/security-openid-connect-multitenancy.adoc.po, 1035, 1061, 17440, 17591, 1%
l10n/po/es_ES/content/versions/main/guides/dev-services.adoc.po, 966, 981, 17004, 17020, 1%
l10n/po/es_ES/content/versions/3.20/guides/security-oidc-configuration-properties-reference.adoc.po, 939, 958, 16840, 16918, 1%
l10n/po/es_ES/content/versions/2.13/guides/security-openid-connect-multitenancy.adoc.po, 994, 1020, 16625, 16776, 1%
l10n/po/es_ES/content/guides/deploying-to-openshift.adoc.po, 1395, 1403, 16262, 16273, 1%
l10n/po/es_ES/content/versions/main/guides/deploying-to-openshift.adoc.po, 1388, 1396, 16169, 16180, 1%
l10n/po/es_ES/content/versions/3.34/guides/deploying-to-openshift.adoc.po, 1405, 1413, 16132, 16143, 1%
l10n/po/es_ES/content/versions/main/guides/logging.adoc.po, 1541, 1547, 16126, 16132, 1%
l10n/po/es_ES/content/versions/3.33/guides/deploying-to-openshift.adoc.po, 1378, 1386, 16059, 16070, 1%
l10n/po/es_ES/content/versions/3.27/guides/deploying-to-openshift.adoc.po, 1397, 1405, 16051, 16062, 1%
l10n/po/es_ES/content/versions/3.20/guides/deploying-to-openshift.adoc.po, 1394, 1405, 16048, 16062, 1%
l10n/po/es_ES/content/guides/dev-services.adoc.po, 883, 898, 15894, 15910, 1%
l10n/po/es_ES/content/guides/hibernate-orm.adoc.po, 927, 934, 15469, 15514, 1%
l10n/po/es_ES/content/versions/main/guides/hibernate-orm.adoc.po, 921, 928, 15445, 15490, 1%
l10n/po/es_ES/content/versions/main/guides/kafka.adoc.po, 882, 964, 15404, 16195, 5%
l10n/po/es_ES/content/guides/logging.adoc.po, 1495, 1501, 15134, 15140, 1%
l10n/po/es_ES/content/versions/3.15/guides/deploying-to-openshift.adoc.po, 1359, 1371, 15129, 15144, 1%
l10n/po/es_ES/content/guides/kafka.adoc.po, 852, 934, 15025, 15816, 6%
l10n/po/es_ES/content/versions/3.33/guides/dev-services.adoc.po, 830, 846, 15013, 15032, 1%
l10n/po/es_ES/content/versions/3.34/guides/dev-services.adoc.po, 830, 846, 15013, 15032, 1%
l10n/po/es_ES/content/guides/hibernate-search-orm-elasticsearch.adoc.po, 891, 906, 14904, 14980, 1%
l10n/po/es_ES/content/versions/3.33/guides/hibernate-search-orm-elasticsearch.adoc.po, 891, 906, 14904, 14980, 1%
l10n/po/es_ES/content/versions/3.34/guides/hibernate-search-orm-elasticsearch.adoc.po, 890, 905, 14888, 14964, 1%
l10n/po/es_ES/content/guides/quarkus-maven-plugin.adoc.po, 1207, 1214, 14725, 14746, 1%
l10n/po/es_ES/content/versions/main/guides/quarkus-maven-plugin.adoc.po, 1207, 1214, 14725, 14746, 1%
l10n/po/es_ES/content/versions/main/guides/hibernate-search-orm-elasticsearch.adoc.po, 878, 893, 14704, 14780, 1%
l10n/po/es_ES/_data/wg.yaml.po, 265, 265, 14631, 14631, 0%
l10n/po/es_ES/content/versions/3.34/guides/hibernate-orm.adoc.po, 888, 895, 14626, 14671, 1%
l10n/po/es_ES/content/versions/3.33/guides/hibernate-orm.adoc.po, 886, 893, 14624, 14669, 1%
l10n/po/es_ES/content/versions/3.27/guides/hibernate-search-orm-elasticsearch.adoc.po, 874, 889, 14615, 14691, 1%
l10n/po/es_ES/content/versions/3.20/guides/hibernate-search-orm-elasticsearch.adoc.po, 868, 888, 14609, 14690, 1%
l10n/po/es_ES/content/versions/3.33/guides/quarkus-maven-plugin.adoc.po, 1194, 1202, 14562, 14586, 1%
l10n/po/es_ES/content/versions/3.34/guides/quarkus-maven-plugin.adoc.po, 1194, 1202, 14562, 14586, 1%
l10n/po/es_ES/content/versions/main/guides/tls-registry-reference.adoc.po, 886, 891, 14455, 14461, 1%
l10n/po/es_ES/content/guides/tls-registry-reference.adoc.po, 886, 891, 14454, 14460, 1%
l10n/po/es_ES/content/versions/3.34/guides/kafka.adoc.po, 806, 887, 14450, 15276, 6%
l10n/po/es_ES/content/versions/3.27/guides/kafka.adoc.po, 802, 883, 14387, 15213, 6%
l10n/po/es_ES/content/versions/3.20/guides/kafka.adoc.po, 797, 879, 14319, 15165, 6%
l10n/po/es_ES/content/versions/3.15/guides/hibernate-search-orm-elasticsearch.adoc.po, 868, 888, 14192, 14273, 1%
l10n/po/es_ES/content/versions/3.8/guides/deploying-to-openshift.adoc.po, 1325, 1337, 14005, 14020, 1%
l10n/po/es_ES/content/versions/3.33/guides/kafka.adoc.po, 781, 862, 13973, 14799, 6%
l10n/po/es_ES/content/versions/3.27/guides/dev-services.adoc.po, 755, 771, 13914, 13933, 1%
l10n/po/es_ES/content/versions/3.2/guides/deploying-to-openshift.adoc.po, 1310, 1322, 13795, 13810, 1%
l10n/po/es_ES/content/versions/3.20/guides/dev-services.adoc.po, 733, 752, 13730, 13752, 1%
l10n/po/es_ES/content/versions/main/guides/qute-reference.adoc.po, 835, 858, 13637, 13801, 2%
l10n/po/es_ES/content/versions/3.8/guides/hibernate-search-orm-elasticsearch.adoc.po, 831, 851, 13520, 13601, 1%
l10n/po/es_ES/content/guides/qute-reference.adoc.po, 830, 853, 13491, 13655, 2%
l10n/po/es_ES/content/versions/main/guides/security-oidc-expanded-configuration.adoc.po, 796, 803, 13201, 13212, 1%
l10n/po/es_ES/content/versions/3.27/guides/hibernate-orm.adoc.po, 794, 801, 13163, 13208, 1%
l10n/po/es_ES/content/versions/3.33/guides/qute-reference.adoc.po, 816, 840, 13159, 13326, 2%
l10n/po/es_ES/content/versions/3.34/guides/qute-reference.adoc.po, 816, 840, 13159, 13326, 2%
l10n/po/es_ES/content/versions/3.27/guides/quarkus-maven-plugin.adoc.po, 1075, 1083, 13138, 13162, 1%
l10n/po/es_ES/content/versions/3.15/guides/kafka.adoc.po, 713, 792, 13088, 13930, 7%
l10n/po/es_ES/content/versions/3.8/guides/kafka.adoc.po, 706, 784, 12889, 13729, 7%
l10n/po/es_ES/content/versions/3.27/guides/qute-reference.adoc.po, 801, 825, 12840, 13007, 2%
l10n/po/es_ES/content/versions/main/guides/native-reference.adoc.po, 511, 518, 12633, 12642, 1%
l10n/po/es_ES/content/versions/3.15/guides/dev-services.adoc.po, 678, 696, 12544, 12565, 1%
l10n/po/es_ES/content/guides/security-oidc-expanded-configuration.adoc.po, 754, 761, 12509, 12520, 1%
l10n/po/es_ES/content/versions/main/guides/management-interface-reference.adoc.po, 795, 799, 12383, 12387, 1%
l10n/po/es_ES/content/guides/rest-client.adoc.po, 747, 763, 12378, 12462, 1%
l10n/po/es_ES/content/versions/3.20/guides/qute-reference.adoc.po, 785, 810, 12356, 12524, 2%
l10n/po/es_ES/content/versions/3.34/guides/security-oidc-expanded-configuration.adoc.po, 744, 751, 12304, 12315, 1%
l10n/po/es_ES/content/versions/3.33/guides/security-oidc-expanded-configuration.adoc.po, 740, 747, 12284, 12295, 1%
l10n/po/es_ES/content/versions/main/guides/datasource.adoc.po, 1042, 1047, 12191, 12196, 1%
l10n/po/es_ES/content/versions/main/guides/rest-client.adoc.po, 712, 728, 12149, 12233, 1%
l10n/po/es_ES/content/versions/3.2/guides/kafka.adoc.po, 659, 728, 12074, 12784, 6%
l10n/po/es_ES/content/versions/3.8/guides/hibernate-orm.adoc.po, 712, 721, 12054, 12101, 1%
l10n/po/es_ES/content/versions/2.16/guides/kafka.adoc.po, 659, 728, 12030, 12740, 6%
l10n/po/es_ES/content/versions/3.34/guides/rest-client.adoc.po, 724, 740, 12002, 12086, 1%
l10n/po/es_ES/content/versions/3.33/guides/rest-client.adoc.po, 721, 737, 11978, 12062, 1%
l10n/po/es_ES/content/guides/writing-extensions.adoc.po, 601, 603, 11945, 11948, 1%
l10n/po/es_ES/content/versions/main/guides/writing-extensions.adoc.po, 601, 603, 11945, 11948, 1%
l10n/po/es_ES/content/versions/3.27/guides/security-oidc-expanded-configuration.adoc.po, 721, 728, 11936, 11947, 1%
l10n/po/es_ES/content/versions/3.33/guides/writing-extensions.adoc.po, 589, 591, 11808, 11811, 1%
l10n/po/es_ES/content/versions/3.34/guides/writing-extensions.adoc.po, 589, 591, 11808, 11811, 1%
l10n/po/es_ES/content/versions/3.20/guides/quarkus-maven-plugin.adoc.po, 1039, 1047, 11778, 11802, 1%
l10n/po/es_ES/content/versions/3.20/guides/writing-extensions.adoc.po, 583, 585, 11763, 11766, 1%
l10n/po/es_ES/content/versions/3.27/guides/writing-extensions.adoc.po, 583, 585, 11728, 11731, 1%
l10n/po/es_ES/content/versions/3.2/guides/hibernate-orm.adoc.po, 692, 701, 11642, 11689, 1%
l10n/po/es_ES/content/versions/3.15/guides/qute-reference.adoc.po, 732, 757, 11546, 11714, 2%
l10n/po/es_ES/content/versions/2.13/guides/writing-extensions.adoc.po, 543, 544, 11398, 11399, 1%
l10n/po/es_ES/content/versions/3.8/guides/dev-services.adoc.po, 615, 635, 11361, 11413, 1%
l10n/po/es_ES/content/versions/3.20/guides/hibernate-orm.adoc.po, 669, 678, 11315, 11362, 1%
l10n/po/es_ES/content/versions/3.8/guides/writing-extensions.adoc.po, 543, 544, 11305, 11306, 1%
l10n/po/es_ES/content/versions/3.27/guides/redis-reference.adoc.po, 869, 873, 11270, 11275, 1%
l10n/po/es_ES/content/versions/2.16/guides/writing-extensions.adoc.po, 540, 541, 11254, 11255, 1%
l10n/po/es_ES/content/versions/3.15/guides/writing-extensions.adoc.po, 542, 544, 11253, 11256, 1%
l10n/po/es_ES/content/guides/datasource.adoc.po, 966, 971, 11234, 11239, 1%
l10n/po/es_ES/content/versions/3.2/guides/writing-extensions.adoc.po, 539, 540, 11221, 11222, 1%
l10n/po/es_ES/content/guides/management-interface-reference.adoc.po, 682, 686, 11109, 11113, 1%
l10n/po/es_ES/content/versions/3.2/guides/dev-services.adoc.po, 592, 612, 11106, 11158, 1%
l10n/po/es_ES/content/versions/3.8/guides/qute-reference.adoc.po, 714, 738, 11074, 11241, 2%
l10n/po/es_ES/content/versions/2.13/guides/kafka.adoc.po, 625, 689, 11042, 11724, 6%
l10n/po/es_ES/content/versions/3.15/guides/hibernate-orm.adoc.po, 658, 667, 10926, 10973, 1%
l10n/po/es_ES/content/versions/3.33/guides/tls-registry-reference.adoc.po, 659, 663, 10842, 10847, 1%
l10n/po/es_ES/content/versions/3.34/guides/tls-registry-reference.adoc.po, 659, 663, 10842, 10847, 1%
l10n/po/es_ES/content/versions/3.27/guides/tls-registry-reference.adoc.po, 645, 649, 10778, 10783, 1%
l10n/po/es_ES/content/versions/3.20/guides/tls-registry-reference.adoc.po, 643, 649, 10748, 10755, 1%
l10n/po/es_ES/content/versions/3.27/guides/rest-client.adoc.po, 674, 690, 10746, 10830, 1%
l10n/po/es_ES/content/versions/3.15/guides/quarkus-maven-plugin.adoc.po, 1005, 1013, 10657, 10681, 1%
l10n/po/es_ES/content/versions/3.33/guides/datasource.adoc.po, 931, 936, 10556, 10561, 1%
l10n/po/es_ES/content/versions/3.34/guides/datasource.adoc.po, 931, 936, 10556, 10561, 1%
l10n/po/es_ES/content/guides/native-reference.adoc.po, 378, 381, 10526, 10531, 1%
l10n/po/es_ES/content/versions/main/guides/security-oidc-code-flow-authentication.adoc.po, 472, 479, 10457, 10488, 1%
l10n/po/es_ES/content/versions/3.33/guides/native-reference.adoc.po, 373, 376, 10423, 10428, 1%
l10n/po/es_ES/content/versions/3.34/guides/native-reference.adoc.po, 373, 376, 10423, 10428, 1%
l10n/po/es_ES/content/versions/3.20/guides/native-reference.adoc.po, 373, 376, 10415, 10420, 1%
l10n/po/es_ES/content/versions/3.27/guides/native-reference.adoc.po, 373, 376, 10415, 10420, 1%
l10n/po/es_ES/content/versions/3.20/guides/redis-reference.adoc.po, 848, 855, 10403, 10411, 1%
l10n/po/es_ES/content/versions/3.2/guides/qute-reference.adoc.po, 673, 697, 10393, 10560, 2%
l10n/po/es_ES/content/versions/3.27/guides/datasource.adoc.po, 917, 922, 10389, 10394, 1%
l10n/po/es_ES/content/guides/security-oidc-code-flow-authentication.adoc.po, 465, 472, 10369, 10400, 1%
l10n/po/es_ES/content/versions/3.15/guides/native-reference.adoc.po, 364, 367, 10315, 10320, 1%
l10n/po/es_ES/content/versions/3.20/guides/datasource.adoc.po, 909, 917, 10288, 10296, 1%
l10n/po/es_ES/content/versions/3.2/guides/datasource.adoc.po, 1009, 1017, 10264, 10272, 1%
l10n/po/es_ES/content/versions/2.16/guides/deploying-to-openshift.adoc.po, 987, 1001, 10243, 10319, 1%
l10n/po/es_ES/content/versions/3.8/guides/datasource.adoc.po, 993, 1001, 10208, 10216, 1%
l10n/po/es_ES/content/versions/3.15/guides/datasource.adoc.po, 951, 959, 10110, 10118, 1%
l10n/po/es_ES/content/versions/3.20/guides/rest-client.adoc.po, 631, 650, 10069, 10156, 1%
l10n/po/es_ES/content/versions/main/guides/security-openid-connect-client-reference.adoc.po, 621, 630, 9923, 9938, 1%
l10n/po/es_ES/content/versions/2.16/guides/qute-reference.adoc.po, 624, 648, 9893, 10060, 2%
l10n/po/es_ES/content/guides/hibernate-reactive.adoc.po, 628, 635, 9825, 9868, 1%
l10n/po/es_ES/content/versions/2.16/guides/dev-services.adoc.po, 471, 497, 9809, 10005, 2%
l10n/po/es_ES/content/versions/3.33/guides/security-oidc-code-flow-authentication.adoc.po, 448, 455, 9794, 9825, 1%
l10n/po/es_ES/content/versions/3.34/guides/security-oidc-code-flow-authentication.adoc.po, 448, 455, 9794, 9825, 1%
l10n/po/es_ES/content/versions/3.8/guides/quarkus-maven-plugin.adoc.po, 1108, 1117, 9782, 9807, 1%
l10n/po/es_ES/content/versions/3.15/guides/security-openid-connect-client-reference.adoc.po, 667, 680, 9599, 9618, 1%
l10n/po/es_ES/content/versions/main/guides/hibernate-reactive.adoc.po, 602, 609, 9587, 9630, 1%
l10n/po/es_ES/content/versions/3.27/guides/security-oidc-code-flow-authentication.adoc.po, 401, 408, 9571, 9602, 1%
l10n/po/es_ES/content/versions/3.2/guides/quarkus-maven-plugin.adoc.po, 1097, 1106, 9537, 9562, 1%
l10n/po/es_ES/content/versions/3.15/guides/tls-registry-reference.adoc.po, 591, 597, 9509, 9516, 1%
l10n/po/es_ES/content/versions/3.20/guides/security-oidc-code-flow-authentication.adoc.po, 396, 403, 9481, 9512, 1%
l10n/po/es_ES/content/guides/opentelemetry.adoc.po, 695, 704, 9398, 9415, 1%
l10n/po/es_ES/content/versions/2.16/guides/hibernate-orm.adoc.po, 589, 600, 9367, 9475, 2%
l10n/po/es_ES/content/guides/hibernate-search-standalone-elasticsearch.adoc.po, 556, 571, 9366, 9442, 1%
l10n/po/es_ES/content/versions/3.33/guides/hibernate-search-standalone-elasticsearch.adoc.po, 556, 571, 9366, 9442, 1%
l10n/po/es_ES/content/versions/main/guides/hibernate-search-standalone-elasticsearch.adoc.po, 556, 571, 9366, 9442, 1%
l10n/po/es_ES/content/versions/main/guides/opentelemetry.adoc.po, 691, 700, 9355, 9372, 1%
l10n/po/es_ES/content/versions/3.27/guides/hibernate-search-standalone-elasticsearch.adoc.po, 555, 570, 9350, 9426, 1%
l10n/po/es_ES/content/versions/3.34/guides/hibernate-search-standalone-elasticsearch.adoc.po, 555, 570, 9350, 9426, 1%
l10n/po/es_ES/content/versions/3.20/guides/hibernate-search-standalone-elasticsearch.adoc.po, 549, 569, 9344, 9425, 1%
l10n/po/es_ES/content/guides/security-openid-connect-client-reference.adoc.po, 605, 614, 9309, 9324, 1%
l10n/po/es_ES/content/versions/2.13/guides/hibernate-orm.adoc.po, 582, 593, 9302, 9410, 2%
l10n/po/es_ES/content/versions/2.13/guides/qute-reference.adoc.po, 598, 622, 9301, 9468, 2%
l10n/po/es_ES/content/guides/building-native-image.adoc.po, 546, 556, 9260, 9282, 1%
l10n/po/es_ES/content/versions/3.15/guides/hibernate-search-standalone-elasticsearch.adoc.po, 550, 570, 9221, 9302, 1%
l10n/po/es_ES/content/versions/3.8/guides/native-reference.adoc.po, 327, 330, 9139, 9144, 1%
l10n/po/es_ES/content/versions/main/guides/redis-reference.adoc.po, 706, 710, 9099, 9104, 1%
l10n/po/es_ES/content/guides/redis-reference.adoc.po, 704, 708, 9096, 9101, 1%
l10n/po/es_ES/content/versions/3.33/guides/redis-reference.adoc.po, 704, 708, 9096, 9101, 1%
l10n/po/es_ES/content/versions/3.34/guides/redis-reference.adoc.po, 703, 707, 9082, 9087, 1%
l10n/po/es_ES/content/posts/2020/2020-05-08-insights-1.adoc.po, 265, 265, 9071, 9071, 0%
l10n/po/es_ES/content/versions/3.2/guides/native-reference.adoc.po, 322, 325, 9070, 9075, 1%
l10n/po/es_ES/content/guides/infinispan-client-reference.adoc.po, 554, 560, 9069, 9079, 1%
l10n/po/es_ES/content/versions/3.33/guides/infinispan-client-reference.adoc.po, 554, 560, 9069, 9079, 1%
l10n/po/es_ES/content/versions/3.34/guides/infinispan-client-reference.adoc.po, 554, 560, 9069, 9079, 1%
l10n/po/es_ES/content/versions/3.33/guides/management-interface-reference.adoc.po, 563, 567, 9023, 9027, 1%
l10n/po/es_ES/content/versions/3.34/guides/management-interface-reference.adoc.po, 563, 567, 9023, 9027, 1%
l10n/po/es_ES/content/versions/2.13/guides/deploying-to-openshift.adoc.po, 893, 907, 9016, 9092, 1%
l10n/po/es_ES/content/versions/3.27/guides/management-interface-reference.adoc.po, 563, 567, 9013, 9017, 1%
l10n/po/es_ES/content/versions/3.15/guides/redis-reference.adoc.po, 800, 807, 8958, 8966, 1%
l10n/po/es_ES/content/versions/main/guides/rest.adoc.po, 571, 577, 8907, 8913, 1%
l10n/po/es_ES/content/versions/main/guides/openapi-swaggerui.adoc.po, 641, 657, 8902, 8954, 1%
l10n/po/es_ES/content/guides/openapi-swaggerui.adoc.po, 648, 664, 8860, 8912, 1%
l10n/po/es_ES/content/versions/2.13/guides/dev-services.adoc.po, 427, 454, 8859, 9084, 3%
l10n/po/es_ES/content/versions/3.33/guides/opentelemetry.adoc.po, 642, 650, 8842, 8858, 1%
l10n/po/es_ES/content/versions/3.34/guides/opentelemetry.adoc.po, 642, 650, 8842, 8858, 1%
l10n/po/es_ES/content/guides/rest.adoc.po, 569, 575, 8817, 8823, 1%
l10n/po/es_ES/content/versions/main/guides/infinispan-client-reference.adoc.po, 535, 541, 8815, 8825, 1%
l10n/po/es_ES/content/versions/3.33/guides/logging.adoc.po, 935, 941, 8810, 8816, 1%
l10n/po/es_ES/content/versions/3.34/guides/logging.adoc.po, 935, 941, 8810, 8816, 1%
l10n/po/es_ES/content/versions/3.20/guides/management-interface-reference.adoc.po, 546, 553, 8801, 8808, 1%
l10n/po/es_ES/content/versions/3.27/guides/opentelemetry.adoc.po, 637, 645, 8776, 8792, 1%
l10n/po/es_ES/content/versions/3.33/guides/openapi-swaggerui.adoc.po, 644, 660, 8763, 8815, 1%
l10n/po/es_ES/content/versions/3.34/guides/openapi-swaggerui.adoc.po, 644, 660, 8763, 8815, 1%
l10n/po/es_ES/content/versions/3.33/guides/building-native-image.adoc.po, 496, 506, 8752, 8774, 1%
l10n/po/es_ES/content/versions/3.15/guides/security-oidc-code-flow-authentication.adoc.po, 357, 364, 8743, 8774, 1%
l10n/po/es_ES/content/versions/main/guides/maven-tooling.adoc.po, 485, 493, 8738, 8746, 1%
l10n/po/es_ES/content/versions/3.34/guides/building-native-image.adoc.po, 495, 505, 8733, 8755, 1%
l10n/po/es_ES/content/guides/maven-tooling.adoc.po, 482, 490, 8726, 8734, 1%
l10n/po/es_ES/content/versions/2.16/guides/datasource.adoc.po, 880, 889, 8720, 8788, 1%
l10n/po/es_ES/content/versions/3.34/guides/hibernate-reactive.adoc.po, 572, 579, 8716, 8759, 1%
l10n/po/es_ES/content/versions/3.33/guides/hibernate-reactive.adoc.po, 570, 577, 8714, 8757, 1%
l10n/po/es_ES/content/versions/3.33/guides/rest.adoc.po, 563, 569, 8689, 8695, 1%
l10n/po/es_ES/content/versions/3.34/guides/rest.adoc.po, 563, 569, 8689, 8695, 1%
l10n/po/es_ES/content/versions/3.34/guides/security-openid-connect-client-reference.adoc.po, 580, 589, 8653, 8668, 1%
l10n/po/es_ES/content/versions/3.27/guides/logging.adoc.po, 902, 908, 8650, 8656, 1%
l10n/po/es_ES/content/versions/3.27/guides/infinispan-client-reference.adoc.po, 525, 531, 8623, 8633, 1%
l10n/po/es_ES/content/versions/3.20/guides/logging.adoc.po, 894, 903, 8605, 8614, 1%
l10n/po/es_ES/content/versions/3.33/guides/security-openid-connect-client-reference.adoc.po, 572, 581, 8572, 8587, 1%
l10n/po/es_ES/content/versions/3.20/guides/infinispan-client-reference.adoc.po, 514, 521, 8554, 8565, 1%
l10n/po/es_ES/content/versions/3.27/guides/security-openid-connect-client-reference.adoc.po, 547, 556, 8534, 8549, 1%
l10n/po/es_ES/content/versions/3.27/guides/rest.adoc.po, 551, 557, 8451, 8457, 1%
l10n/po/es_ES/content/versions/3.33/guides/maven-tooling.adoc.po, 465, 473, 8443, 8451, 1%
l10n/po/es_ES/content/versions/3.34/guides/maven-tooling.adoc.po, 465, 473, 8443, 8451, 1%
l10n/po/es_ES/content/versions/3.15/guides/infinispan-client-reference.adoc.po, 519, 526, 8403, 8414, 1%
l10n/po/es_ES/content/versions/2.13/guides/datasource.adoc.po, 856, 865, 8399, 8467, 1%
l10n/po/es_ES/content/versions/3.20/guides/opentelemetry.adoc.po, 610, 620, 8332, 8350, 1%
l10n/po/es_ES/content/versions/3.27/guides/building-native-image.adoc.po, 456, 465, 8288, 8309, 1%
l10n/po/es_ES/content/versions/main/guides/websockets-next-reference.adoc.po, 454, 458, 8277, 8282, 1%
l10n/po/es_ES/content/versions/main/guides/cdi-reference.adoc.po, 404, 411, 8263, 8275, 1%
l10n/po/es_ES/content/versions/3.8/guides/redis-reference.adoc.po, 777, 784, 8196, 8204, 1%
l10n/po/es_ES/content/versions/3.27/guides/maven-tooling.adoc.po, 437, 445, 8170, 8178, 1%
l10n/po/es_ES/content/versions/3.20/guides/maven-tooling.adoc.po, 434, 443, 8167, 8176, 1%
l10n/po/es_ES/content/versions/3.20/guides/security-openid-connect-client-reference.adoc.po, 526, 539, 8149, 8168, 1%
l10n/po/es_ES/content/guides/cdi-reference.adoc.po, 398, 405, 8128, 8140, 1%
l10n/po/es_ES/content/versions/3.33/guides/cdi-reference.adoc.po, 393, 400, 8092, 8104, 1%
l10n/po/es_ES/content/versions/3.34/guides/cdi-reference.adoc.po, 393, 400, 8092, 8104, 1%
l10n/po/es_ES/content/versions/3.15/guides/management-interface-reference.adoc.po, 510, 517, 8058, 8065, 1%
l10n/po/es_ES/content/versions/3.27/guides/cdi-reference.adoc.po, 391, 398, 8047, 8059, 1%
l10n/po/es_ES/content/guides/container-image.adoc.po, 448, 482, 8000, 8274, 4%
l10n/po/es_ES/content/versions/3.33/guides/container-image.adoc.po, 447, 482, 7998, 8274, 4%
l10n/po/es_ES/content/versions/3.34/guides/container-image.adoc.po, 447, 482, 7998, 8274, 4%
l10n/po/es_ES/content/guides/security-authentication-mechanisms.adoc.po, 482, 490, 7971, 7989, 1%
l10n/po/es_ES/content/versions/3.33/guides/security-authentication-mechanisms.adoc.po, 482, 490, 7971, 7989, 1%
l10n/po/es_ES/content/versions/main/guides/security-authentication-mechanisms.adoc.po, 482, 490, 7971, 7989, 1%
l10n/po/es_ES/content/versions/main/guides/container-image.adoc.po, 448, 482, 7966, 8240, 4%
l10n/po/es_ES/content/versions/3.34/guides/security-authentication-mechanisms.adoc.po, 482, 490, 7929, 7947, 1%
l10n/po/es_ES/content/versions/3.20/guides/building-native-image.adoc.po, 433, 444, 7916, 7939, 1%
l10n/po/es_ES/content/guides/resteasy-client.adoc.po, 493, 509, 7861, 7944, 2%
l10n/po/es_ES/content/versions/main/guides/reactive-sql-clients.adoc.po, 659, 670, 7853, 7901, 1%
l10n/po/es_ES/content/versions/3.8/guides/security-oidc-code-flow-authentication.adoc.po, 319, 326, 7852, 7883, 1%
l10n/po/es_ES/content/versions/3.15/guides/maven-tooling.adoc.po, 414, 423, 7825, 7834, 1%
l10n/po/es_ES/content/versions/3.8/guides/hibernate-reactive.adoc.po, 498, 507, 7807, 7852, 1%
l10n/po/es_ES/content/versions/3.27/guides/container-image.adoc.po, 442, 478, 7774, 8079, 4%
l10n/po/es_ES/content/versions/3.33/guides/websockets-next-reference.adoc.po, 433, 437, 7755, 7760, 1%
l10n/po/es_ES/content/versions/3.34/guides/websockets-next-reference.adoc.po, 433, 437, 7755, 7760, 1%
l10n/po/es_ES/content/guides/websockets-next-reference.adoc.po, 432, 436, 7717, 7722, 1%
l10n/po/es_ES/content/versions/3.27/guides/hibernate-reactive.adoc.po, 523, 530, 7714, 7757, 1%
l10n/po/es_ES/content/versions/3.20/guides/cdi-reference.adoc.po, 374, 383, 7689, 7703, 1%
l10n/po/es_ES/content/versions/3.2/guides/hibernate-reactive.adoc.po, 494, 503, 7663, 7708, 1%
l10n/po/es_ES/content/versions/3.8/guides/maven-tooling.adoc.po, 402, 411, 7637, 7646, 1%
l10n/po/es_ES/content/versions/3.34/guides/resteasy-client.adoc.po, 476, 492, 7623, 7706, 2%
l10n/po/es_ES/content/versions/3.27/guides/websockets-next-reference.adoc.po, 426, 430, 7614, 7619, 1%
l10n/po/es_ES/content/versions/3.33/guides/resteasy-client.adoc.po, 474, 490, 7613, 7696, 2%
l10n/po/es_ES/content/versions/3.2/guides/maven-tooling.adoc.po, 400, 409, 7587, 7596, 1%
l10n/po/es_ES/content/versions/3.15/guides/building-native-image.adoc.po, 396, 407, 7533, 7556, 1%
l10n/po/es_ES/content/versions/3.27/guides/mongodb.adoc.po, 469, 484, 7529, 7604, 1%
l10n/po/es_ES/content/versions/3.8/guides/infinispan-client-reference.adoc.po, 461, 469, 7480, 7492, 1%
l10n/po/es_ES/content/versions/main/guides/http-reference.adoc.po, 609, 617, 7364, 7373, 1%
l10n/po/es_ES/content/guides/pulsar.adoc.po, 606, 640, 7363, 7589, 3%
l10n/po/es_ES/content/versions/3.33/guides/pulsar.adoc.po, 606, 640, 7363, 7589, 3%
l10n/po/es_ES/content/versions/3.34/guides/pulsar.adoc.po, 606, 640, 7363, 7589, 3%
l10n/po/es_ES/content/versions/main/guides/pulsar.adoc.po, 606, 640, 7363, 7589, 3%
l10n/po/es_ES/content/versions/3.27/guides/pulsar.adoc.po, 606, 640, 7362, 7588, 3%
l10n/po/es_ES/content/versions/3.20/guides/pulsar.adoc.po, 605, 639, 7361, 7587, 3%
l10n/po/es_ES/content/versions/3.15/guides/cdi-reference.adoc.po, 360, 369, 7318, 7332, 1%
l10n/po/es_ES/content/versions/3.20/guides/rest.adoc.po, 472, 476, 7270, 7274, 1%
l10n/po/es_ES/content/versions/3.20/guides/mongodb.adoc.po, 449, 466, 7214, 7291, 2%
l10n/po/es_ES/content/versions/2.16/guides/maven-tooling.adoc.po, 369, 380, 7195, 7265, 1%
l10n/po/es_ES/content/versions/main/guides/resteasy-client.adoc.po, 441, 457, 7195, 7278, 2%
l10n/po/es_ES/content/versions/3.15/guides/rest.adoc.po, 469, 473, 7171, 7175, 1%
l10n/po/es_ES/content/versions/3.15/guides/mongodb.adoc.po, 455, 472, 7149, 7226, 2%
l10n/po/es_ES/content/versions/3.27/guides/openapi-swaggerui.adoc.po, 520, 536, 7134, 7186, 1%
l10n/po/es_ES/content/versions/2.16/guides/quarkus-maven-plugin.adoc.po, 909, 918, 7108, 7133, 1%
l10n/po/es_ES/content/versions/2.13/guides/maven-tooling.adoc.po, 363, 374, 7090, 7160, 1%
l10n/po/es_ES/content/versions/3.20/guides/websockets-next-reference.adoc.po, 398, 406, 7088, 7097, 1%
l10n/po/es_ES/content/versions/main/guides/telemetry-micrometer.adoc.po, 476, 489, 7074, 7170, 2%
l10n/po/es_ES/content/versions/3.20/guides/openapi-swaggerui.adoc.po, 514, 532, 7059, 7113, 1%
l10n/po/es_ES/content/versions/3.2/guides/reactive-sql-clients.adoc.po, 631, 641, 6968, 6979, 1%
l10n/po/es_ES/content/versions/3.15/guides/logging.adoc.po, 763, 772, 6959, 6968, 1%
l10n/po/es_ES/content/versions/3.8/guides/management-interface-reference.adoc.po, 466, 473, 6921, 6928, 1%
l10n/po/es_ES/content/versions/3.8/guides/mongodb.adoc.po, 448, 465, 6857, 6934, 2%
l10n/po/es_ES/content/guides/mongodb.adoc.po, 448, 463, 6824, 6899, 2%
l10n/po/es_ES/content/versions/3.27/guides/resteasy-client.adoc.po, 451, 467, 6809, 6892, 2%
l10n/po/es_ES/content/versions/3.2/guides/building-native-image.adoc.po, 376, 387, 6778, 6801, 1%
l10n/po/es_ES/content/versions/2.16/guides/native-reference.adoc.po, 243, 246, 6775, 6780, 1%
l10n/po/es_ES/content/versions/3.15/guides/reactive-sql-clients.adoc.po, 612, 626, 6771, 6822, 1%
l10n/po/es_ES/content/versions/3.27/guides/security-authentication-mechanisms.adoc.po, 416, 423, 6765, 6782, 1%
l10n/po/es_ES/content/versions/3.8/guides/building-native-image.adoc.po, 374, 385, 6761, 6784, 1%
l10n/po/es_ES/content/versions/3.2/guides/mongodb.adoc.po, 440, 457, 6744, 6821, 2%
l10n/po/es_ES/content/versions/3.15/guides/pulsar.adoc.po, 571, 604, 6683, 6907, 4%
l10n/po/es_ES/content/versions/3.2/guides/management-interface-reference.adoc.po, 451, 458, 6676, 6683, 1%
l10n/po/es_ES/content/versions/3.2/guides/security-oidc-code-flow-authentication.adoc.po, 259, 266, 6659, 6688, 1%
l10n/po/es_ES/content/versions/3.8/guides/pulsar.adoc.po, 568, 601, 6647, 6871, 4%
l10n/po/es_ES/content/versions/3.15/guides/opentelemetry.adoc.po, 514, 524, 6643, 6661, 1%
l10n/po/es_ES/content/versions/3.8/guides/logging.adoc.po, 759, 768, 6626, 6635, 1%
l10n/po/es_ES/content/versions/3.2/guides/infinispan-client-reference.adoc.po, 410, 418, 6618, 6630, 1%
l10n/po/es_ES/content/versions/main/guides/mongodb.adoc.po, 437, 452, 6602, 6677, 2%
l10n/po/es_ES/content/versions/3.8/guides/resteasy-reactive.adoc.po, 450, 454, 6574, 6578, 1%
l10n/po/es_ES/content/versions/3.33/guides/mongodb.adoc.po, 428, 443, 6553, 6628, 2%
l10n/po/es_ES/content/versions/3.34/guides/mongodb.adoc.po, 428, 443, 6553, 6628, 2%
l10n/po/es_ES/content/guides/http-reference.adoc.po, 564, 571, 6536, 6543, 1%
l10n/po/es_ES/content/guides/telemetry-micrometer.adoc.po, 449, 462, 6529, 6625, 2%
l10n/po/es_ES/content/versions/3.33/guides/telemetry-micrometer.adoc.po, 449, 462, 6529, 6625, 2%
l10n/po/es_ES/content/versions/3.15/guides/openapi-swaggerui.adoc.po, 493, 511, 6523, 6577, 1%
l10n/po/es_ES/content/versions/3.20/guides/hibernate-reactive.adoc.po, 426, 435, 6500, 6545, 1%
l10n/po/es_ES/content/versions/main/guides/building-native-image.adoc.po, 400, 405, 6488, 6493, 1%
l10n/po/es_ES/content/versions/3.20/guides/security-authentication-mechanisms.adoc.po, 392, 400, 6481, 6499, 1%
l10n/po/es_ES/content/guides/reactive-sql-clients.adoc.po, 563, 574, 6479, 6527, 1%
l10n/po/es_ES/content/versions/3.8/guides/reactive-sql-clients.adoc.po, 602, 612, 6461, 6472, 1%
l10n/po/es_ES/content/versions/3.34/guides/reactive-sql-clients.adoc.po, 564, 575, 6425, 6473, 1%
l10n/po/es_ES/content/versions/2.13/guides/mongodb.adoc.po, 398, 417, 6383, 6521, 3%
l10n/po/es_ES/content/versions/2.16/guides/mongodb.adoc.po, 398, 417, 6383, 6521, 3%
l10n/po/es_ES/content/versions/3.33/guides/reactive-sql-clients.adoc.po, 562, 573, 6375, 6423, 1%
l10n/po/es_ES/content/versions/3.34/guides/telemetry-micrometer.adoc.po, 443, 456, 6368, 6464, 2%
l10n/po/es_ES/content/versions/3.27/guides/reactive-sql-clients.adoc.po, 554, 565, 6325, 6373, 1%
l10n/po/es_ES/content/versions/3.8/guides/cdi-reference.adoc.po, 314, 323, 6304, 6318, 1%
l10n/po/es_ES/content/versions/2.13/guides/quarkus-maven-plugin.adoc.po, 807, 816, 6301, 6326, 1%
l10n/po/es_ES/content/versions/2.16/guides/building-native-image.adoc.po, 322, 332, 6300, 6322, 1%
l10n/po/es_ES/content/versions/2.13/guides/building-native-image.adoc.po, 321, 331, 6280, 6302, 1%
l10n/po/es_ES/content/versions/3.20/guides/container-image.adoc.po, 356, 394, 6270, 6577, 5%
l10n/po/es_ES/content/versions/3.2/guides/logging.adoc.po, 735, 744, 6261, 6270, 1%
l10n/po/es_ES/content/versions/3.20/guides/reactive-sql-clients.adoc.po, 554, 568, 6245, 6296, 1%
l10n/po/es_ES/content/versions/3.15/guides/hibernate-reactive.adoc.po, 422, 431, 6232, 6277, 1%
l10n/po/es_ES/content/versions/3.20/guides/resteasy-client.adoc.po, 413, 432, 6217, 6303, 2%
l10n/po/es_ES/content/guides/dev-ui.adoc.po, 513, 517, 6201, 6206, 1%
l10n/po/es_ES/content/versions/main/guides/dev-ui.adoc.po, 513, 517, 6201, 6206, 1%
l10n/po/es_ES/content/versions/3.27/guides/telemetry-micrometer.adoc.po, 431, 445, 6189, 6297, 2%
l10n/po/es_ES/content/versions/3.2/guides/resteasy-reactive.adoc.po, 426, 430, 6153, 6157, 1%
l10n/po/es_ES/content/versions/3.8/guides/openapi-swaggerui.adoc.po, 479, 497, 6123, 6177, 1%
l10n/po/es_ES/content/versions/3.2/guides/cdi-reference.adoc.po, 308, 318, 6103, 6119, 1%
l10n/po/es_ES/content/versions/3.2/guides/openapi-swaggerui.adoc.po, 476, 494, 6088, 6142, 1%
l10n/po/es_ES/content/guides/security-openid-connect-dev-services.adoc.po, 278, 288, 6030, 6048, 1%
l10n/po/es_ES/content/versions/main/guides/security-openid-connect-dev-services.adoc.po, 278, 288, 6030, 6048, 1%
l10n/po/es_ES/_data/versioned/main/index/categories.yaml.po, 1097, 1810, 5964, 6836, 13%
l10n/po/es_ES/content/versions/2.13/guides/native-reference.adoc.po, 209, 212, 5912, 5917, 1%
l10n/po/es_ES/content/versions/3.8/guides/container-image.adoc.po, 350, 388, 5838, 6145, 5%
l10n/po/es_ES/_data/versioned/latest/index/categories.yaml.po, 1062, 1770, 5826, 6707, 14%
l10n/po/es_ES/content/versions/3.33/guides/dev-ui.adoc.po, 482, 486, 5813, 5818, 1%
l10n/po/es_ES/content/versions/3.34/guides/dev-ui.adoc.po, 482, 486, 5813, 5818, 1%
l10n/po/es_ES/content/versions/2.13/guides/openapi-swaggerui.adoc.po, 454, 472, 5793, 5847, 1%
l10n/po/es_ES/content/versions/2.16/guides/openapi-swaggerui.adoc.po, 454, 472, 5793, 5847, 1%
l10n/po/es_ES/content/versions/2.13/guides/cdi-reference.adoc.po, 300, 311, 5779, 5796, 1%
l10n/po/es_ES/content/versions/2.16/guides/cdi-reference.adoc.po, 294, 305, 5761, 5778, 1%
l10n/po/es_ES/content/versions/3.15/guides/container-image.adoc.po, 344, 382, 5725, 6032, 6%
l10n/po/es_ES/content/versions/2.16/guides/resteasy-reactive.adoc.po, 409, 413, 5721, 5725, 1%
l10n/po/es_ES/_data/versioned/main/index/quarkus.yaml.po, 978, 1692, 5716, 6589, 14%
l10n/po/es_ES/content/versions/2.16/guides/hibernate-reactive.adoc.po, 411, 422, 5700, 5806, 2%
l10n/po/es_ES/content/versions/3.33/guides/http-reference.adoc.po, 507, 514, 5630, 5637, 1%
l10n/po/es_ES/content/versions/3.34/guides/http-reference.adoc.po, 507, 514, 5630, 5637, 1%
l10n/po/es_ES/content/versions/3.27/guides/http-reference.adoc.po, 495, 500, 5626, 5631, 1%
l10n/po/es_ES/_data/versioned/latest/index/quarkus.yaml.po, 953, 1658, 5624, 6502, 14%
l10n/po/es_ES/content/versions/2.13/guides/hibernate-reactive.adoc.po, 402, 412, 5624, 5729, 2%
l10n/po/es_ES/content/versions/3.33/guides/security-openid-connect-dev-services.adoc.po, 240, 250, 5550, 5568, 1%
l10n/po/es_ES/content/versions/3.34/guides/security-openid-connect-dev-services.adoc.po, 240, 250, 5550, 5568, 1%
l10n/po/es_ES/content/versions/3.2/guides/container-image.adoc.po, 341, 376, 5513, 5817, 6%
l10n/po/es_ES/content/versions/3.15/guides/security-authentication-mechanisms.adoc.po, 346, 354, 5458, 5476, 1%
l10n/po/es_ES/content/versions/2.16/guides/reactive-sql-clients.adoc.po, 554, 566, 5457, 5529, 2%
l10n/po/es_ES/content/versions/3.20/guides/telemetry-micrometer.adoc.po, 365, 382, 5450, 5561, 2%
l10n/po/es_ES/content/versions/2.13/guides/resteasy-reactive.adoc.po, 395, 399, 5421, 5425, 1%
l10n/po/es_ES/content/versions/3.2/guides/http-reference.adoc.po, 488, 494, 5421, 5427, 1%
l10n/po/es_ES/content/versions/main/guides/getting-started-testing.adoc.po, 258, 266, 5374, 5426, 1%
l10n/po/es_ES/content/versions/3.27/guides/dev-ui.adoc.po, 423, 427, 5352, 5357, 1%
l10n/po/es_ES/content/versions/3.15/guides/mailer-reference.adoc.po, 404, 415, 5346, 5373, 1%
l10n/po/es_ES/content/versions/2.16/guides/logging.adoc.po, 626, 636, 5303, 5313, 1%
l10n/po/es_ES/content/versions/3.8/guides/http-reference.adoc.po, 500, 507, 5293, 5300, 1%
l10n/po/es_ES/content/versions/3.27/guides/security-openid-connect-dev-services.adoc.po, 229, 239, 5282, 5300, 1%
l10n/po/es_ES/content/versions/2.13/guides/logging.adoc.po, 618, 628, 5268, 5278, 1%
l10n/po/es_ES/content/guides/security-webauthn.adoc.po, 288, 305, 5265, 5345, 2%
l10n/po/es_ES/content/versions/3.33/guides/security-webauthn.adoc.po, 288, 305, 5265, 5345, 2%
l10n/po/es_ES/content/versions/3.34/guides/security-webauthn.adoc.po, 288, 305, 5265, 5345, 2%
l10n/po/es_ES/content/versions/main/guides/security-webauthn.adoc.po, 288, 305, 5265, 5345, 2%
l10n/po/es_ES/content/versions/3.20/guides/security-openid-connect-dev-services.adoc.po, 226, 238, 5253, 5273, 1%
l10n/po/es_ES/content/guides/getting-started-testing.adoc.po, 255, 263, 5250, 5302, 1%
l10n/po/es_ES/content/versions/3.27/guides/security-webauthn.adoc.po, 283, 300, 5241, 5321, 2%
l10n/po/es_ES/content/versions/3.20/guides/security-webauthn.adoc.po, 281, 300, 5235, 5317, 2%
l10n/po/es_ES/content/versions/3.20/guides/http-reference.adoc.po, 470, 477, 5232, 5239, 1%
l10n/po/es_ES/content/guides/security-oidc-auth0-tutorial.adoc.po, 199, 205, 5217, 5225, 1%
l10n/po/es_ES/content/versions/3.33/guides/security-oidc-auth0-tutorial.adoc.po, 199, 205, 5217, 5225, 1%
l10n/po/es_ES/content/versions/3.34/guides/security-oidc-auth0-tutorial.adoc.po, 199, 205, 5217, 5225, 1%
l10n/po/es_ES/content/versions/main/guides/security-oidc-auth0-tutorial.adoc.po, 199, 205, 5217, 5225, 1%
l10n/po/es_ES/content/versions/3.15/guides/security-oidc-auth0-tutorial.adoc.po, 199, 205, 5216, 5224, 1%
l10n/po/es_ES/content/versions/3.20/guides/security-oidc-auth0-tutorial.adoc.po, 199, 205, 5216, 5224, 1%
l10n/po/es_ES/content/versions/3.27/guides/security-oidc-auth0-tutorial.adoc.po, 199, 205, 5216, 5224, 1%
l10n/po/es_ES/content/versions/3.8/guides/security-oidc-auth0-tutorial.adoc.po, 199, 205, 5215, 5223, 1%
l10n/po/es_ES/_data/versioned/3-34/index/quarkus.yaml.po, 864, 1581, 5182, 6177, 17%
l10n/po/es_ES/_data/versioned/3-33/index/quarkus.yaml.po, 864, 1581, 5181, 6176, 17%
l10n/po/es_ES/content/versions/2.13/guides/reactive-sql-clients.adoc.po, 531, 543, 5177, 5249, 2%
l10n/po/es_ES/content/posts/2024/2024-08-06-quarkus-and-leyden.adoc.po, 119, 119, 5170, 5170, 0%
l10n/po/es_ES/content/versions/main/guides/security-oidc-bearer-token-authentication.adoc.po, 239, 244, 5123, 5141, 1%
l10n/po/es_ES/_data/versioned/3-27/index/quarkus.yaml.po, 852, 1563, 5110, 6099, 17%
l10n/po/es_ES/content/versions/3.15/guides/http-reference.adoc.po, 467, 474, 5072, 5079, 1%
l10n/po/es_ES/content/guides/security-oidc-bearer-token-authentication.adoc.po, 238, 243, 5061, 5079, 1%
l10n/po/es_ES/_data/versioned/3-20/index/quarkus.yaml.po, 839, 1537, 5041, 6016, 17%
l10n/po/es_ES/content/versions/3.15/guides/rest-client.adoc.po, 287, 299, 5038, 5117, 2%
l10n/po/es_ES/content/versions/3.15/guides/websockets-next-reference.adoc.po, 304, 312, 5038, 5047, 1%
l10n/po/es_ES/content/versions/3.15/guides/telemetry-micrometer.adoc.po, 342, 359, 5027, 5138, 3%
l10n/po/es_ES/content/versions/3.33/guides/security-oidc-bearer-token-authentication.adoc.po, 237, 242, 5020, 5038, 1%
l10n/po/es_ES/content/versions/3.34/guides/security-oidc-bearer-token-authentication.adoc.po, 237, 242, 5020, 5038, 1%
l10n/po/es_ES/content/versions/main/guides/aesh.adoc.po, 369, 377, 5012, 5031, 1%
l10n/po/es_ES/content/versions/3.34/guides/getting-started-testing.adoc.po, 238, 246, 5000, 5052, 2%
l10n/po/es_ES/content/versions/3.8/guides/telemetry-micrometer.adoc.po, 342, 359, 4964, 5075, 3%
l10n/po/es_ES/content/versions/3.8/guides/mailer-reference.adoc.po, 403, 414, 4945, 4972, 1%
l10n/po/es_ES/content/versions/main/guides/config-reference.adoc.po, 290, 294, 4932, 4937, 1%
l10n/po/es_ES/content/versions/3.33/guides/getting-started-testing.adoc.po, 237, 245, 4930, 4982, 2%
l10n/po/es_ES/content/versions/3.27/guides/security-oidc-bearer-token-authentication.adoc.po, 235, 240, 4927, 4945, 1%
l10n/po/es_ES/content/versions/main/guides/security-jwt.adoc.po, 359, 378, 4917, 4944, 1%
l10n/po/es_ES/content/guides/smallrye-graphql.adoc.po, 370, 385, 4901, 4978, 2%
l10n/po/es_ES/_data/versioned/3-15/index/quarkus.yaml.po, 809, 1478, 4899, 5845, 17%
l10n/po/es_ES/content/guides/aesh.adoc.po, 358, 366, 4899, 4918, 1%
l10n/po/es_ES/content/guides/mailer-reference.adoc.po, 377, 384, 4854, 4877, 1%
l10n/po/es_ES/content/versions/3.2/guides/mailer-reference.adoc.po, 400, 411, 4854, 4881, 1%
l10n/po/es_ES/content/versions/3.33/guides/mailer-reference.adoc.po, 377, 384, 4854, 4877, 1%
l10n/po/es_ES/content/versions/main/guides/smallrye-graphql.adoc.po, 366, 381, 4850, 4927, 2%
l10n/po/es_ES/content/guides/security-jwt.adoc.po, 354, 373, 4835, 4862, 1%
l10n/po/es_ES/content/versions/3.33/guides/security-jwt.adoc.po, 354, 373, 4835, 4862, 1%
l10n/po/es_ES/content/versions/3.34/guides/security-jwt.adoc.po, 354, 373, 4835, 4862, 1%
l10n/po/es_ES/content/versions/main/guides/mailer-reference.adoc.po, 377, 384, 4830, 4853, 1%
l10n/po/es_ES/content/versions/3.34/guides/mailer-reference.adoc.po, 375, 382, 4817, 4840, 1%
l10n/po/es_ES/content/versions/3.8/guides/getting-started-testing.adoc.po, 224, 233, 4815, 4868, 2%
l10n/po/es_ES/content/guides/config-reference.adoc.po, 282, 286, 4796, 4801, 1%
l10n/po/es_ES/content/versions/3.27/guides/security-jwt.adoc.po, 348, 366, 4794, 4820, 1%
l10n/po/es_ES/content/versions/2.16/guides/container-image.adoc.po, 266, 307, 4791, 5161, 8%
l10n/po/es_ES/content/versions/3.8/guides/rest-client-reactive.adoc.po, 273, 285, 4776, 4855, 2%
l10n/po/es_ES/content/versions/2.13/guides/container-image.adoc.po, 265, 306, 4748, 5118, 8%
l10n/po/es_ES/content/versions/3.27/guides/getting-started-testing.adoc.po, 226, 234, 4714, 4766, 2%
l10n/po/es_ES/content/versions/3.20/guides/security-jwt.adoc.po, 337, 356, 4661, 4688, 1%
l10n/po/es_ES/content/versions/3.20/guides/security-oidc-bearer-token-authentication.adoc.po, 224, 229, 4637, 4655, 1%
l10n/po/es_ES/content/versions/3.27/guides/mailer-reference.adoc.po, 361, 368, 4600, 4623, 1%
l10n/po/es_ES/content/versions/3.20/guides/mailer-reference.adoc.po, 357, 368, 4596, 4623, 1%
l10n/po/es_ES/content/versions/3.20/guides/getting-started-testing.adoc.po, 220, 228, 4563, 4615, 2%
l10n/po/es_ES/content/versions/3.2/guides/getting-started-testing.adoc.po, 212, 221, 4555, 4608, 2%
l10n/po/es_ES/content/versions/3.27/guides/config-reference.adoc.po, 275, 279, 4537, 4542, 1%
l10n/po/es_ES/content/versions/3.33/guides/config-reference.adoc.po, 275, 279, 4537, 4542, 1%
l10n/po/es_ES/content/versions/3.34/guides/config-reference.adoc.po, 275, 279, 4537, 4542, 1%
l10n/po/es_ES/content/versions/3.2/guides/telemetry-micrometer.adoc.po, 293, 308, 4512, 4621, 3%
l10n/po/es_ES/content/versions/3.15/guides/security-jwt.adoc.po, 308, 330, 4507, 4559, 2%
l10n/po/es_ES/_data/versioned/3-8/index/quarkus.yaml.po, 724, 1341, 4483, 5359, 17%
l10n/po/es_ES/content/versions/3.8/guides/security-jwt.adoc.po, 305, 327, 4470, 4522, 2%
l10n/po/es_ES/content/versions/3.34/guides/smallrye-graphql.adoc.po, 336, 351, 4469, 4546, 2%
l10n/po/es_ES/content/versions/3.33/guides/smallrye-graphql.adoc.po, 337, 352, 4462, 4539, 2%
l10n/po/es_ES/content/versions/3.15/guides/flyway.adoc.po, 316, 322, 4447, 4461, 1%
l10n/po/es_ES/_data/versioned/3-6/index/quarkus.yaml.po, 716, 1329, 4431, 5304, 17%
l10n/po/es_ES/content/versions/2.16/guides/infinispan-client.adoc.po, 267, 276, 4419, 4432, 1%
l10n/po/es_ES/content/guides/smallrye-fault-tolerance.adoc.po, 378, 391, 4401, 4475, 2%
l10n/po/es_ES/content/versions/3.33/guides/smallrye-fault-tolerance.adoc.po, 378, 391, 4401, 4475, 2%
l10n/po/es_ES/content/versions/3.34/guides/smallrye-fault-tolerance.adoc.po, 378, 391, 4401, 4475, 2%
l10n/po/es_ES/content/versions/main/guides/smallrye-fault-tolerance.adoc.po, 378, 391, 4401, 4475, 2%
l10n/po/es_ES/content/versions/3.27/guides/smallrye-fault-tolerance.adoc.po, 378, 391, 4399, 4473, 2%
l10n/po/es_ES/content/versions/3.20/guides/smallrye-fault-tolerance.adoc.po, 372, 391, 4393, 4473, 2%
l10n/po/es_ES/content/versions/main/guides/cyclonedx.adoc.po, 236, 242, 4388, 4397, 1%
l10n/po/es_ES/content/versions/3.27/guides/smallrye-graphql.adoc.po, 330, 345, 4370, 4447, 2%
l10n/po/es_ES/content/versions/3.15/guides/getting-started-testing.adoc.po, 207, 215, 4364, 4416, 2%
l10n/po/es_ES/content/guides/cyclonedx.adoc.po, 235, 241, 4352, 4361, 1%
l10n/po/es_ES/content/versions/3.8/guides/security-authentication-mechanisms.adoc.po, 298, 306, 4347, 4365, 1%
l10n/po/es_ES/content/guides/transaction.adoc.po, 224, 227, 4336, 4339, 1%
l10n/po/es_ES/content/versions/3.20/guides/smallrye-graphql.adoc.po, 325, 342, 4320, 4399, 2%
l10n/po/es_ES/content/versions/2.16/guides/micrometer.adoc.po, 206, 224, 4316, 4418, 3%
l10n/po/es_ES/content/versions/3.15/guides/security-webauthn.adoc.po, 245, 264, 4312, 4394, 2%
l10n/po/es_ES/content/versions/main/guides/cache.adoc.po, 239, 250, 4298, 4356, 2%
l10n/po/es_ES/content/guides/cache.adoc.po, 238, 249, 4280, 4338, 2%
l10n/po/es_ES/content/versions/3.34/guides/cache.adoc.po, 238, 249, 4280, 4338, 2%
l10n/po/es_ES/content/versions/3.33/guides/cache.adoc.po, 237, 248, 4258, 4316, 2%
l10n/po/es_ES/content/versions/3.8/guides/flyway.adoc.po, 315, 321, 4250, 4264, 1%
l10n/po/es_ES/content/versions/3.2/guides/security-jwt.adoc.po, 288, 308, 4203, 4253, 2%
l10n/po/es_ES/content/versions/3.15/guides/smallrye-graphql.adoc.po, 325, 342, 4194, 4273, 2%
l10n/po/es_ES/content/versions/3.20/guides/config-reference.adoc.po, 252, 257, 4191, 4197, 1%
l10n/po/es_ES/content/versions/2.13/guides/micrometer.adoc.po, 200, 218, 4183, 4285, 3%
l10n/po/es_ES/content/guides/gradle-tooling.adoc.po, 250, 255, 4121, 4126, 1%
l10n/po/es_ES/content/versions/3.33/guides/gradle-tooling.adoc.po, 250, 255, 4121, 4126, 1%
l10n/po/es_ES/content/versions/main/guides/gradle-tooling.adoc.po, 250, 255, 4119, 4124, 1%
l10n/po/es_ES/content/versions/3.15/guides/config-reference.adoc.po, 243, 247, 4080, 4085, 1%
l10n/po/es_ES/content/versions/3.8/guides/smallrye-graphql.adoc.po, 321, 338, 4060, 4139, 2%
l10n/po/es_ES/content/versions/3.8/guides/opentelemetry.adoc.po, 392, 410, 4042, 4094, 2%
l10n/po/es_ES/content/versions/2.16/guides/getting-started-testing.adoc.po, 189, 197, 4035, 4087, 2%
l10n/po/es_ES/content/versions/3.27/guides/cache.adoc.po, 226, 237, 4028, 4086, 2%
l10n/po/es_ES/content/versions/3.20/guides/cache.adoc.po, 225, 237, 4027, 4086, 2%
l10n/po/es_ES/content/versions/3.8/guides/security-webauthn.adoc.po, 227, 246, 4020, 4102, 2%
l10n/po/es_ES/content/versions/3.15/guides/security-oidc-bearer-token-authentication.adoc.po, 187, 192, 4019, 4037, 1%
l10n/po/es_ES/_data/guides-2-13.yaml.po, 438, 707, 4018, 4381, 9%
l10n/po/es_ES/content/versions/2.13/guides/getting-started-testing.adoc.po, 188, 196, 4018, 4070, 2%
l10n/po/es_ES/content/versions/3.2/guides/redis-reference.adoc.po, 259, 266, 4010, 4019, 1%
l10n/po/es_ES/content/guides/security-authorize-web-endpoints-reference.adoc.po, 214, 218, 4009, 4016, 1%
l10n/po/es_ES/content/versions/main/guides/security-authorize-web-endpoints-reference.adoc.po, 214, 218, 4009, 4016, 1%
l10n/po/es_ES/content/versions/3.15/guides/cache.adoc.po, 225, 237, 4004, 4063, 2%
l10n/po/es_ES/content/versions/2.16/guides/smallrye-graphql.adoc.po, 313, 330, 3986, 4065, 2%
l10n/po/es_ES/content/versions/2.16/guides/security-jwt.adoc.po, 275, 294, 3974, 4032, 2%
l10n/po/es_ES/content/versions/3.2/guides/rest-client-reactive.adoc.po, 216, 228, 3959, 4038, 2%
l10n/po/es_ES/content/versions/2.16/guides/redis-reference.adoc.po, 241, 248, 3950, 3959, 1%
l10n/po/es_ES/content/posts/2020/2020-04-30-insights.adoc.po, 132, 132, 3949, 3949, 0%
l10n/po/es_ES/content/versions/3.2/guides/smallrye-graphql.adoc.po, 309, 326, 3934, 4013, 2%
l10n/po/es_ES/content/versions/3.8/guides/cache.adoc.po, 220, 232, 3929, 3988, 2%
l10n/po/es_ES/content/versions/3.2/guides/security-webauthn.adoc.po, 218, 236, 3926, 4007, 3%
l10n/po/es_ES/content/versions/2.13/guides/infinispan-client.adoc.po, 230, 239, 3908, 3921, 1%
l10n/po/es_ES/content/versions/2.13/guides/smallrye-graphql.adoc.po, 310, 326, 3904, 3981, 2%
l10n/po/es_ES/content/versions/3.27/guides/gradle-tooling.adoc.po, 246, 251, 3904, 3909, 1%
l10n/po/es_ES/content/versions/3.34/guides/gradle-tooling.adoc.po, 246, 251, 3904, 3909, 1%
l10n/po/es_ES/content/versions/3.2/guides/flyway.adoc.po, 293, 299, 3889, 3903, 1%
l10n/po/es_ES/_data/versioned/3-2/index/quarkus.yaml.po, 384, 970, 3881, 4722, 18%
l10n/po/es_ES/content/versions/3.2/guides/cache.adoc.po, 218, 230, 3877, 3936, 2%
l10n/po/es_ES/content/versions/main/guides/transaction.adoc.po, 215, 218, 3875, 3878, 1%
l10n/po/es_ES/content/versions/2.13/guides/security-jwt.adoc.po, 270, 289, 3872, 3930, 2%
l10n/po/es_ES/content/versions/2.16/guides/security-webauthn.adoc.po, 199, 218, 3847, 3986, 4%
l10n/po/es_ES/content/versions/2.13/guides/security-webauthn.adoc.po, 199, 218, 3845, 3984, 4%
l10n/po/es_ES/content/versions/3.33/guides/security-authorize-web-endpoints-reference.adoc.po, 209, 213, 3845, 3852, 1%
l10n/po/es_ES/content/versions/3.34/guides/security-authorize-web-endpoints-reference.adoc.po, 209, 213, 3845, 3852, 1%
l10n/po/es_ES/content/versions/3.27/guides/security-authorize-web-endpoints-reference.adoc.po, 207, 211, 3835, 3842, 1%
l10n/po/es_ES/content/versions/3.8/guides/config-reference.adoc.po, 231, 235, 3810, 3815, 1%
l10n/po/es_ES/_data/guides-2-7.yaml.po, 410, 666, 3806, 4156, 9%
l10n/po/es_ES/content/posts/2025/2025-10-01-secure-mcp-oidc-proxy.adoc.po, 127, 128, 3764, 3765, 1%
l10n/po/es_ES/content/guides/security-keycloak-authorization.adoc.po, 331, 345, 3745, 3774, 1%
l10n/po/es_ES/content/versions/3.20/guides/gradle-tooling.adoc.po, 239, 247, 3738, 3746, 1%
l10n/po/es_ES/content/versions/3.33/guides/security-keycloak-authorization.adoc.po, 329, 345, 3720, 3778, 2%
l10n/po/es_ES/content/versions/3.34/guides/security-keycloak-authorization.adoc.po, 329, 345, 3720, 3778, 2%
l10n/po/es_ES/content/versions/3.8/guides/security-oidc-bearer-token-authentication.adoc.po, 167, 172, 3645, 3663, 1%
l10n/po/es_ES/content/versions/3.27/guides/messaging.adoc.po, 199, 203, 3631, 3637, 1%
l10n/po/es_ES/content/versions/main/guides/security-keycloak-authorization.adoc.po, 321, 335, 3630, 3659, 1%
l10n/po/es_ES/_data/versioned/2-16/index/quarkus.yaml.po, 359, 882, 3629, 4382, 18%
l10n/po/es_ES/content/versions/3.27/guides/security-keycloak-authorization.adoc.po, 321, 337, 3624, 3682, 2%
l10n/po/es_ES/content/guides/messaging.adoc.po, 198, 202, 3622, 3628, 1%
l10n/po/es_ES/content/versions/3.33/guides/messaging.adoc.po, 198, 202, 3622, 3628, 1%
l10n/po/es_ES/content/versions/3.34/guides/messaging.adoc.po, 198, 202, 3622, 3628, 1%
l10n/po/es_ES/content/versions/main/guides/messaging.adoc.po, 198, 202, 3622, 3628, 1%
l10n/po/es_ES/content/guides/security-openid-connect-multitenancy.adoc.po, 206, 218, 3621, 3656, 1%
l10n/po/es_ES/content/versions/3.33/guides/security-openid-connect-multitenancy.adoc.po, 206, 218, 3621, 3656, 1%
l10n/po/es_ES/content/versions/3.34/guides/security-openid-connect-multitenancy.adoc.po, 206, 218, 3621, 3656, 1%
l10n/po/es_ES/content/versions/main/guides/security-openid-connect-multitenancy.adoc.po, 206, 218, 3621, 3656, 1%
l10n/po/es_ES/content/versions/3.20/guides/security-keycloak-authorization.adoc.po, 318, 337, 3590, 3651, 2%
l10n/po/es_ES/content/posts/2025/2025-09-22-secure-mcp-server-oauth2.adoc.po, 129, 130, 3588, 3589, 1%
l10n/po/es_ES/_data/insights-videos.yaml.po, 929, 981, 3563, 3670, 3%
l10n/po/es_ES/content/versions/3.20/guides/security-authorize-web-endpoints-reference.adoc.po, 188, 192, 3562, 3569, 1%
l10n/po/es_ES/content/versions/2.16/guides/http-reference.adoc.po, 359, 366, 3559, 3625, 2%
l10n/po/es_ES/content/versions/3.15/guides/gradle-tooling.adoc.po, 207, 215, 3553, 3561, 1%
l10n/po/es_ES/content/posts/2023/2023-05-09-ministry-of-economy-finance-uruguay-adopts-quarkus.adoc.po, 141, 142, 3535, 3536, 1%
l10n/po/es_ES/content/guides/quartz.adoc.po, 260, 276, 3525, 3609, 3%
l10n/po/es_ES/content/versions/3.27/guides/quartz.adoc.po, 260, 276, 3525, 3609, 3%
l10n/po/es_ES/content/versions/3.33/guides/quartz.adoc.po, 260, 276, 3525, 3609, 3%
l10n/po/es_ES/content/versions/3.34/guides/quartz.adoc.po, 260, 276, 3525, 3609, 3%
l10n/po/es_ES/content/versions/main/guides/quartz.adoc.po, 260, 276, 3525, 3609, 3%
l10n/po/es_ES/content/versions/3.27/guides/security-openid-connect-multitenancy.adoc.po, 198, 210, 3505, 3540, 1%
l10n/po/es_ES/content/versions/2.16/guides/cache.adoc.po, 190, 204, 3501, 3621, 4%
l10n/po/es_ES/content/versions/main/guides/mongodb-panache.adoc.po, 174, 192, 3495, 3607, 4%
l10n/po/es_ES/content/versions/3.20/guides/mongodb-panache.adoc.po, 175, 193, 3480, 3592, 4%
l10n/po/es_ES/content/versions/3.27/guides/mongodb-panache.adoc.po, 175, 193, 3480, 3592, 4%
l10n/po/es_ES/content/guides/flyway.adoc.po, 257, 261, 3466, 3478, 1%
l10n/po/es_ES/content/versions/main/guides/flyway.adoc.po, 257, 261, 3466, 3478, 1%
l10n/po/es_ES/content/versions/3.27/guides/flyway.adoc.po, 256, 260, 3465, 3477, 1%
l10n/po/es_ES/content/versions/3.33/guides/flyway.adoc.po, 256, 260, 3465, 3477, 1%
l10n/po/es_ES/content/versions/3.34/guides/flyway.adoc.po, 256, 260, 3465, 3477, 1%
l10n/po/es_ES/content/guides/mongodb-panache.adoc.po, 174, 192, 3464, 3576, 4%
l10n/po/es_ES/content/versions/3.33/guides/mongodb-panache.adoc.po, 174, 192, 3464, 3576, 4%
l10n/po/es_ES/content/versions/3.34/guides/mongodb-panache.adoc.po, 174, 192, 3464, 3576, 4%
l10n/po/es_ES/content/versions/3.20/guides/flyway.adoc.po, 254, 260, 3463, 3477, 1%
l10n/po/es_ES/content/versions/3.8/guides/mongodb-panache.adoc.po, 174, 192, 3456, 3568, 4%
l10n/po/es_ES/content/versions/3.8/guides/gradle-tooling.adoc.po, 203, 210, 3454, 3461, 1%
l10n/po/es_ES/content/versions/3.33/guides/kubernetes-client.adoc.po, 234, 242, 3451, 3468, 1%
l10n/po/es_ES/content/versions/3.34/guides/kubernetes-client.adoc.po, 234, 242, 3451, 3468, 1%
l10n/po/es_ES/content/versions/3.15/guides/mongodb-panache.adoc.po, 174, 192, 3447, 3559, 4%
l10n/po/es_ES/content/versions/2.16/guides/flyway.adoc.po, 256, 262, 3446, 3460, 1%
l10n/po/es_ES/content/versions/3.2/guides/config-reference.adoc.po, 215, 219, 3442, 3447, 1%
l10n/po/es_ES/content/versions/3.2/guides/mongodb-panache.adoc.po, 170, 188, 3413, 3525, 4%
l10n/po/es_ES/content/versions/3.20/guides/quartz.adoc.po, 247, 266, 3383, 3470, 3%
l10n/po/es_ES/content/versions/3.27/guides/kubernetes-client.adoc.po, 225, 233, 3343, 3360, 1%
l10n/po/es_ES/content/versions/3.2/guides/gradle-tooling.adoc.po, 198, 205, 3300, 3307, 1%
l10n/po/es_ES/content/versions/2.13/guides/cache.adoc.po, 182, 196, 3292, 3412, 4%
l10n/po/es_ES/content/versions/2.13/guides/mailer-reference.adoc.po, 243, 256, 3240, 3328, 3%
l10n/po/es_ES/content/versions/2.16/guides/mailer-reference.adoc.po, 243, 256, 3240, 3328, 3%
l10n/po/es_ES/content/guides/grpc-service-consumption.adoc.po, 317, 322, 3227, 3233, 1%
l10n/po/es_ES/content/versions/3.27/guides/grpc-service-consumption.adoc.po, 317, 322, 3227, 3233, 1%
l10n/po/es_ES/content/versions/3.33/guides/grpc-service-consumption.adoc.po, 317, 322, 3227, 3233, 1%
l10n/po/es_ES/content/versions/3.34/guides/grpc-service-consumption.adoc.po, 317, 322, 3227, 3233, 1%
l10n/po/es_ES/content/versions/2.13/guides/http-reference.adoc.po, 320, 327, 3217, 3283, 3%
l10n/po/es_ES/content/guides/kubernetes-client.adoc.po, 229, 237, 3206, 3223, 1%
l10n/po/es_ES/content/versions/main/guides/kubernetes-client.adoc.po, 229, 237, 3206, 3223, 1%
l10n/po/es_ES/content/versions/2.13/guides/mongodb-panache.adoc.po, 155, 171, 3186, 3294, 4%
l10n/po/es_ES/content/versions/2.16/guides/mongodb-panache.adoc.po, 155, 171, 3186, 3294, 4%
l10n/po/es_ES/content/guides/compose-dev-services.adoc.po, 256, 269, 3185, 3200, 1%
l10n/po/es_ES/content/versions/main/guides/compose-dev-services.adoc.po, 256, 269, 3185, 3200, 1%
l10n/po/es_ES/content/versions/3.20/guides/security-openid-connect-multitenancy.adoc.po, 184, 196, 3182, 3217, 2%
l10n/po/es_ES/content/versions/3.20/guides/grpc-service-consumption.adoc.po, 308, 318, 3177, 3188, 1%
l10n/po/es_ES/content/versions/3.8/guides/security-keycloak-authorization.adoc.po, 232, 252, 3168, 3245, 3%
l10n/po/es_ES/content/versions/3.15/guides/security-openid-connect-multitenancy.adoc.po, 176, 188, 3151, 3186, 2%
l10n/po/es_ES/content/versions/3.2/guides/opentelemetry.adoc.po, 279, 293, 3133, 3181, 2%
l10n/po/es_ES/content/guides/security-vertx-oidc-to-quarkus-oidc-migration.adoc.po, 132, 134, 3130, 3134, 1%
l10n/po/es_ES/content/versions/main/guides/security-vertx-oidc-to-quarkus-oidc-migration.adoc.po, 132, 134, 3130, 3134, 1%
l10n/po/es_ES/content/versions/3.15/guides/security-keycloak-authorization.adoc.po, 248, 268, 3115, 3192, 3%
l10n/po/es_ES/content/versions/3.2/guides/security-oidc-bearer-token-authentication.adoc.po, 140, 147, 3113, 3142, 1%
l10n/po/es_ES/content/versions/3.33/guides/building-my-first-extension.adoc.po, 169, 172, 3110, 3113, 1%
l10n/po/es_ES/content/versions/3.33/guides/compose-dev-services.adoc.po, 251, 264, 3107, 3122, 1%
l10n/po/es_ES/content/versions/3.34/guides/compose-dev-services.adoc.po, 251, 264, 3107, 3122, 1%
l10n/po/es_ES/content/versions/3.8/guides/security-openid-connect-client-reference.adoc.po, 149, 154, 3107, 3117, 1%
l10n/po/es_ES/content/guides/building-my-first-extension.adoc.po, 168, 171, 3106, 3109, 1%
l10n/po/es_ES/content/versions/main/guides/building-my-first-extension.adoc.po, 168, 171, 3106, 3109, 1%
l10n/po/es_ES/content/versions/3.2/guides/security-keycloak-authorization.adoc.po, 224, 245, 3105, 3191, 3%
l10n/po/es_ES/content/versions/2.13/guides/flyway.adoc.po, 228, 234, 3103, 3117, 1%
l10n/po/es_ES/content/versions/3.27/guides/compose-dev-services.adoc.po, 248, 261, 3097, 3112, 1%
l10n/po/es_ES/content/guides/grpc-service-implementation.adoc.po, 267, 270, 3090, 3093, 1%
l10n/po/es_ES/content/versions/3.27/guides/grpc-service-implementation.adoc.po, 267, 270, 3090, 3093, 1%
l10n/po/es_ES/content/versions/3.33/guides/grpc-service-implementation.adoc.po, 267, 270, 3090, 3093, 1%
l10n/po/es_ES/content/versions/3.34/guides/grpc-service-implementation.adoc.po, 267, 270, 3090, 3093, 1%
l10n/po/es_ES/content/versions/3.27/guides/security-vertx-oidc-to-quarkus-oidc-migration.adoc.po, 130, 132, 3084, 3088, 1%
l10n/po/es_ES/content/versions/3.33/guides/security-vertx-oidc-to-quarkus-oidc-migration.adoc.po, 130, 132, 3084, 3088, 1%
l10n/po/es_ES/content/versions/3.34/guides/security-vertx-oidc-to-quarkus-oidc-migration.adoc.po, 130, 132, 3084, 3088, 1%
l10n/po/es_ES/content/guides/security-openid-connect-providers.adoc.po, 154, 157, 3074, 3079, 1%
l10n/po/es_ES/content/versions/3.33/guides/security-openid-connect-providers.adoc.po, 154, 157, 3074, 3079, 1%
l10n/po/es_ES/content/versions/main/guides/security-openid-connect-providers.adoc.po, 154, 157, 3074, 3079, 1%
l10n/po/es_ES/content/guides/databases-dev-services.adoc.po, 186, 190, 3062, 3067, 1%
l10n/po/es_ES/content/versions/3.15/guides/building-my-first-extension.adoc.po, 169, 173, 3056, 3060, 1%
l10n/po/es_ES/content/versions/3.20/guides/building-my-first-extension.adoc.po, 169, 173, 3056, 3060, 1%
l10n/po/es_ES/content/versions/3.2/guides/security-authentication-mechanisms.adoc.po, 226, 234, 3055, 3073, 1%
l10n/po/es_ES/content/guides/hibernate-reactive-panache.adoc.po, 151, 162, 3054, 3159, 4%
l10n/po/es_ES/content/versions/main/guides/hibernate-reactive-panache.adoc.po, 151, 162, 3054, 3159, 4%
l10n/po/es_ES/content/versions/3.20/guides/security-openid-connect-providers.adoc.po, 154, 157, 3049, 3054, 1%
l10n/po/es_ES/content/versions/3.34/guides/building-my-first-extension.adoc.po, 168, 171, 3047, 3050, 1%
l10n/po/es_ES/content/versions/3.27/guides/building-my-first-extension.adoc.po, 168, 171, 3044, 3047, 1%
l10n/po/es_ES/content/versions/main/guides/databases-dev-services.adoc.po, 186, 190, 3041, 3046, 1%
l10n/po/es_ES/content/posts/2023-11-02-mandrel-23-0-image-size-increase.md.po, 122, 124, 3038, 3040, 1%
l10n/po/es_ES/content/posts/2023/2023-11-02-mandrel-23-0-image-size-increase.md.po, 122, 124, 3038, 3040, 1%
l10n/po/es_ES/content/versions/3.2/guides/security-openid-connect-dev-services.adoc.po, 104, 110, 3038, 3051, 1%
l10n/po/es_ES/content/versions/2.13/guides/building-my-first-extension.adoc.po, 169, 173, 3037, 3041, 1%
l10n/po/es_ES/content/versions/2.16/guides/building-my-first-extension.adoc.po, 169, 173, 3037, 3041, 1%
l10n/po/es_ES/content/versions/3.2/guides/building-my-first-extension.adoc.po, 169, 173, 3037, 3041, 1%
l10n/po/es_ES/content/versions/3.8/guides/building-my-first-extension.adoc.po, 169, 173, 3037, 3041, 1%
l10n/po/es_ES/content/versions/2.16/guides/rest-client-reactive.adoc.po, 171, 183, 3034, 3113, 3%
l10n/po/es_ES/content/versions/3.27/guides/security-openid-connect-providers.adoc.po, 154, 157, 3029, 3034, 1%
l10n/po/es_ES/content/versions/3.34/guides/security-openid-connect-providers.adoc.po, 154, 157, 3029, 3034, 1%
l10n/po/es_ES/content/guides/elasticsearch.adoc.po, 218, 230, 3016, 3048, 2%
l10n/po/es_ES/content/versions/3.33/guides/elasticsearch.adoc.po, 218, 230, 3016, 3048, 2%
l10n/po/es_ES/content/versions/3.34/guides/elasticsearch.adoc.po, 218, 230, 3016, 3048, 2%
l10n/po/es_ES/content/versions/main/guides/elasticsearch.adoc.po, 218, 230, 3016, 3048, 2%
l10n/po/es_ES/content/guides/validation.adoc.po, 156, 169, 3014, 3088, 3%
l10n/po/es_ES/content/versions/3.27/guides/validation.adoc.po, 156, 169, 3014, 3088, 3%
l10n/po/es_ES/content/versions/3.33/guides/validation.adoc.po, 156, 169, 3014, 3088, 3%
l10n/po/es_ES/content/versions/3.34/guides/validation.adoc.po, 156, 169, 3014, 3088, 3%
l10n/po/es_ES/content/versions/main/guides/validation.adoc.po, 156, 169, 3014, 3088, 3%
l10n/po/es_ES/content/guides/continuous-testing.adoc.po, 182, 224, 3010, 3623, 17%
l10n/po/es_ES/content/versions/main/guides/continuous-testing.adoc.po, 182, 224, 3010, 3623, 17%
l10n/po/es_ES/content/versions/3.27/guides/continuous-testing.adoc.po, 182, 225, 3009, 3624, 17%
l10n/po/es_ES/content/versions/3.33/guides/continuous-testing.adoc.po, 182, 225, 3009, 3624, 17%
l10n/po/es_ES/content/versions/2.13/guides/redis-reference.adoc.po, 187, 193, 3008, 3016, 1%
l10n/po/es_ES/content/versions/3.34/guides/continuous-testing.adoc.po, 181, 224, 3008, 3623, 17%
l10n/po/es_ES/content/versions/2.16/guides/security-openid-connect-dev-services.adoc.po, 104, 108, 3001, 3007, 1%
l10n/po/es_ES/content/versions/3.20/guides/dev-ui.adoc.po, 230, 232, 2999, 3001, 1%
l10n/po/es_ES/content/versions/3.27/guides/elasticsearch.adoc.po, 214, 226, 2991, 3023, 2%
l10n/po/es_ES/content/versions/3.20/guides/elasticsearch.adoc.po, 211, 226, 2988, 3023, 2%
l10n/po/es_ES/content/guides/virtual-threads.adoc.po, 146, 146, 2987, 2987, 0%
l10n/po/es_ES/content/versions/3.33/guides/virtual-threads.adoc.po, 146, 146, 2987, 2987, 0%
l10n/po/es_ES/content/versions/3.34/guides/virtual-threads.adoc.po, 146, 146, 2987, 2987, 0%
l10n/po/es_ES/content/versions/main/guides/virtual-threads.adoc.po, 146, 146, 2987, 2987, 0%
l10n/po/es_ES/content/guides/smallrye-health.adoc.po, 188, 203, 2962, 3039, 3%
l10n/po/es_ES/content/versions/3.33/guides/smallrye-health.adoc.po, 188, 203, 2962, 3039, 3%
l10n/po/es_ES/content/versions/3.34/guides/smallrye-health.adoc.po, 188, 203, 2962, 3039, 3%
l10n/po/es_ES/content/versions/3.15/guides/security-openid-connect-dev-services.adoc.po, 105, 111, 2956, 2969, 1%
l10n/po/es_ES/content/versions/3.8/guides/security-openid-connect-dev-services.adoc.po, 105, 111, 2956, 2969, 1%
l10n/po/es_ES/content/versions/2.16/guides/security-keycloak-authorization.adoc.po, 220, 240, 2948, 3031, 3%
l10n/po/es_ES/content/versions/3.15/guides/quartz.adoc.po, 233, 252, 2948, 3035, 3%
l10n/po/es_ES/content/versions/3.20/guides/grpc-service-implementation.adoc.po, 261, 266, 2946, 2951, 1%
l10n/po/es_ES/content/versions/3.15/guides/dev-ui.adoc.po, 227, 229, 2933, 2935, 1%
l10n/po/es_ES/content/versions/3.20/guides/messaging.adoc.po, 163, 167, 2933, 2939, 1%
l10n/po/es_ES/content/versions/3.34/guides/hibernate-reactive-panache.adoc.po, 141, 152, 2924, 3029, 4%
l10n/po/es_ES/content/versions/2.13/guides/security-keycloak-authorization.adoc.po, 217, 237, 2908, 2991, 3%
l10n/po/es_ES/content/versions/3.33/guides/hibernate-reactive-panache.adoc.po, 140, 151, 2906, 3011, 4%
l10n/po/es_ES/content/versions/3.27/guides/smallrye-health.adoc.po, 183, 198, 2899, 2976, 3%
l10n/po/es_ES/content/guides/scheduler-reference.adoc.po, 169, 174, 2897, 2903, 1%
l10n/po/es_ES/content/versions/3.20/guides/smallrye-health.adoc.po, 181, 198, 2897, 2976, 3%
l10n/po/es_ES/content/versions/main/guides/scheduler-reference.adoc.po, 169, 174, 2897, 2903, 1%
l10n/po/es_ES/content/versions/3.20/guides/virtual-threads.adoc.po, 140, 140, 2895, 2895, 0%
l10n/po/es_ES/content/versions/3.27/guides/virtual-threads.adoc.po, 140, 140, 2895, 2895, 0%
l10n/po/es_ES/content/versions/3.20/guides/kubernetes-client.adoc.po, 200, 210, 2892, 2911, 1%
l10n/po/es_ES/content/posts/2024/2024-03-27-oidc-proxy.adoc.po, 100, 102, 2891, 2894, 1%
l10n/po/es_ES/content/versions/3.8/guides/security-openid-connect-providers.adoc.po, 149, 152, 2885, 2890, 1%
l10n/po/es_ES/content/posts/2025/2025-07-23-secure-mcp-oidc-client.adoc.po, 148, 149, 2883, 2884, 1%
l10n/po/es_ES/content/versions/3.15/guides/elasticsearch.adoc.po, 207, 222, 2883, 2918, 2%
l10n/po/es_ES/content/versions/3.15/guides/grpc-service-implementation.adoc.po, 261, 266, 2879, 2884, 1%
l10n/po/es_ES/content/versions/3.15/guides/cassandra.adoc.po, 156, 160, 2876, 2906, 2%
l10n/po/es_ES/content/versions/3.20/guides/cassandra.adoc.po, 156, 160, 2876, 2906, 2%
l10n/po/es_ES/content/versions/3.27/guides/cassandra.adoc.po, 156, 160, 2876, 2906, 2%
l10n/po/es_ES/content/versions/2.16/guides/cassandra.adoc.po, 156, 160, 2874, 2904, 2%
l10n/po/es_ES/content/versions/3.2/guides/cassandra.adoc.po, 156, 160, 2874, 2904, 2%
l10n/po/es_ES/content/versions/3.8/guides/cassandra.adoc.po, 156, 160, 2874, 2904, 2%
l10n/po/es_ES/content/versions/2.16/guides/security-openid-connect-client-reference.adoc.po, 140, 143, 2864, 2867, 1%
l10n/po/es_ES/content/guides/cassandra.adoc.po, 154, 158, 2858, 2888, 2%
l10n/po/es_ES/content/versions/3.33/guides/cassandra.adoc.po, 154, 158, 2858, 2888, 2%
l10n/po/es_ES/content/versions/3.34/guides/cassandra.adoc.po, 154, 158, 2858, 2888, 2%
l10n/po/es_ES/content/versions/main/guides/cassandra.adoc.po, 154, 158, 2858, 2888, 2%
l10n/po/es_ES/content/versions/3.15/guides/security-openid-connect-providers.adoc.po, 146, 149, 2857, 2862, 1%
l10n/po/es_ES/content/versions/3.20/guides/validation.adoc.po, 154, 168, 2850, 2925, 3%
l10n/po/es_ES/content/guides/vertx-reference.adoc.po, 310, 547, 2848, 5947, 53%
l10n/po/es_ES/content/versions/3.33/guides/vertx-reference.adoc.po, 309, 547, 2845, 5947, 53%
l10n/po/es_ES/content/versions/3.34/guides/vertx-reference.adoc.po, 309, 547, 2845, 5947, 53%
l10n/po/es_ES/content/versions/3.33/guides/databases-dev-services.adoc.po, 178, 182, 2832, 2837, 1%
l10n/po/es_ES/content/versions/3.34/guides/databases-dev-services.adoc.po, 178, 182, 2832, 2837, 1%
l10n/po/es_ES/content/versions/3.8/guides/quartz.adoc.po, 233, 251, 2832, 2918, 3%
l10n/po/es_ES/content/versions/3.2/guides/security-openid-connect-client-reference.adoc.po, 138, 143, 2831, 2841, 1%
l10n/po/es_ES/content/versions/main/guides/cdi-integration.adoc.po, 157, 157, 2830, 2830, 0%
l10n/po/es_ES/content/posts/2026/2026-03-05-leyden-2.adoc.po, 179, 186, 2816, 2881, 3%
l10n/po/es_ES/content/versions/3.15/guides/kubernetes-client.adoc.po, 202, 212, 2816, 2835, 1%
l10n/po/es_ES/content/versions/3.15/guides/security-authorize-web-endpoints-reference.adoc.po, 155, 159, 2814, 2821, 1%
l10n/po/es_ES/content/versions/main/guides/signals.adoc.po, 187, 191, 2812, 2817, 1%
l10n/po/es_ES/content/versions/main/guides/smallrye-health.adoc.po, 177, 192, 2804, 2881, 3%
l10n/po/es_ES/content/versions/3.27/guides/vertx-reference.adoc.po, 303, 541, 2801, 5903, 53%
l10n/po/es_ES/content/versions/3.20/guides/vertx-reference.adoc.po, 299, 541, 2799, 5905, 53%
l10n/po/es_ES/content/versions/3.15/guides/virtual-threads.adoc.po, 134, 134, 2792, 2792, 0%
l10n/po/es_ES/content/versions/3.8/guides/virtual-threads.adoc.po, 134, 134, 2790, 2790, 0%
l10n/po/es_ES/content/guides/resteasy.adoc.po, 164, 172, 2786, 2810, 1%
l10n/po/es_ES/content/versions/3.20/guides/resteasy.adoc.po, 164, 172, 2786, 2810, 1%
l10n/po/es_ES/content/versions/3.27/guides/resteasy.adoc.po, 164, 172, 2786, 2810, 1%
l10n/po/es_ES/content/versions/3.33/guides/resteasy.adoc.po, 164, 172, 2786, 2810, 1%
l10n/po/es_ES/content/versions/3.34/guides/resteasy.adoc.po, 164, 172, 2786, 2810, 1%
l10n/po/es_ES/content/versions/main/guides/resteasy.adoc.po, 164, 172, 2786, 2810, 1%
l10n/po/es_ES/content/versions/3.27/guides/databases-dev-services.adoc.po, 171, 175, 2781, 2786, 1%
l10n/po/es_ES/content/versions/3.2/guides/resteasy.adoc.po, 155, 163, 2771, 2795, 1%
l10n/po/es_ES/content/versions/2.13/guides/rest-client-reactive.adoc.po, 158, 170, 2769, 2848, 3%
l10n/po/es_ES/content/versions/3.15/guides/resteasy.adoc.po, 163, 171, 2756, 2780, 1%
l10n/po/es_ES/content/versions/3.2/guides/quartz.adoc.po, 227, 245, 2751, 2837, 4%
l10n/po/es_ES/content/versions/2.13/guides/resteasy.adoc.po, 154, 162, 2749, 2773, 1%
l10n/po/es_ES/content/versions/2.16/guides/resteasy.adoc.po, 154, 162, 2749, 2773, 1%
l10n/po/es_ES/content/versions/3.2/guides/kubernetes-client.adoc.po, 205, 216, 2749, 2769, 1%
l10n/po/es_ES/content/versions/3.8/guides/resteasy.adoc.po, 163, 171, 2749, 2773, 1%
l10n/po/es_ES/content/versions/3.15/guides/validation.adoc.po, 153, 167, 2744, 2819, 3%
l10n/po/es_ES/content/versions/3.8/guides/kubernetes-client.adoc.po, 205, 216, 2744, 2764, 1%
l10n/po/es_ES/content/posts/2021/2021-09-13-decathlon-user-story.adoc.po, 82, 83, 2742, 2744, 1%
l10n/po/es_ES/content/versions/3.2/guides/dev-ui-v2.adoc.po, 215, 218, 2729, 2733, 1%
l10n/po/es_ES/content/versions/2.13/guides/security-openid-connect-dev-services.adoc.po, 98, 102, 2722, 2728, 1%
l10n/po/es_ES/content/versions/3.15/guides/smallrye-health.adoc.po, 174, 191, 2715, 2794, 3%
l10n/po/es_ES/content/versions/3.33/guides/scheduler-reference.adoc.po, 158, 162, 2715, 2720, 1%
l10n/po/es_ES/content/versions/3.34/guides/scheduler-reference.adoc.po, 158, 162, 2715, 2720, 1%
l10n/po/es_ES/content/versions/3.27/guides/scheduler-reference.adoc.po, 155, 159, 2713, 2718, 1%
l10n/po/es_ES/content/versions/3.8/guides/dev-ui.adoc.po, 216, 218, 2713, 2715, 1%
l10n/po/es_ES/content/versions/3.15/guides/messaging.adoc.po, 155, 159, 2711, 2717, 1%
l10n/po/es_ES/content/versions/3.20/guides/scheduler-reference.adoc.po, 153, 159, 2711, 2718, 1%
l10n/po/es_ES/content/versions/3.8/guides/grpc-service-implementation.adoc.po, 251, 256, 2711, 2716, 1%
l10n/po/es_ES/content/versions/3.15/guides/hibernate-reactive-panache.adoc.po, 132, 143, 2702, 2807, 4%
l10n/po/es_ES/content/versions/3.20/guides/hibernate-reactive-panache.adoc.po, 132, 143, 2702, 2807, 4%
l10n/po/es_ES/content/versions/3.27/guides/hibernate-reactive-panache.adoc.po, 132, 143, 2702, 2807, 4%
l10n/po/es_ES/content/posts/2021/2021-06-08-quarkus-deploys-apps-on-openshift.adoc.po, 114, 117, 2691, 2694, 1%
l10n/po/es_ES/content/versions/3.15/guides/vertx-reference.adoc.po, 300, 526, 2690, 5653, 53%
l10n/po/es_ES/content/versions/3.8/guides/validation.adoc.po, 151, 165, 2688, 2763, 3%
l10n/po/es_ES/content/versions/3.8/guides/infinispan-dev-services.adoc.po, 135, 141, 2683, 2690, 1%
l10n/po/es_ES/content/posts/2025/2025-10-31-quarkus-a2a-cloud-enhancements.adoc.po, 117, 118, 2669, 2670, 1%
l10n/po/es_ES/content/versions/3.8/guides/hibernate-reactive-panache.adoc.po, 130, 141, 2663, 2768, 4%
l10n/po/es_ES/content/guides/cdi-integration.adoc.po, 152, 152, 2651, 2651, 0%
l10n/po/es_ES/content/versions/3.33/guides/cdi-integration.adoc.po, 152, 152, 2651, 2651, 0%
l10n/po/es_ES/content/versions/3.34/guides/cdi-integration.adoc.po, 152, 152, 2651, 2651, 0%
l10n/po/es_ES/content/versions/3.20/guides/cdi-integration.adoc.po, 152, 152, 2648, 2648, 0%
l10n/po/es_ES/content/versions/3.27/guides/cdi-integration.adoc.po, 152, 152, 2648, 2648, 0%
l10n/po/es_ES/content/versions/2.16/guides/validation.adoc.po, 142, 155, 2638, 2704, 3%
l10n/po/es_ES/content/versions/3.2/guides/validation.adoc.po, 148, 161, 2628, 2694, 3%
l10n/po/es_ES/content/versions/3.20/guides/databases-dev-services.adoc.po, 162, 168, 2628, 2635, 1%
l10n/po/es_ES/content/versions/3.8/guides/smallrye-health.adoc.po, 170, 187, 2627, 2706, 3%
l10n/po/es_ES/content/versions/main/guides/grpc-service-consumption.adoc.po, 231, 236, 2623, 2629, 1%
l10n/po/es_ES/content/versions/main/guides/quarkus-data-hibernate.adoc.po, 215, 216, 2604, 2605, 1%
l10n/po/es_ES/content/versions/3.2/guides/smallrye-health.adoc.po, 167, 184, 2598, 2677, 3%
l10n/po/es_ES/content/versions/3.8/guides/security-authorize-web-endpoints-reference.adoc.po, 141, 145, 2597, 2604, 1%
l10n/po/es_ES/content/guides/quarkus-data-hibernate.adoc.po, 214, 215, 2594, 2595, 1%
l10n/po/es_ES/content/guides/hibernate-orm-panache.adoc.po, 137, 148, 2573, 2684, 5%
l10n/po/es_ES/content/versions/main/guides/hibernate-orm-panache.adoc.po, 137, 148, 2573, 2684, 5%
l10n/po/es_ES/content/versions/2.13/guides/cassandra.adoc.po, 139, 143, 2565, 2595, 2%
l10n/po/es_ES/content/versions/main/guides/security-openid-connect-client-registration.adoc.po, 188, 195, 2553, 2566, 1%
l10n/po/es_ES/content/versions/3.2/guides/hibernate-reactive-panache.adoc.po, 125, 136, 2548, 2653, 4%
l10n/po/es_ES/content/versions/2.13/guides/security-openid-connect-client-reference.adoc.po, 132, 135, 2544, 2547, 1%
l10n/po/es_ES/content/versions/main/guides/vertx-reference.adoc.po, 179, 386, 2543, 5056, 50%
l10n/po/es_ES/content/versions/main/guides/opentelemetry-tracing.adoc.po, 196, 208, 2538, 2584, 2%
l10n/po/es_ES/content/versions/3.34/guides/hibernate-orm-panache.adoc.po, 135, 146, 2530, 2641, 5%
l10n/po/es_ES/content/versions/2.13/guides/gradle-tooling.adoc.po, 156, 165, 2517, 2585, 3%
l10n/po/es_ES/content/versions/2.16/guides/gradle-tooling.adoc.po, 156, 165, 2517, 2585, 3%
l10n/po/es_ES/content/versions/3.33/guides/hibernate-orm-panache.adoc.po, 134, 145, 2512, 2623, 5%
l10n/po/es_ES/content/guides/security-openid-connect-client-registration.adoc.po, 187, 194, 2511, 2524, 1%
l10n/po/es_ES/content/versions/3.34/guides/security-openid-connect-client-registration.adoc.po, 187, 194, 2511, 2524, 1%
l10n/po/es_ES/content/guides/opentelemetry-tracing.adoc.po, 194, 206, 2503, 2549, 2%
l10n/po/es_ES/content/versions/2.16/guides/quartz.adoc.po, 211, 231, 2503, 2650, 6%
l10n/po/es_ES/content/versions/3.27/guides/security-openid-connect-client-registration.adoc.po, 193, 200, 2493, 2506, 1%
l10n/po/es_ES/content/versions/3.15/guides/databases-dev-services.adoc.po, 154, 159, 2488, 2494, 1%
l10n/po/es_ES/content/posts/2023/2023-09-19-virtual-thread-1.adoc.po, 65, 65, 2480, 2480, 0%
l10n/po/es_ES/content/versions/3.20/guides/transaction.adoc.po, 106, 106, 2474, 2474, 0%
l10n/po/es_ES/content/versions/3.34/guides/transaction.adoc.po, 106, 106, 2474, 2474, 0%
l10n/po/es_ES/content/versions/3.27/guides/transaction.adoc.po, 106, 106, 2473, 2473, 0%
l10n/po/es_ES/content/versions/3.33/guides/transaction.adoc.po, 106, 106, 2473, 2473, 0%
l10n/po/es_ES/content/versions/3.2/guides/infinispan-dev-services.adoc.po, 128, 134, 2465, 2472, 1%
l10n/po/es_ES/content/versions/3.8/guides/databases-dev-services.adoc.po, 154, 159, 2462, 2468, 1%
l10n/po/es_ES/content/versions/3.20/guides/continuous-testing.adoc.po, 161, 204, 2452, 3113, 22%
l10n/po/es_ES/content/versions/3.20/guides/security-openid-connect-client-registration.adoc.po, 187, 197, 2438, 2454, 1%
l10n/po/es_ES/content/versions/2.13/guides/validation.adoc.po, 131, 144, 2435, 2501, 3%
l10n/po/es_ES/content/versions/3.2/guides/databases-dev-services.adoc.po, 154, 158, 2434, 2439, 1%
l10n/po/es_ES/content/versions/3.33/guides/security-openid-connect-client-registration.adoc.po, 179, 186, 2431, 2444, 1%
l10n/po/es_ES/content/versions/2.16/guides/kubernetes-client.adoc.po, 187, 200, 2425, 2506, 4%
l10n/po/es_ES/content/versions/3.2/guides/cdi-integration.adoc.po, 142, 142, 2421, 2421, 0%
l10n/po/es_ES/content/versions/3.15/guides/scheduler-reference.adoc.po, 140, 146, 2418, 2425, 1%
l10n/po/es_ES/content/versions/3.27/guides/writing-native-applications-tips.adoc.po, 110, 110, 2417, 2417, 0%
l10n/po/es_ES/content/versions/3.15/guides/transaction.adoc.po, 104, 104, 2413, 2413, 0%
l10n/po/es_ES/content/versions/3.2/guides/transaction.adoc.po, 104, 104, 2413, 2413, 0%
l10n/po/es_ES/content/versions/3.8/guides/transaction.adoc.po, 104, 104, 2413, 2413, 0%
l10n/po/es_ES/content/versions/3.15/guides/hibernate-orm-panache.adoc.po, 127, 138, 2409, 2520, 5%
l10n/po/es_ES/content/versions/3.20/guides/hibernate-orm-panache.adoc.po, 127, 138, 2409, 2520, 5%
l10n/po/es_ES/content/versions/3.27/guides/hibernate-orm-panache.adoc.po, 127, 138, 2409, 2520, 5%
l10n/po/es_ES/content/versions/3.15/guides/cdi-integration.adoc.po, 143, 143, 2403, 2403, 0%
l10n/po/es_ES/content/guides/writing-native-applications-tips.adoc.po, 109, 109, 2402, 2402, 0%
l10n/po/es_ES/content/versions/3.33/guides/writing-native-applications-tips.adoc.po, 109, 109, 2402, 2402, 0%
l10n/po/es_ES/content/versions/3.34/guides/writing-native-applications-tips.adoc.po, 109, 109, 2402, 2402, 0%
l10n/po/es_ES/content/versions/main/guides/writing-native-applications-tips.adoc.po, 109, 109, 2402, 2402, 0%
l10n/po/es_ES/content/posts/2023/2023-04-26-quarkus-3-0-final-released.adoc.po, 148, 154, 2391, 2416, 2%
l10n/po/es_ES/content/versions/3.8/guides/cdi-integration.adoc.po, 142, 142, 2390, 2390, 0%
l10n/po/es_ES/content/versions/3.8/guides/writing-native-applications-tips.adoc.po, 106, 106, 2390, 2390, 0%
l10n/po/es_ES/content/versions/2.16/guides/config-reference.adoc.po, 167, 171, 2386, 2391, 1%
l10n/po/es_ES/content/versions/3.2/guides/doc-reference.adoc.po, 277, 302, 2380, 2405, 2%
l10n/po/es_ES/content/versions/3.20/guides/writing-native-applications-tips.adoc.po, 107, 107, 2380, 2380, 0%
l10n/po/es_ES/content/versions/3.33/guides/opentelemetry-tracing.adoc.po, 177, 189, 2380, 2426, 2%
l10n/po/es_ES/content/versions/3.34/guides/opentelemetry-tracing.adoc.po, 177, 189, 2380, 2426, 2%
l10n/po/es_ES/content/versions/3.2/guides/grpc-service-implementation.adoc.po, 218, 223, 2368, 2373, 1%
l10n/po/es_ES/content/versions/3.2/guides/hibernate-orm-panache.adoc.po, 124, 135, 2366, 2477, 5%
l10n/po/es_ES/content/versions/2.13/guides/config-reference.adoc.po, 163, 167, 2364, 2369, 1%
l10n/po/es_ES/content/versions/3.15/guides/doc-reference.adoc.po, 275, 300, 2361, 2386, 2%
l10n/po/es_ES/content/versions/3.20/guides/doc-reference.adoc.po, 275, 300, 2361, 2386, 2%
l10n/po/es_ES/content/versions/3.27/guides/doc-reference.adoc.po, 275, 300, 2361, 2386, 2%
l10n/po/es_ES/content/versions/3.33/guides/doc-reference.adoc.po, 275, 300, 2361, 2386, 2%
l10n/po/es_ES/content/versions/3.34/guides/doc-reference.adoc.po, 275, 300, 2361, 2386, 2%
l10n/po/es_ES/content/versions/3.8/guides/doc-reference.adoc.po, 275, 300, 2361, 2386, 2%
l10n/po/es_ES/content/versions/3.8/guides/security-openid-connect-multitenancy.adoc.po, 138, 150, 2359, 2394, 2%
l10n/po/es_ES/content/versions/3.8/guides/hibernate-orm-panache.adoc.po, 124, 135, 2356, 2467, 5%
l10n/po/es_ES/content/versions/2.16/guides/smallrye-health.adoc.po, 158, 175, 2350, 2429, 4%
l10n/po/es_ES/content/versions/3.15/guides/writing-native-applications-tips.adoc.po, 104, 104, 2348, 2348, 0%
l10n/po/es_ES/content/versions/2.16/guides/security-overview-concept.adoc.po, 136, 140, 2331, 2355, 2%
l10n/po/es_ES/content/posts/2026/2026-06-01-quarkus-insights-249-coding-agents.adoc.po, 233, 234, 2322, 2324, 1%
l10n/po/es_ES/content/versions/2.13/guides/security.adoc.po, 135, 139, 2315, 2339, 2%
l10n/po/es_ES/content/posts/2026/2026-02-24-leyden-1.adoc.po, 110, 117, 2314, 2379, 3%
l10n/po/es_ES/content/versions/2.13/guides/hibernate-orm-panache.adoc.po, 122, 133, 2310, 2421, 5%
l10n/po/es_ES/content/versions/2.13/guides/hibernate-reactive-panache.adoc.po, 119, 129, 2310, 2414, 5%
l10n/po/es_ES/content/versions/2.16/guides/hibernate-reactive-panache.adoc.po, 119, 129, 2310, 2414, 5%
l10n/po/es_ES/content/guides/doc-reference.adoc.po, 256, 258, 2304, 2306, 1%
l10n/po/es_ES/content/versions/2.16/guides/hibernate-orm-panache.adoc.po, 122, 133, 2304, 2415, 5%
l10n/po/es_ES/content/versions/main/guides/doc-reference.adoc.po, 256, 258, 2304, 2306, 1%
l10n/po/es_ES/content/versions/2.13/guides/smallrye-health.adoc.po, 154, 171, 2293, 2372, 4%
l10n/po/es_ES/content/versions/3.2/guides/writing-native-applications-tips.adoc.po, 101, 101, 2279, 2279, 0%
l10n/po/es_ES/content/posts/2025/2025-05-21-secure-mcp-client.adoc.po, 110, 111, 2274, 2275, 1%
l10n/po/es_ES/content/posts/2022/2022-04-05-camel-quarkus-effortless-apis.adoc.po, 101, 102, 2272, 2273, 1%
l10n/po/es_ES/content/posts/2024/2024-08-19-quarkus-metaprogramming.adoc.po, 53, 53, 2268, 2268, 0%
l10n/po/es_ES/content/versions/2.13/guides/optaplanner.adoc.po, 133, 139, 2264, 2306, 2%
l10n/po/es_ES/content/versions/2.16/guides/optaplanner.adoc.po, 133, 139, 2264, 2306, 2%
l10n/po/es_ES/content/versions/2.13/guides/writing-native-applications-tips.adoc.po, 100, 100, 2258, 2258, 0%
l10n/po/es_ES/content/versions/2.16/guides/writing-native-applications-tips.adoc.po, 100, 100, 2258, 2258, 0%
l10n/po/es_ES/content/versions/3.8/guides/continuous-testing.adoc.po, 142, 185, 2256, 2917, 23%
l10n/po/es_ES/content/versions/3.2/guides/optaplanner.adoc.po, 133, 139, 2253, 2295, 2%
l10n/po/es_ES/content/versions/2.16/guides/cdi-integration.adoc.po, 133, 133, 2243, 2243, 0%
l10n/po/es_ES/content/posts/2025/2025-03-13-gemini-personal-assistant.adoc.po, 102, 105, 2217, 2220, 1%
l10n/po/es_ES/content/versions/3.2/guides/continuous-testing.adoc.po, 138, 181, 2213, 2874, 23%
l10n/po/es_ES/content/versions/3.8/guides/grpc-service-consumption.adoc.po, 238, 248, 2212, 2223, 1%
l10n/po/es_ES/content/versions/3.15/guides/continuous-testing.adoc.po, 137, 180, 2210, 2871, 24%
l10n/po/es_ES/content/versions/2.13/guides/cdi-integration.adoc.po, 130, 130, 2204, 2204, 0%
l10n/po/es_ES/content/versions/2.13/guides/class-loading-reference.adoc.po, 85, 87, 2201, 2203, 1%
l10n/po/es_ES/content/versions/2.16/guides/class-loading-reference.adoc.po, 85, 87, 2201, 2203, 1%
l10n/po/es_ES/content/guides/class-loading-reference.adoc.po, 93, 95, 2195, 2197, 1%
l10n/po/es_ES/content/versions/3.20/guides/class-loading-reference.adoc.po, 93, 95, 2195, 2197, 1%
l10n/po/es_ES/content/versions/3.27/guides/class-loading-reference.adoc.po, 93, 95, 2195, 2197, 1%
l10n/po/es_ES/content/versions/3.33/guides/class-loading-reference.adoc.po, 93, 95, 2195, 2197, 1%
l10n/po/es_ES/content/versions/3.34/guides/class-loading-reference.adoc.po, 93, 95, 2195, 2197, 1%
l10n/po/es_ES/content/versions/main/guides/class-loading-reference.adoc.po, 93, 95, 2195, 2197, 1%
l10n/po/es_ES/content/versions/3.2/guides/grpc-service-consumption.adoc.po, 234, 244, 2189, 2200, 1%
l10n/po/es_ES/content/versions/3.15/guides/class-loading-reference.adoc.po, 93, 95, 2187, 2189, 1%
l10n/po/es_ES/content/guides/jfr.adoc.po, 128, 138, 2184, 2219, 2%
l10n/po/es_ES/content/versions/3.33/guides/jfr.adoc.po, 128, 138, 2184, 2219, 2%
l10n/po/es_ES/content/versions/3.34/guides/jfr.adoc.po, 128, 138, 2184, 2219, 2%
l10n/po/es_ES/content/versions/main/guides/jfr.adoc.po, 128, 138, 2184, 2219, 2%
l10n/po/es_ES/content/guides/infinispan-dev-services.adoc.po, 120, 125, 2183, 2190, 1%
l10n/po/es_ES/content/versions/3.33/guides/infinispan-dev-services.adoc.po, 120, 125, 2183, 2190, 1%
l10n/po/es_ES/content/versions/3.34/guides/infinispan-dev-services.adoc.po, 120, 125, 2183, 2190, 1%
l10n/po/es_ES/content/posts/2026/2026-03-02-new-benchmarks.adoc.po, 37, 37, 2182, 2182, 0%
l10n/po/es_ES/content/posts/2024/2024-10-16-quarkiverse-and-smallrye-new-release-process.adoc.po, 76, 76, 2181, 2181, 0%
l10n/po/es_ES/content/versions/3.8/guides/class-loading-reference.adoc.po, 93, 95, 2173, 2175, 1%
l10n/po/es_ES/content/posts/2023/2023-09-11-live-diff-and-update-using-idea.adoc.po, 92, 93, 2158, 2159, 1%
l10n/po/es_ES/content/versions/3.2/guides/class-loading-reference.adoc.po, 92, 94, 2158, 2160, 1%
l10n/po/es_ES/content/versions/main/guides/platform.adoc.po, 109, 110, 2157, 2158, 1%
l10n/po/es_ES/content/guides/platform.adoc.po, 109, 110, 2147, 2148, 1%
l10n/po/es_ES/content/versions/3.34/guides/hibernate-panache-next.adoc.po, 162, 163, 2121, 2122, 1%
l10n/po/es_ES/content/posts/2020/2020-11-02-quarkus-native-on-a-raspberry-pi.adoc.po, 145, 147, 2119, 2121, 1%
l10n/po/es_ES/content/versions/3.33/guides/hibernate-panache-next.adoc.po, 162, 163, 2112, 2113, 1%
l10n/po/es_ES/content/versions/2.13/guides/vertx-reference.adoc.po, 294, 443, 2090, 3971, 48%
l10n/po/es_ES/content/versions/2.16/guides/vertx-reference.adoc.po, 294, 443, 2090, 3971, 48%
l10n/po/es_ES/content/versions/2.16/guides/grpc-service-implementation.adoc.po, 191, 198, 2089, 2155, 4%
l10n/po/es_ES/content/posts/2026/2026-07-23-to-cache-or-not-to-cache-virtual-threads.adoc.po, 97, 98, 2082, 2083, 1%
l10n/po/es_ES/content/versions/main/guides/infinispan-dev-services.adoc.po, 109, 114, 2079, 2086, 1%
l10n/po/es_ES/content/versions/3.27/guides/infinispan-dev-services.adoc.po, 108, 113, 2078, 2085, 1%
l10n/po/es_ES/content/versions/3.27/guides/jfr.adoc.po, 120, 130, 2073, 2108, 2%
l10n/po/es_ES/content/posts/2022/2022-02-22-quarkus-superheroes-to-the-rescue.adoc.po, 87, 88, 2069, 2070, 1%
l10n/po/es_ES/content/guides/jreleaser.adoc.po, 68, 72, 2068, 2074, 1%
l10n/po/es_ES/content/versions/3.27/guides/jreleaser.adoc.po, 68, 72, 2068, 2074, 1%
l10n/po/es_ES/content/versions/3.33/guides/jreleaser.adoc.po, 68, 72, 2068, 2074, 1%
l10n/po/es_ES/content/versions/3.34/guides/jreleaser.adoc.po, 68, 72, 2068, 2074, 1%
l10n/po/es_ES/content/versions/main/guides/jreleaser.adoc.po, 68, 72, 2068, 2074, 1%
l10n/po/es_ES/content/versions/3.20/guides/infinispan-dev-services.adoc.po, 105, 111, 2061, 2069, 1%
l10n/po/es_ES/content/posts/2021/2021-02-10-resteasy-reactive-faq.adoc.po, 54, 55, 2058, 2059, 1%
l10n/po/es_ES/content/versions/3.15/guides/smallrye-fault-tolerance.adoc.po, 95, 104, 2053, 2122, 4%
l10n/po/es_ES/content/guides/qute.adoc.po, 116, 192, 2051, 3229, 37%
l10n/po/es_ES/content/versions/main/guides/qute.adoc.po, 116, 192, 2051, 3229, 37%
l10n/po/es_ES/content/versions/3.15/guides/infinispan-dev-services.adoc.po, 106, 111, 2050, 2056, 1%
l10n/po/es_ES/content/guides/centralized-log-management.adoc.po, 172, 181, 2046, 2056, 1%
l10n/po/es_ES/content/versions/3.27/guides/centralized-log-management.adoc.po, 172, 181, 2046, 2056, 1%
l10n/po/es_ES/content/versions/3.33/guides/centralized-log-management.adoc.po, 172, 181, 2046, 2056, 1%
l10n/po/es_ES/content/versions/3.34/guides/centralized-log-management.adoc.po, 172, 181, 2046, 2056, 1%
l10n/po/es_ES/content/versions/main/guides/centralized-log-management.adoc.po, 172, 181, 2046, 2056, 1%
l10n/po/es_ES/content/versions/2.13/guides/jreleaser.adoc.po, 67, 71, 2044, 2050, 1%
l10n/po/es_ES/content/versions/2.16/guides/jreleaser.adoc.po, 67, 71, 2044, 2050, 1%
l10n/po/es_ES/content/versions/3.20/guides/centralized-log-management.adoc.po, 168, 181, 2042, 2056, 1%
l10n/po/es_ES/content/versions/3.15/guides/jreleaser.adoc.po, 67, 71, 2041, 2047, 1%
l10n/po/es_ES/content/versions/3.2/guides/jreleaser.adoc.po, 67, 71, 2041, 2047, 1%
l10n/po/es_ES/content/versions/3.20/guides/jreleaser.adoc.po, 67, 71, 2041, 2047, 1%
l10n/po/es_ES/content/versions/3.8/guides/jreleaser.adoc.po, 67, 71, 2041, 2047, 1%
l10n/po/es_ES/content/versions/3.20/guides/cdi.adoc.po, 108, 109, 2029, 2030, 1%
l10n/po/es_ES/content/versions/3.27/guides/cdi.adoc.po, 108, 109, 2029, 2030, 1%
l10n/po/es_ES/content/guides/cdi.adoc.po, 108, 109, 2027, 2028, 1%
l10n/po/es_ES/content/versions/2.16/guides/cdi.adoc.po, 107, 108, 2027, 2028, 1%
l10n/po/es_ES/content/versions/3.33/guides/cdi.adoc.po, 108, 109, 2027, 2028, 1%
l10n/po/es_ES/content/versions/3.34/guides/cdi.adoc.po, 108, 109, 2027, 2028, 1%
l10n/po/es_ES/content/versions/main/guides/cdi.adoc.po, 108, 109, 2027, 2028, 1%
l10n/po/es_ES/content/posts/2023/2023-12-04-testing-quarkus-with-citrus.adoc.po, 68, 68, 2026, 2026, 0%
l10n/po/es_ES/content/versions/2.13/guides/cdi.adoc.po, 107, 108, 2023, 2024, 1%
l10n/po/es_ES/content/versions/2.16/guides/grpc-service-consumption.adoc.po, 195, 204, 2020, 2089, 4%
l10n/po/es_ES/content/versions/3.27/guides/opentelemetry-tracing.adoc.po, 157, 169, 2020, 2066, 3%
l10n/po/es_ES/content/versions/2.16/guides/continuous-testing.adoc.po, 123, 168, 2018, 2740, 27%
l10n/po/es_ES/content/versions/3.20/guides/opentelemetry-tracing.adoc.po, 157, 169, 2018, 2064, 3%
l10n/po/es_ES/content/guides/rabbitmq-reference.adoc.po, 199, 251, 2015, 2368, 15%
l10n/po/es_ES/content/versions/3.15/guides/rabbitmq-reference.adoc.po, 199, 251, 2015, 2368, 15%
l10n/po/es_ES/content/versions/3.20/guides/rabbitmq-reference.adoc.po, 199, 251, 2015, 2368, 15%
l10n/po/es_ES/content/versions/3.27/guides/rabbitmq-reference.adoc.po, 199, 251, 2015, 2368, 15%
l10n/po/es_ES/content/versions/3.33/guides/rabbitmq-reference.adoc.po, 199, 251, 2015, 2368, 15%
l10n/po/es_ES/content/versions/3.34/guides/rabbitmq-reference.adoc.po, 199, 251, 2015, 2368, 15%
l10n/po/es_ES/content/versions/main/guides/rabbitmq-reference.adoc.po, 199, 251, 2015, 2368, 15%
l10n/po/es_ES/content/versions/3.15/guides/cdi.adoc.po, 107, 108, 2014, 2015, 1%
l10n/po/es_ES/content/guides/kafka-streams.adoc.po, 209, 336, 2013, 4327, 54%
l10n/po/es_ES/content/versions/main/guides/kafka-streams.adoc.po, 209, 336, 2013, 4327, 54%
l10n/po/es_ES/content/versions/2.16/guides/security-built-in-authentication-support-concept.adoc.po, 119, 127, 2011, 2131, 6%
l10n/po/es_ES/content/guides/kafka-schema-registry-avro.adoc.po, 124, 135, 2010, 2080, 4%
l10n/po/es_ES/content/versions/main/guides/kafka-schema-registry-avro.adoc.po, 124, 135, 2010, 2080, 4%
l10n/po/es_ES/content/versions/2.16/guides/doc-reference.adoc.po, 250, 276, 2008, 2034, 2%
l10n/po/es_ES/content/versions/3.15/guides/doc-contribute-docs-howto.adoc.po, 136, 137, 2004, 2005, 1%
l10n/po/es_ES/content/versions/3.2/guides/doc-contribute-docs-howto.adoc.po, 136, 137, 2004, 2005, 1%
l10n/po/es_ES/content/versions/3.20/guides/doc-contribute-docs-howto.adoc.po, 136, 137, 2004, 2005, 1%
l10n/po/es_ES/content/versions/3.27/guides/doc-contribute-docs-howto.adoc.po, 136, 137, 2004, 2005, 1%
l10n/po/es_ES/content/versions/3.8/guides/doc-contribute-docs-howto.adoc.po, 136, 137, 2004, 2005, 1%
l10n/po/es_ES/content/versions/3.33/guides/doc-contribute-docs-howto.adoc.po, 136, 137, 2003, 2004, 1%
l10n/po/es_ES/content/versions/3.34/guides/doc-contribute-docs-howto.adoc.po, 136, 137, 2003, 2004, 1%
l10n/po/es_ES/content/guides/software-transactional-memory.adoc.po, 45, 45, 1999, 1999, 0%
l10n/po/es_ES/content/versions/2.13/guides/software-transactional-memory.adoc.po, 45, 45, 1999, 1999, 0%
l10n/po/es_ES/content/versions/2.16/guides/opentelemetry.adoc.po, 150, 165, 1999, 2107, 6%
l10n/po/es_ES/content/versions/2.16/guides/software-transactional-memory.adoc.po, 45, 45, 1999, 1999, 0%
l10n/po/es_ES/content/versions/3.15/guides/software-transactional-memory.adoc.po, 45, 45, 1999, 1999, 0%
l10n/po/es_ES/content/versions/3.2/guides/software-transactional-memory.adoc.po, 45, 45, 1999, 1999, 0%
l10n/po/es_ES/content/versions/3.20/guides/software-transactional-memory.adoc.po, 45, 45, 1999, 1999, 0%
l10n/po/es_ES/content/versions/3.27/guides/software-transactional-memory.adoc.po, 45, 45, 1999, 1999, 0%
l10n/po/es_ES/content/versions/3.33/guides/software-transactional-memory.adoc.po, 45, 45, 1999, 1999, 0%
l10n/po/es_ES/content/versions/3.34/guides/software-transactional-memory.adoc.po, 45, 45, 1999, 1999, 0%
l10n/po/es_ES/content/versions/3.8/guides/software-transactional-memory.adoc.po, 45, 45, 1999, 1999, 0%
l10n/po/es_ES/content/versions/main/guides/software-transactional-memory.adoc.po, 45, 45, 1999, 1999, 0%
l10n/po/es_ES/content/versions/main/guides/reactive-routes.adoc.po, 152, 153, 1992, 2001, 1%
l10n/po/es_ES/content/versions/2.13/guides/security-built-in-authentication.adoc.po, 125, 137, 1986, 2129, 7%
l10n/po/es_ES/content/versions/3.2/guides/cdi.adoc.po, 107, 108, 1985, 1986, 1%
l10n/po/es_ES/content/versions/3.8/guides/cdi.adoc.po, 107, 108, 1983, 1984, 1%
l10n/po/es_ES/content/versions/3.8/guides/rabbitmq-reference.adoc.po, 197, 248, 1982, 2333, 16%
l10n/po/es_ES/content/versions/3.8/guides/scheduler-reference.adoc.po, 113, 119, 1976, 1983, 1%
l10n/po/es_ES/content/posts/2026/2026-06-10-when-the-jit-cant-keep-up.adoc.po, 70, 70, 1971, 1971, 0%
l10n/po/es_ES/content/versions/3.2/guides/security-openid-connect-multitenancy.adoc.po, 111, 126, 1965, 2047, 5%
l10n/po/es_ES/content/guides/reactive-routes.adoc.po, 151, 152, 1963, 1972, 1%
l10n/po/es_ES/content/posts/2021/2021-09-01-using-lra.adoc.po, 77, 78, 1963, 1964, 1%
l10n/po/es_ES/content/versions/3.15/guides/reactive-routes.adoc.po, 151, 152, 1963, 1972, 1%
l10n/po/es_ES/content/versions/3.20/guides/reactive-routes.adoc.po, 151, 152, 1963, 1972, 1%
l10n/po/es_ES/content/versions/3.27/guides/reactive-routes.adoc.po, 151, 152, 1963, 1972, 1%
l10n/po/es_ES/content/versions/3.33/guides/reactive-routes.adoc.po, 151, 152, 1963, 1972, 1%
l10n/po/es_ES/content/versions/3.34/guides/reactive-routes.adoc.po, 151, 152, 1963, 1972, 1%
l10n/po/es_ES/content/versions/3.8/guides/reactive-routes.adoc.po, 151, 152, 1963, 1972, 1%
l10n/po/es_ES/content/posts/2026/2026-06-08-quarkus-insights-250-quarkus-data.adoc.po, 117, 117, 1962, 1962, 0%
l10n/po/es_ES/content/versions/2.13/guides/opentelemetry.adoc.po, 142, 157, 1956, 2064, 6%
l10n/po/es_ES/content/guides/signals.adoc.po, 143, 147, 1945, 1950, 1%
l10n/po/es_ES/content/posts/2026/2026-06-30-quarkus-insights-253-build-analytics.adoc.po, 98, 98, 1942, 1942, 0%
l10n/po/es_ES/content/versions/2.13/guides/elasticsearch.adoc.po, 147, 163, 1942, 2036, 5%
l10n/po/es_ES/content/versions/2.16/guides/elasticsearch.adoc.po, 147, 163, 1942, 2036, 5%
l10n/po/es_ES/content/versions/2.13/guides/continuous-testing.adoc.po, 115, 160, 1934, 2656, 28%
l10n/po/es_ES/content/versions/main/guides/quarkus-data-hibernate-getting-started.adoc.po, 92, 98, 1927, 1934, 1%
l10n/po/es_ES/content/versions/3.15/guides/opentelemetry-tracing.adoc.po, 155, 166, 1926, 1971, 3%
l10n/po/es_ES/content/posts/2026/2026-07-14-quarkus-insights-254-ddd-hexagonal-architecture-part2.adoc.po, 87, 87, 1925, 1925, 0%
l10n/po/es_ES/content/versions/3.2/guides/security-authorize-web-endpoints-reference.adoc.po, 108, 112, 1924, 1931, 1%
l10n/po/es_ES/content/versions/3.8/guides/vertx-reference.adoc.po, 262, 480, 1924, 4727, 60%
l10n/po/es_ES/content/versions/2.16/guides/rabbitmq-reference.adoc.po, 194, 243, 1923, 2254, 15%
l10n/po/es_ES/content/versions/3.2/guides/rabbitmq-reference.adoc.po, 194, 243, 1923, 2254, 15%
l10n/po/es_ES/content/versions/3.2/guides/rest-client.adoc.po, 108, 120, 1923, 2001, 4%
l10n/po/es_ES/content/versions/3.2/guides/vertx-reference.adoc.po, 272, 463, 1923, 4380, 57%
l10n/po/es_ES/content/guides/mutiny-primer.adoc.po, 124, 125, 1921, 1922, 1%
l10n/po/es_ES/content/versions/2.13/guides/mutiny-primer.adoc.po, 125, 126, 1921, 1922, 1%
l10n/po/es_ES/content/versions/3.15/guides/mutiny-primer.adoc.po, 124, 125, 1921, 1922, 1%
l10n/po/es_ES/content/versions/3.20/guides/mutiny-primer.adoc.po, 124, 125, 1921, 1922, 1%
l10n/po/es_ES/content/versions/3.27/guides/mutiny-primer.adoc.po, 124, 125, 1921, 1922, 1%
l10n/po/es_ES/content/versions/3.33/guides/mutiny-primer.adoc.po, 124, 125, 1921, 1922, 1%
l10n/po/es_ES/content/versions/3.34/guides/mutiny-primer.adoc.po, 124, 125, 1921, 1922, 1%
l10n/po/es_ES/content/versions/main/guides/mutiny-primer.adoc.po, 124, 125, 1921, 1922, 1%
l10n/po/es_ES/content/versions/2.16/guides/mutiny-primer.adoc.po, 124, 125, 1918, 1919, 1%
l10n/po/es_ES/content/versions/3.2/guides/mutiny-primer.adoc.po, 124, 125, 1918, 1919, 1%
l10n/po/es_ES/content/versions/3.8/guides/mutiny-primer.adoc.po, 124, 125, 1918, 1919, 1%
l10n/po/es_ES/content/versions/3.33/guides/qute.adoc.po, 109, 186, 1912, 3093, 39%
l10n/po/es_ES/content/versions/3.34/guides/qute.adoc.po, 109, 186, 1912, 3093, 39%
l10n/po/es_ES/content/versions/2.13/guides/reactive-routes.adoc.po, 149, 150, 1910, 1919, 1%
l10n/po/es_ES/content/versions/2.16/guides/reactive-routes.adoc.po, 149, 150, 1910, 1919, 1%
l10n/po/es_ES/content/versions/3.2/guides/reactive-routes.adoc.po, 149, 150, 1910, 1919, 1%
l10n/po/es_ES/content/versions/2.13/guides/quartz.adoc.po, 171, 190, 1905, 2051, 8%
l10n/po/es_ES/content/guides/security-csrf-prevention.adoc.po, 129, 139, 1903, 1937, 2%
l10n/po/es_ES/content/versions/3.33/guides/security-csrf-prevention.adoc.po, 129, 139, 1903, 1937, 2%
l10n/po/es_ES/content/versions/3.34/guides/security-csrf-prevention.adoc.po, 129, 139, 1903, 1937, 2%
l10n/po/es_ES/content/versions/main/guides/security-csrf-prevention.adoc.po, 129, 139, 1903, 1937, 2%
l10n/po/es_ES/content/versions/3.20/guides/jfr.adoc.po, 107, 118, 1902, 1938, 2%
l10n/po/es_ES/content/guides/doc-contribute-docs-howto.adoc.po, 123, 124, 1901, 1902, 1%
l10n/po/es_ES/content/versions/main/guides/doc-contribute-docs-howto.adoc.po, 123, 124, 1901, 1902, 1%
l10n/po/es_ES/content/versions/3.2/guides/scheduler-reference.adoc.po, 113, 119, 1894, 1901, 1%
l10n/po/es_ES/content/versions/3.33/guides/kafka-streams.adoc.po, 207, 336, 1894, 4327, 57%
l10n/po/es_ES/content/versions/3.34/guides/kafka-streams.adoc.po, 207, 336, 1894, 4327, 57%
l10n/po/es_ES/content/versions/2.16/guides/transaction.adoc.po, 77, 79, 1889, 1950, 4%
l10n/po/es_ES/content/versions/2.13/guides/virtual-threads.adoc.po, 77, 77, 1888, 1888, 0%
l10n/po/es_ES/content/versions/2.16/guides/virtual-threads.adoc.po, 77, 77, 1888, 1888, 0%
l10n/po/es_ES/content/versions/3.2/guides/virtual-threads.adoc.po, 77, 77, 1888, 1888, 0%
l10n/po/es_ES/content/versions/2.13/guides/grpc-service-implementation.adoc.po, 179, 186, 1886, 1952, 4%
l10n/po/es_ES/content/posts/2022/2022-05-31-banco-do-brasil-open-banking-user-story.adoc.po, 80, 81, 1884, 1886, 1%
l10n/po/es_ES/content/versions/3.15/guides/jfr.adoc.po, 106, 117, 1879, 1915, 2%
l10n/po/es_ES/content/versions/3.2/guides/opentracing.adoc.po, 165, 180, 1876, 1925, 3%
l10n/po/es_ES/content/versions/3.15/guides/centralized-log-management.adoc.po, 159, 172, 1875, 1889, 1%
l10n/po/es_ES/content/versions/2.13/guides/grpc-service-consumption.adoc.po, 174, 183, 1870, 1939, 4%
l10n/po/es_ES/content/versions/main/guides/opentelemetry-metrics.adoc.po, 183, 194, 1869, 1914, 3%
l10n/po/es_ES/content/guides/azure-functions-http.adoc.po, 150, 163, 1859, 1898, 3%
l10n/po/es_ES/content/versions/3.33/guides/azure-functions-http.adoc.po, 150, 163, 1859, 1898, 3%
l10n/po/es_ES/content/versions/3.34/guides/azure-functions-http.adoc.po, 150, 163, 1859, 1898, 3%
l10n/po/es_ES/content/versions/main/guides/azure-functions-http.adoc.po, 150, 163, 1859, 1898, 3%
l10n/po/es_ES/content/versions/3.33/guides/kafka-schema-registry-avro.adoc.po, 116, 127, 1853, 1923, 4%
l10n/po/es_ES/content/versions/3.34/guides/kafka-schema-registry-avro.adoc.po, 116, 127, 1853, 1923, 4%
l10n/po/es_ES/content/versions/3.8/guides/elasticsearch.adoc.po, 153, 168, 1843, 1878, 2%
l10n/po/es_ES/content/posts/2026/2026-05-04-semeru-scc.adoc.po, 117, 125, 1841, 1907, 4%
l10n/po/es_ES/content/posts/2023/2023-06-23-quarkus-cli.adoc.po, 88, 88, 1834, 1834, 0%
l10n/po/es_ES/content/versions/3.8/guides/centralized-log-management.adoc.po, 159, 172, 1832, 1846, 1%
l10n/po/es_ES/content/versions/3.2/guides/elasticsearch.adoc.po, 151, 166, 1831, 1866, 2%
l10n/po/es_ES/content/guides/azure-functions.adoc.po, 150, 162, 1828, 1864, 2%
l10n/po/es_ES/content/versions/2.16/guides/databases-dev-services.adoc.po, 126, 130, 1828, 1833, 1%
l10n/po/es_ES/content/versions/3.15/guides/qute.adoc.po, 99, 167, 1828, 2701, 33%
l10n/po/es_ES/content/versions/3.33/guides/azure-functions.adoc.po, 150, 162, 1828, 1864, 2%
l10n/po/es_ES/content/versions/3.34/guides/azure-functions.adoc.po, 150, 162, 1828, 1864, 2%
l10n/po/es_ES/content/versions/main/guides/azure-functions.adoc.po, 150, 162, 1828, 1864, 2%
l10n/po/es_ES/content/guides/opentelemetry-metrics.adoc.po, 180, 191, 1826, 1871, 3%
l10n/po/es_ES/content/guides/rabbitmq-dev-services.adoc.po, 134, 146, 1823, 1872, 3%
l10n/po/es_ES/content/versions/3.27/guides/rabbitmq-dev-services.adoc.po, 134, 146, 1823, 1872, 3%
l10n/po/es_ES/content/versions/3.33/guides/rabbitmq-dev-services.adoc.po, 134, 146, 1823, 1872, 3%
l10n/po/es_ES/content/versions/3.34/guides/rabbitmq-dev-services.adoc.po, 134, 146, 1823, 1872, 3%
l10n/po/es_ES/content/versions/main/guides/rabbitmq-dev-services.adoc.po, 134, 146, 1823, 1872, 3%
l10n/po/es_ES/content/versions/3.20/guides/rabbitmq-dev-services.adoc.po, 132, 146, 1821, 1872, 3%
l10n/po/es_ES/content/versions/3.27/guides/kafka-streams.adoc.po, 205, 336, 1818, 4331, 59%
l10n/po/es_ES/content/posts/2020/2020-05-06-sedona-rewrites-insurance-premium.adoc.po, 50, 50, 1811, 1811, 0%
l10n/po/es_ES/content/versions/2.13/guides/transaction.adoc.po, 72, 74, 1802, 1863, 4%
l10n/po/es_ES/content/versions/3.27/guides/security-getting-started-tutorial.adoc.po, 122, 129, 1800, 1812, 1%
l10n/po/es_ES/content/versions/3.33/guides/opentelemetry-metrics.adoc.po, 178, 189, 1800, 1845, 3%
l10n/po/es_ES/content/versions/3.33/guides/security-getting-started-tutorial.adoc.po, 122, 129, 1800, 1812, 1%
l10n/po/es_ES/content/versions/3.34/guides/opentelemetry-metrics.adoc.po, 178, 189, 1800, 1845, 3%
l10n/po/es_ES/content/versions/3.34/guides/security-getting-started-tutorial.adoc.po, 122, 129, 1800, 1812, 1%
l10n/po/es_ES/content/guides/security-getting-started-tutorial.adoc.po, 122, 129, 1797, 1809, 1%
l10n/po/es_ES/content/guides/security-openid-connect-client.adoc.po, 124, 136, 1797, 1855, 4%
l10n/po/es_ES/content/versions/3.33/guides/security-openid-connect-client.adoc.po, 124, 136, 1797, 1855, 4%
l10n/po/es_ES/content/versions/main/guides/security-getting-started-tutorial.adoc.po, 122, 129, 1797, 1809, 1%
l10n/po/es_ES/content/versions/main/guides/security-openid-connect-client.adoc.po, 124, 136, 1797, 1855, 4%
l10n/po/es_ES/content/versions/3.27/guides/opentelemetry-metrics.adoc.po, 178, 189, 1792, 1837, 3%
l10n/po/es_ES/content/posts/2026/2026-06-23-mmaler-blogpost-3-quarkus-unpacked-foojay-podcast.adoc.po, 62, 63, 1787, 1790, 1%
l10n/po/es_ES/content/versions/2.13/guides/opentracing.adoc.po, 158, 175, 1781, 1891, 6%
l10n/po/es_ES/content/versions/2.16/guides/opentracing.adoc.po, 158, 175, 1781, 1891, 6%
l10n/po/es_ES/content/versions/main/guides/observability-devservices-lgtm.adoc.po, 158, 161, 1779, 1784, 1%
l10n/po/es_ES/content/versions/3.27/guides/security-csrf-prevention.adoc.po, 124, 134, 1778, 1812, 2%
l10n/po/es_ES/content/versions/3.20/guides/security-csrf-prevention.adoc.po, 122, 134, 1776, 1812, 2%
l10n/po/es_ES/content/versions/2.16/guides/rest-client.adoc.po, 101, 113, 1772, 1850, 5%
l10n/po/es_ES/content/posts/2023-11-08-mandrel-23-1-image-size-increase.md.po, 89, 91, 1769, 1771, 1%
l10n/po/es_ES/content/posts/2023/2023-11-08-mandrel-23-1-image-size-increase.md.po, 89, 91, 1769, 1771, 1%
l10n/po/es_ES/content/versions/2.13/guides/rabbitmq-reference.adoc.po, 175, 224, 1763, 2094, 16%
l10n/po/es_ES/content/versions/3.27/guides/qute.adoc.po, 98, 175, 1759, 2940, 41%
l10n/po/es_ES/content/guides/tests-with-coverage.adoc.po, 140, 149, 1757, 1766, 1%
l10n/po/es_ES/content/versions/3.33/guides/tests-with-coverage.adoc.po, 140, 149, 1757, 1766, 1%
l10n/po/es_ES/content/versions/3.34/guides/tests-with-coverage.adoc.po, 140, 149, 1757, 1766, 1%
l10n/po/es_ES/content/versions/main/guides/tests-with-coverage.adoc.po, 140, 149, 1757, 1766, 1%
l10n/po/es_ES/content/posts/2025/2025-04-28-secure-mcp-sse-server.adoc.po, 98, 100, 1753, 1755, 1%
l10n/po/es_ES/content/guides/security-oauth2.adoc.po, 122, 134, 1751, 1812, 4%
l10n/po/es_ES/content/versions/3.27/guides/security-oauth2.adoc.po, 122, 134, 1751, 1812, 4%
l10n/po/es_ES/content/versions/3.33/guides/security-oauth2.adoc.po, 122, 134, 1751, 1812, 4%
l10n/po/es_ES/content/versions/3.34/guides/security-oauth2.adoc.po, 122, 134, 1751, 1812, 4%
l10n/po/es_ES/content/versions/main/guides/security-oauth2.adoc.po, 122, 134, 1751, 1812, 4%
l10n/po/es_ES/content/versions/3.15/guides/security-csrf-prevention.adoc.po, 122, 134, 1749, 1785, 3%
l10n/po/es_ES/content/versions/3.20/guides/kafka-streams.adoc.po, 200, 332, 1744, 4258, 60%
l10n/po/es_ES/content/versions/main/guides/cli-tooling.adoc.po, 142, 171, 1744, 2145, 19%
l10n/po/es_ES/content/versions/3.8/guides/qute.adoc.po, 97, 155, 1739, 2463, 30%
l10n/po/es_ES/content/posts/2020/2020-10-05-contributing-for-the-first-time.adoc.po, 76, 77, 1733, 1734, 1%
l10n/po/es_ES/content/versions/main/guides/extension-codestart.adoc.po, 136, 141, 1733, 1739, 1%
l10n/po/es_ES/content/versions/3.15/guides/resteasy-client.adoc.po, 98, 110, 1730, 1808, 5%
l10n/po/es_ES/content/versions/3.8/guides/resteasy-client.adoc.po, 98, 110, 1728, 1806, 5%
l10n/po/es_ES/content/versions/3.33/guides/kafka-dev-services.adoc.po, 100, 117, 1726, 1834, 6%
l10n/po/es_ES/content/versions/3.34/guides/kafka-dev-services.adoc.po, 100, 117, 1726, 1834, 6%
l10n/po/es_ES/content/versions/3.15/guides/liquibase.adoc.po, 168, 184, 1724, 1834, 6%
l10n/po/es_ES/content/versions/3.8/guides/security-csrf-prevention.adoc.po, 122, 134, 1718, 1754, 3%
l10n/po/es_ES/content/versions/main/guides/config-mappings.adoc.po, 119, 121, 1712, 1714, 1%
l10n/po/es_ES/content/posts/2026/2026-05-22-introducing-voting-pattern.adoc.po, 46, 46, 1711, 1711, 0%
l10n/po/es_ES/content/versions/3.15/guides/kafka-streams.adoc.po, 201, 332, 1709, 4178, 60%
l10n/po/es_ES/content/posts/2025/2025-11-12-agentic-ai-patterns.adoc.po, 30, 30, 1708, 1708, 0%
l10n/po/es_ES/content/versions/2.13/guides/rest-client.adoc.po, 98, 110, 1703, 1781, 5%
l10n/po/es_ES/content/guides/extension-codestart.adoc.po, 135, 140, 1698, 1704, 1%
l10n/po/es_ES/content/versions/3.33/guides/extension-codestart.adoc.po, 135, 140, 1698, 1704, 1%
l10n/po/es_ES/content/versions/3.20/guides/extension-codestart.adoc.po, 135, 140, 1697, 1703, 1%
l10n/po/es_ES/content/versions/3.27/guides/extension-codestart.adoc.po, 135, 140, 1697, 1703, 1%
l10n/po/es_ES/content/versions/3.34/guides/extension-codestart.adoc.po, 135, 140, 1697, 1703, 1%
l10n/po/es_ES/content/guides/getting-started-reactive.adoc.po, 78, 80, 1692, 1695, 1%
l10n/po/es_ES/content/versions/main/guides/getting-started-reactive.adoc.po, 78, 80, 1692, 1695, 1%
l10n/po/es_ES/content/guides/kafka-dev-services.adoc.po, 100, 117, 1691, 1799, 7%
l10n/po/es_ES/content/versions/main/guides/kafka-dev-services.adoc.po, 100, 117, 1691, 1799, 7%
l10n/po/es_ES/content/versions/3.20/guides/security-getting-started-tutorial.adoc.po, 112, 119, 1686, 1698, 1%
l10n/po/es_ES/content/guides/cli-tooling.adoc.po, 140, 169, 1685, 2086, 20%
l10n/po/es_ES/content/posts/2020/2020-03-16-ennovativesolutions-uses-quarkus-with-aws-lambda.adoc.po, 58, 58, 1685, 1685, 0%
l10n/po/es_ES/content/versions/3.27/guides/cli-tooling.adoc.po, 140, 169, 1685, 2086, 20%
l10n/po/es_ES/content/versions/3.33/guides/cli-tooling.adoc.po, 140, 169, 1685, 2086, 20%
l10n/po/es_ES/content/versions/3.34/guides/cli-tooling.adoc.po, 140, 169, 1685, 2086, 20%
l10n/po/es_ES/content/guides/security-jdbc.adoc.po, 153, 169, 1684, 1763, 5%
l10n/po/es_ES/content/versions/3.27/guides/security-jdbc.adoc.po, 153, 169, 1684, 1763, 5%
l10n/po/es_ES/content/versions/3.33/guides/security-jdbc.adoc.po, 153, 169, 1684, 1763, 5%
l10n/po/es_ES/content/versions/3.34/guides/security-jdbc.adoc.po, 153, 169, 1684, 1763, 5%
l10n/po/es_ES/content/versions/main/guides/security-jdbc.adoc.po, 153, 169, 1684, 1763, 5%
l10n/po/es_ES/content/versions/3.15/guides/rest-json.adoc.po, 102, 111, 1682, 1743, 4%
l10n/po/es_ES/content/versions/3.20/guides/rest-json.adoc.po, 102, 111, 1682, 1743, 4%
l10n/po/es_ES/content/versions/3.20/guides/security-jdbc.adoc.po, 151, 169, 1682, 1763, 5%
l10n/po/es_ES/content/versions/3.27/guides/rest-json.adoc.po, 102, 111, 1682, 1743, 4%
l10n/po/es_ES/content/versions/3.33/guides/rest-json.adoc.po, 102, 111, 1682, 1743, 4%
l10n/po/es_ES/content/versions/3.34/guides/rest-json.adoc.po, 102, 111, 1682, 1743, 4%
l10n/po/es_ES/content/guides/rest-json.adoc.po, 101, 111, 1678, 1743, 4%
l10n/po/es_ES/content/versions/main/guides/rest-json.adoc.po, 101, 111, 1678, 1743, 4%
l10n/po/es_ES/content/guides/proxy-registry.adoc.po, 153, 159, 1676, 1685, 1%
l10n/po/es_ES/content/versions/main/guides/proxy-registry.adoc.po, 153, 159, 1676, 1685, 1%
l10n/po/es_ES/content/versions/2.13/guides/kubernetes-client.adoc.po, 150, 161, 1675, 1754, 5%
l10n/po/es_ES/content/versions/3.8/guides/kafka-streams.adoc.po, 203, 332, 1674, 4093, 60%
l10n/po/es_ES/content/posts/2026/2026-08-03-quarkus-insights-255-faster-leaner-predictable-quarkus.adoc.po, 49, 49, 1670, 1670, 0%
l10n/po/es_ES/content/versions/2.13/guides/getting-started-reactive.adoc.po, 76, 78, 1670, 1673, 1%
l10n/po/es_ES/content/versions/2.16/guides/getting-started-reactive.adoc.po, 76, 78, 1670, 1673, 1%
l10n/po/es_ES/content/versions/3.15/guides/security-getting-started-tutorial.adoc.po, 110, 117, 1670, 1682, 1%
l10n/po/es_ES/content/versions/2.16/guides/security-jwt-build.adoc.po, 109, 113, 1669, 1673, 1%
l10n/po/es_ES/content/versions/2.13/guides/security-jwt-build.adoc.po, 109, 113, 1668, 1672, 1%
l10n/po/es_ES/content/versions/main/guides/security-cors.adoc.po, 102, 106, 1666, 1672, 1%
l10n/po/es_ES/content/versions/3.27/guides/kafka-dev-services.adoc.po, 96, 113, 1663, 1771, 7%
l10n/po/es_ES/content/posts/2026/2026-09-14-quarkus-insights-259-reshapr.adoc.po, 55, 55, 1662, 1662, 0%
l10n/po/es_ES/content/guides/security-jwt-build.adoc.po, 128, 134, 1659, 1670, 1%
l10n/po/es_ES/content/versions/3.20/guides/security-jwt-build.adoc.po, 128, 134, 1659, 1670, 1%
l10n/po/es_ES/content/versions/3.27/guides/security-jwt-build.adoc.po, 128, 134, 1659, 1670, 1%
l10n/po/es_ES/content/versions/3.33/guides/security-jwt-build.adoc.po, 128, 134, 1659, 1670, 1%
l10n/po/es_ES/content/versions/3.34/guides/security-jwt-build.adoc.po, 128, 134, 1659, 1670, 1%
l10n/po/es_ES/content/versions/main/guides/grpc-service-implementation.adoc.po, 125, 128, 1659, 1662, 1%
l10n/po/es_ES/content/versions/main/guides/security-jwt-build.adoc.po, 128, 134, 1659, 1670, 1%
l10n/po/es_ES/content/versions/3.15/guides/getting-started-reactive.adoc.po, 76, 78, 1657, 1660, 1%
l10n/po/es_ES/content/versions/3.20/guides/getting-started-reactive.adoc.po, 76, 78, 1657, 1660, 1%
l10n/po/es_ES/content/versions/3.27/guides/getting-started-reactive.adoc.po, 76, 78, 1657, 1660, 1%
l10n/po/es_ES/content/versions/3.33/guides/cyclonedx.adoc.po, 88, 93, 1657, 1663, 1%
l10n/po/es_ES/content/versions/3.33/guides/getting-started-reactive.adoc.po, 76, 78, 1657, 1660, 1%
l10n/po/es_ES/content/versions/3.34/guides/getting-started-reactive.adoc.po, 76, 78, 1657, 1660, 1%
l10n/po/es_ES/content/versions/3.15/guides/security-jwt-build.adoc.po, 107, 113, 1656, 1667, 1%
l10n/po/es_ES/content/versions/3.2/guides/security-jwt-build.adoc.po, 107, 113, 1656, 1667, 1%
l10n/po/es_ES/content/versions/3.8/guides/security-jwt-build.adoc.po, 107, 113, 1656, 1667, 1%
l10n/po/es_ES/content/versions/3.15/guides/security-openid-connect-client.adoc.po, 113, 125, 1654, 1712, 4%
l10n/po/es_ES/content/versions/3.2/guides/getting-started-reactive.adoc.po, 76, 78, 1654, 1657, 1%
l10n/po/es_ES/content/versions/3.20/guides/security-openid-connect-client.adoc.po, 113, 125, 1654, 1712, 4%
l10n/po/es_ES/content/versions/3.27/guides/security-openid-connect-client.adoc.po, 113, 125, 1654, 1712, 4%
l10n/po/es_ES/content/versions/3.8/guides/getting-started-reactive.adoc.po, 76, 78, 1654, 1657, 1%
l10n/po/es_ES/content/guides/rest-data-panache.adoc.po, 111, 113, 1651, 1653, 1%
l10n/po/es_ES/content/versions/3.33/guides/rest-data-panache.adoc.po, 111, 113, 1651, 1653, 1%
l10n/po/es_ES/content/versions/3.34/guides/rest-data-panache.adoc.po, 111, 113, 1651, 1653, 1%
l10n/po/es_ES/content/versions/3.8/guides/smallrye-fault-tolerance.adoc.po, 83, 92, 1651, 1720, 5%
l10n/po/es_ES/content/versions/main/guides/rest-data-panache.adoc.po, 111, 113, 1651, 1653, 1%
l10n/po/es_ES/content/versions/3.34/guides/security-openid-connect-client.adoc.po, 112, 124, 1648, 1706, 4%
l10n/po/es_ES/content/versions/2.13/guides/centralized-log-management.adoc.po, 144, 157, 1647, 1661, 1%
l10n/po/es_ES/content/versions/2.16/guides/centralized-log-management.adoc.po, 144, 157, 1647, 1661, 1%
l10n/po/es_ES/content/posts/2026/2026-06-23-quarkus-insights-252-performance-engineering-lessons.adoc.po, 60, 60, 1646, 1646, 0%
l10n/po/es_ES/content/versions/2.13/guides/kogito.adoc.po, 113, 124, 1646, 1693, 3%
l10n/po/es_ES/content/versions/2.16/guides/kogito.adoc.po, 113, 124, 1646, 1693, 3%
l10n/po/es_ES/content/versions/3.2/guides/centralized-log-management.adoc.po, 144, 157, 1644, 1658, 1%
l10n/po/es_ES/content/guides/elasticsearch-dev-services.adoc.po, 83, 101, 1643, 1737, 6%
l10n/po/es_ES/content/versions/3.2/guides/kafka-streams.adoc.po, 200, 329, 1643, 4062, 60%
l10n/po/es_ES/content/versions/3.27/guides/elasticsearch-dev-services.adoc.po, 83, 101, 1643, 1737, 6%
l10n/po/es_ES/content/versions/3.33/guides/elasticsearch-dev-services.adoc.po, 83, 101, 1643, 1737, 6%
l10n/po/es_ES/content/versions/3.34/guides/elasticsearch-dev-services.adoc.po, 83, 101, 1643, 1737, 6%
l10n/po/es_ES/content/versions/main/guides/elasticsearch-dev-services.adoc.po, 83, 101, 1643, 1737, 6%
l10n/po/es_ES/content/versions/3.20/guides/elasticsearch-dev-services.adoc.po, 82, 101, 1642, 1737, 6%
l10n/po/es_ES/content/versions/main/guides/extension-metadata.adoc.po, 81, 83, 1641, 1643, 1%
l10n/po/es_ES/content/posts/2023/2023-07-12-on-the-road-to-cdi-compatibility.adoc.po, 36, 36, 1637, 1637, 0%
l10n/po/es_ES/content/versions/2.13/guides/doc-reference.adoc.po, 195, 197, 1636, 1638, 1%
l10n/po/es_ES/content/versions/3.15/guides/security-jdbc.adoc.po, 151, 169, 1630, 1711, 5%
l10n/po/es_ES/content/versions/3.27/guides/rest-data-panache.adoc.po, 109, 111, 1630, 1632, 1%
l10n/po/es_ES/content/versions/3.8/guides/rest-json.adoc.po, 100, 109, 1630, 1691, 4%
l10n/po/es_ES/content/versions/3.8/guides/security-getting-started-tutorial.adoc.po, 106, 113, 1627, 1639, 1%
l10n/po/es_ES/content/versions/2.13/guides/kafka-streams.adoc.po, 196, 323, 1626, 3941, 59%
l10n/po/es_ES/content/versions/2.16/guides/kafka-streams.adoc.po, 196, 323, 1626, 3941, 59%
l10n/po/es_ES/content/versions/3.20/guides/qute.adoc.po, 94, 168, 1626, 2723, 41%
l10n/po/es_ES/content/versions/3.15/guides/elasticsearch-dev-services.adoc.po, 82, 101, 1624, 1719, 6%
l10n/po/es_ES/content/versions/2.13/guides/smallrye-fault-tolerance.adoc.po, 80, 89, 1623, 1692, 5%
l10n/po/es_ES/content/versions/2.16/guides/smallrye-fault-tolerance.adoc.po, 80, 89, 1623, 1692, 5%
l10n/po/es_ES/content/versions/3.2/guides/smallrye-fault-tolerance.adoc.po, 80, 89, 1622, 1691, 5%
l10n/po/es_ES/content/versions/3.33/guides/proxy-registry.adoc.po, 150, 156, 1617, 1626, 1%
l10n/po/es_ES/content/versions/3.34/guides/proxy-registry.adoc.po, 150, 156, 1617, 1626, 1%
l10n/po/es_ES/content/posts/2026/2026-01-05-new-dev-services-api.adoc.po, 64, 65, 1612, 1613, 1%
l10n/po/es_ES/content/guides/blaze-persistence.adoc.po, 68, 71, 1609, 1612, 1%
l10n/po/es_ES/content/versions/3.15/guides/blaze-persistence.adoc.po, 68, 71, 1609, 1612, 1%
l10n/po/es_ES/content/versions/3.2/guides/blaze-persistence.adoc.po, 68, 71, 1609, 1612, 1%
l10n/po/es_ES/content/versions/3.20/guides/blaze-persistence.adoc.po, 68, 71, 1609, 1612, 1%
l10n/po/es_ES/content/versions/3.27/guides/blaze-persistence.adoc.po, 68, 71, 1609, 1612, 1%
l10n/po/es_ES/content/versions/3.33/guides/blaze-persistence.adoc.po, 68, 71, 1609, 1612, 1%
l10n/po/es_ES/content/versions/3.34/guides/blaze-persistence.adoc.po, 68, 71, 1609, 1612, 1%
l10n/po/es_ES/content/versions/3.8/guides/blaze-persistence.adoc.po, 68, 71, 1609, 1612, 1%
l10n/po/es_ES/content/versions/main/guides/blaze-persistence.adoc.po, 68, 71, 1609, 1612, 1%
l10n/po/es_ES/content/posts/2026/2026-03-24-quarkus-polaris.adoc.po, 60, 60, 1607, 1607, 0%
l10n/po/es_ES/content/versions/2.13/guides/databases-dev-services.adoc.po, 116, 120, 1606, 1611, 1%
l10n/po/es_ES/content/versions/3.8/guides/elasticsearch-dev-services.adoc.po, 82, 101, 1606, 1701, 6%
l10n/po/es_ES/content/posts/2024/2024-04-22-ship-cars-leverages-quarkus-to-reach-its-goals.adoc.po, 50, 50, 1605, 1605, 0%
l10n/po/es_ES/content/versions/3.15/guides/cli-tooling.adoc.po, 136, 165, 1603, 2004, 21%
l10n/po/es_ES/content/versions/3.2/guides/extension-codestart.adoc.po, 127, 132, 1603, 1609, 1%
l10n/po/es_ES/content/versions/3.20/guides/cli-tooling.adoc.po, 136, 165, 1603, 2004, 21%
l10n/po/es_ES/content/versions/3.8/guides/cli-tooling.adoc.po, 136, 165, 1603, 2004, 21%
l10n/po/es_ES/content/versions/3.2/guides/rest-json.adoc.po, 97, 106, 1601, 1662, 4%
l10n/po/es_ES/content/posts/2021/2021-03-04-path-resolution-in-quarkus.adoc.po, 81, 81, 1600, 1600, 0%
l10n/po/es_ES/content/versions/2.13/guides/rest-json.adoc.po, 97, 106, 1600, 1661, 4%
l10n/po/es_ES/content/versions/2.16/guides/rest-json.adoc.po, 97, 106, 1600, 1661, 4%
l10n/po/es_ES/content/versions/2.13/guides/qute.adoc.po, 78, 135, 1598, 2314, 31%
l10n/po/es_ES/content/versions/2.16/guides/qute.adoc.po, 78, 135, 1598, 2314, 31%
l10n/po/es_ES/content/guides/extension-metadata.adoc.po, 83, 85, 1596, 1598, 1%
l10n/po/es_ES/content/versions/3.15/guides/extension-codestart.adoc.po, 127, 132, 1595, 1601, 1%
l10n/po/es_ES/content/versions/3.20/guides/kafka-dev-services.adoc.po, 91, 110, 1595, 1724, 8%
l10n/po/es_ES/content/versions/2.16/guides/extension-codestart.adoc.po, 127, 132, 1591, 1597, 1%
l10n/po/es_ES/content/versions/3.8/guides/extension-codestart.adoc.po, 127, 132, 1591, 1597, 1%
l10n/po/es_ES/content/posts/2019/2019-11-13-vodafone-greece-replaces-spring-boot.adoc.po, 35, 35, 1588, 1588, 0%
l10n/po/es_ES/content/versions/2.13/guides/security-getting-started.adoc.po, 101, 106, 1587, 1592, 1%
l10n/po/es_ES/content/versions/2.16/guides/security-basic-authentication-tutorial.adoc.po, 101, 106, 1586, 1591, 1%
l10n/po/es_ES/content/versions/3.2/guides/qute.adoc.po, 91, 149, 1586, 2310, 32%
l10n/po/es_ES/content/versions/3.8/guides/kafka-schema-registry-avro.adoc.po, 89, 100, 1581, 1651, 5%
l10n/po/es_ES/content/versions/3.15/guides/kafka-schema-registry-avro.adoc.po, 89, 100, 1580, 1650, 5%
l10n/po/es_ES/content/versions/3.2/guides/security-basic-authentication-tutorial.adoc.po, 99, 106, 1580, 1592, 1%
l10n/po/es_ES/content/versions/3.20/guides/kafka-schema-registry-avro.adoc.po, 89, 100, 1580, 1650, 5%
l10n/po/es_ES/content/versions/3.27/guides/kafka-schema-registry-avro.adoc.po, 89, 100, 1580, 1650, 5%
l10n/po/es_ES/content/versions/3.33/guides/getting-started.adoc.po, 98, 159, 1580, 2061, 24%
l10n/po/es_ES/content/versions/3.34/guides/getting-started.adoc.po, 98, 159, 1580, 2061, 24%
l10n/po/es_ES/content/guides/performance-measure.adoc.po, 111, 115, 1579, 1585, 1%
l10n/po/es_ES/content/versions/main/guides/performance-measure.adoc.po, 111, 115, 1579, 1585, 1%
l10n/po/es_ES/content/versions/3.2/guides/rest-data-panache.adoc.po, 104, 105, 1578, 1579, 1%
l10n/po/es_ES/content/versions/3.8/guides/rest-data-panache.adoc.po, 104, 105, 1577, 1578, 1%
l10n/po/es_ES/content/versions/3.20/guides/opentelemetry-metrics.adoc.po, 127, 136, 1576, 1619, 3%
l10n/po/es_ES/content/guides/drools.adoc.po, 69, 73, 1575, 1582, 1%
l10n/po/es_ES/content/versions/3.20/guides/drools.adoc.po, 69, 73, 1575, 1582, 1%
l10n/po/es_ES/content/versions/3.27/guides/drools.adoc.po, 69, 73, 1575, 1582, 1%
l10n/po/es_ES/content/versions/3.33/guides/drools.adoc.po, 69, 73, 1575, 1582, 1%
l10n/po/es_ES/content/versions/3.34/guides/drools.adoc.po, 69, 73, 1575, 1582, 1%
l10n/po/es_ES/content/versions/main/guides/drools.adoc.po, 69, 73, 1575, 1582, 1%
l10n/po/es_ES/content/versions/3.2/guides/cli-tooling.adoc.po, 134, 164, 1574, 1997, 22%
l10n/po/es_ES/content/versions/3.27/guides/getting-started.adoc.po, 96, 159, 1573, 2086, 25%
l10n/po/es_ES/content/versions/3.20/guides/getting-started.adoc.po, 95, 159, 1572, 2086, 25%
l10n/po/es_ES/content/versions/3.20/guides/security-oauth2.adoc.po, 104, 117, 1570, 1632, 4%
l10n/po/es_ES/content/versions/main/guides/testing-components.adoc.po, 74, 75, 1569, 1570, 1%
l10n/po/es_ES/content/versions/3.27/guides/tests-with-coverage.adoc.po, 122, 131, 1565, 1574, 1%
l10n/po/es_ES/content/posts/2025/2025-11-27-mmaler-blogpost-2-quarkus-runtime-and-framework-for-cloud-native-java.adoc.po, 76, 76, 1564, 1564, 0%
l10n/po/es_ES/content/posts/2026/2026-08-17-quarkus-insights-257-optimizing-java-workloads-on-openshift-kubernetes.adoc.po, 59, 59, 1564, 1564, 0%
l10n/po/es_ES/content/versions/3.20/guides/tests-with-coverage.adoc.po, 120, 131, 1563, 1574, 1%
l10n/po/es_ES/content/guides/security-cors.adoc.po, 99, 103, 1561, 1567, 1%
l10n/po/es_ES/content/versions/3.15/guides/rest-data-panache.adoc.po, 106, 108, 1561, 1563, 1%
l10n/po/es_ES/content/versions/3.20/guides/rest-data-panache.adoc.po, 106, 108, 1561, 1563, 1%
l10n/po/es_ES/content/versions/3.15/guides/security-oauth2.adoc.po, 104, 117, 1558, 1620, 4%
l10n/po/es_ES/content/versions/3.15/guides/getting-started.adoc.po, 95, 159, 1556, 2070, 25%
l10n/po/es_ES/content/guides/kafka-schema-registry-json-schema.adoc.po, 100, 109, 1551, 1583, 3%
l10n/po/es_ES/content/versions/main/guides/kafka-schema-registry-json-schema.adoc.po, 100, 109, 1551, 1583, 3%
l10n/po/es_ES/content/guides/kotlin.adoc.po, 97, 102, 1546, 1555, 1%
l10n/po/es_ES/content/guides/security-ldap.adoc.po, 150, 166, 1546, 1625, 5%
l10n/po/es_ES/content/versions/3.27/guides/kotlin.adoc.po, 97, 102, 1546, 1555, 1%
l10n/po/es_ES/content/versions/3.27/guides/security-ldap.adoc.po, 150, 166, 1546, 1625, 5%
l10n/po/es_ES/content/versions/3.33/guides/kotlin.adoc.po, 97, 102, 1546, 1555, 1%
l10n/po/es_ES/content/versions/3.33/guides/security-ldap.adoc.po, 150, 166, 1546, 1625, 5%
l10n/po/es_ES/content/versions/3.34/guides/kotlin.adoc.po, 97, 102, 1546, 1555, 1%
l10n/po/es_ES/content/versions/3.34/guides/security-ldap.adoc.po, 150, 166, 1546, 1625, 5%
l10n/po/es_ES/content/versions/3.8/guides/security-oauth2.adoc.po, 104, 117, 1546, 1608, 4%
l10n/po/es_ES/content/versions/main/guides/kotlin.adoc.po, 97, 102, 1546, 1555, 1%
l10n/po/es_ES/content/versions/main/guides/security-ldap.adoc.po, 150, 166, 1546, 1625, 5%
l10n/po/es_ES/content/versions/3.33/guides/kafka-schema-registry-json-schema.adoc.po, 100, 111, 1545, 1615, 5%
l10n/po/es_ES/content/versions/3.34/guides/kafka-schema-registry-json-schema.adoc.po, 100, 111, 1545, 1615, 5%
l10n/po/es_ES/content/versions/3.20/guides/security-ldap.adoc.po, 147, 166, 1543, 1625, 6%
l10n/po/es_ES/content/posts/2019/2019-07-08-runtime-performance.adoc.po, 213, 217, 1542, 1546, 1%
l10n/po/es_ES/content/versions/3.15/guides/tests-with-coverage.adoc.po, 120, 131, 1541, 1552, 1%
l10n/po/es_ES/content/versions/3.2/guides/kafka-schema-registry-avro.adoc.po, 89, 100, 1536, 1606, 5%
l10n/po/es_ES/content/versions/3.2/guides/security-oauth2.adoc.po, 103, 116, 1534, 1596, 4%
l10n/po/es_ES/content/versions/2.16/guides/security-oauth2.adoc.po, 104, 116, 1532, 1591, 4%
l10n/po/es_ES/content/versions/2.13/guides/security-oauth2.adoc.po, 104, 116, 1531, 1590, 4%
l10n/po/es_ES/content/posts/2026/2026-05-07-introducing-agent-mcp.adoc.po, 83, 83, 1530, 1530, 0%
l10n/po/es_ES/content/versions/2.16/guides/scheduler-reference.adoc.po, 90, 98, 1523, 1591, 5%
l10n/po/es_ES/content/versions/3.15/guides/kotlin.adoc.po, 96, 101, 1523, 1532, 1%
l10n/po/es_ES/content/versions/3.20/guides/kotlin.adoc.po, 96, 101, 1523, 1532, 1%
l10n/po/es_ES/content/guides/gcp-functions.adoc.po, 90, 105, 1521, 1643, 8%
l10n/po/es_ES/content/versions/3.33/guides/gcp-functions.adoc.po, 90, 105, 1521, 1643, 8%
l10n/po/es_ES/content/versions/3.34/guides/gcp-functions.adoc.po, 90, 105, 1521, 1643, 8%
l10n/po/es_ES/content/versions/main/guides/gcp-functions.adoc.po, 90, 105, 1521, 1643, 8%
l10n/po/es_ES/content/versions/2.13/guides/extension-codestart.adoc.po, 121, 124, 1520, 1524, 1%
l10n/po/es_ES/content/versions/2.13/guides/blaze-persistence.adoc.po, 64, 68, 1518, 1590, 5%
l10n/po/es_ES/content/versions/2.16/guides/blaze-persistence.adoc.po, 64, 68, 1518, 1590, 5%
l10n/po/es_ES/content/versions/3.2/guides/security-csrf-prevention.adoc.po, 102, 114, 1516, 1552, 3%
l10n/po/es_ES/content/versions/2.16/guides/kafka-schema-registry-avro.adoc.po, 86, 97, 1514, 1584, 5%
l10n/po/es_ES/content/versions/3.8/guides/getting-started.adoc.po, 93, 159, 1512, 2054, 27%
l10n/po/es_ES/content/versions/3.8/guides/tests-with-coverage.adoc.po, 119, 130, 1512, 1523, 1%
l10n/po/es_ES/content/posts/2020/2020-04-21-io-thread-benchmark.adoc.po, 54, 54, 1508, 1508, 0%
l10n/po/es_ES/content/posts/2026/2026-05-26-ai-skills-migration.adoc.po, 95, 95, 1508, 1508, 0%
l10n/po/es_ES/content/versions/3.15/guides/gcp-functions.adoc.po, 89, 105, 1507, 1643, 9%
l10n/po/es_ES/content/versions/3.20/guides/gcp-functions.adoc.po, 89, 105, 1507, 1643, 9%
l10n/po/es_ES/content/versions/3.27/guides/gcp-functions.adoc.po, 89, 105, 1507, 1643, 9%
l10n/po/es_ES/content/versions/3.8/guides/gcp-functions.adoc.po, 89, 105, 1507, 1643, 9%
l10n/po/es_ES/content/versions/3.15/guides/security-ldap.adoc.po, 147, 166, 1506, 1588, 6%
l10n/po/es_ES/content/versions/3.8/guides/kotlin.adoc.po, 92, 97, 1503, 1512, 1%
l10n/po/es_ES/content/versions/2.13/guides/kafka-schema-registry-avro.adoc.po, 86, 97, 1502, 1572, 5%
l10n/po/es_ES/content/guides/smallrye-graphql-client.adoc.po, 62, 73, 1500, 1573, 5%
l10n/po/es_ES/content/versions/3.20/guides/smallrye-graphql-client.adoc.po, 62, 73, 1500, 1573, 5%
l10n/po/es_ES/content/versions/3.27/guides/smallrye-graphql-client.adoc.po, 62, 73, 1500, 1573, 5%
l10n/po/es_ES/content/versions/3.33/guides/smallrye-graphql-client.adoc.po, 62, 73, 1500, 1573, 5%
l10n/po/es_ES/content/versions/3.34/guides/smallrye-graphql-client.adoc.po, 62, 73, 1500, 1573, 5%
l10n/po/es_ES/content/versions/main/guides/smallrye-graphql-client.adoc.po, 62, 73, 1500, 1573, 5%
l10n/po/es_ES/content/versions/3.27/guides/extension-metadata.adoc.po, 77, 79, 1496, 1498, 1%
l10n/po/es_ES/content/versions/3.33/guides/extension-metadata.adoc.po, 77, 79, 1496, 1498, 1%
l10n/po/es_ES/content/versions/3.34/guides/extension-metadata.adoc.po, 77, 79, 1496, 1498, 1%
l10n/po/es_ES/content/posts/2025/2025-02-20-agentic-ai-with-quarkus-p2.adoc.po, 62, 62, 1494, 1494, 0%
l10n/po/es_ES/content/guides/extension-registry-user.adoc.po, 86, 86, 1491, 1491, 0%
l10n/po/es_ES/content/versions/3.27/guides/extension-registry-user.adoc.po, 86, 86, 1491, 1491, 0%
l10n/po/es_ES/content/versions/3.33/guides/extension-registry-user.adoc.po, 86, 86, 1491, 1491, 0%
l10n/po/es_ES/content/versions/3.34/guides/extension-registry-user.adoc.po, 86, 86, 1491, 1491, 0%
l10n/po/es_ES/content/versions/main/guides/extension-registry-user.adoc.po, 86, 86, 1491, 1491, 0%
l10n/po/es_ES/content/posts/2020/2020-02-17-aviatar-experiences-significant-savings.adoc.po, 31, 31, 1488, 1488, 0%
l10n/po/es_ES/content/guides/kubernetes-dev-services.adoc.po, 78, 86, 1485, 1532, 4%
l10n/po/es_ES/content/versions/3.27/guides/kubernetes-dev-services.adoc.po, 78, 86, 1485, 1532, 4%
l10n/po/es_ES/content/versions/3.33/guides/kubernetes-dev-services.adoc.po, 78, 86, 1485, 1532, 4%
l10n/po/es_ES/content/versions/3.34/guides/kubernetes-dev-services.adoc.po, 78, 86, 1485, 1532, 4%
l10n/po/es_ES/content/versions/main/guides/kubernetes-dev-services.adoc.po, 78, 86, 1485, 1532, 4%
l10n/po/es_ES/content/guides/packaging.adoc.po, 134, 136, 1484, 1490, 1%
l10n/po/es_ES/content/posts/2021/2021-12-02-logicdrop-automating-quarkus-with-gitlab.adoc.po, 109, 110, 1484, 1486, 1%
l10n/po/es_ES/content/versions/main/guides/packaging.adoc.po, 134, 136, 1484, 1490, 1%
l10n/po/es_ES/content/versions/3.2/guides/getting-started.adoc.po, 92, 159, 1477, 2031, 28%
l10n/po/es_ES/content/guides/security-customization.adoc.po, 76, 78, 1474, 1478, 1%
l10n/po/es_ES/content/versions/main/guides/security-customization.adoc.po, 76, 78, 1474, 1478, 1%
l10n/po/es_ES/content/versions/2.13/guides/kotlin.adoc.po, 89, 94, 1471, 1480, 1%
l10n/po/es_ES/content/versions/2.16/guides/kotlin.adoc.po, 89, 94, 1471, 1480, 1%
l10n/po/es_ES/content/versions/3.2/guides/kotlin.adoc.po, 89, 94, 1469, 1478, 1%
l10n/po/es_ES/content/versions/3.15/guides/smallrye-graphql-client.adoc.po, 61, 72, 1467, 1540, 5%
l10n/po/es_ES/content/versions/3.33/guides/security-customization.adoc.po, 75, 77, 1467, 1471, 1%
l10n/po/es_ES/content/posts/2024/2024-07-02-overriding-configuration-from-test-code.adoc.po, 61, 61, 1465, 1465, 0%
l10n/po/es_ES/content/posts/2026/2026-06-08-hidden-cost-rootless-container-networking.adoc.po, 90, 91, 1465, 1466, 1%
l10n/po/es_ES/content/guides/duplicated-context.adoc.po, 67, 70, 1464, 1467, 1%
l10n/po/es_ES/content/versions/3.15/guides/duplicated-context.adoc.po, 67, 70, 1464, 1467, 1%
l10n/po/es_ES/content/versions/3.20/guides/duplicated-context.adoc.po, 67, 70, 1464, 1467, 1%
l10n/po/es_ES/content/versions/3.27/guides/duplicated-context.adoc.po, 67, 70, 1464, 1467, 1%
l10n/po/es_ES/content/versions/3.33/guides/duplicated-context.adoc.po, 67, 70, 1464, 1467, 1%
l10n/po/es_ES/content/versions/3.34/guides/duplicated-context.adoc.po, 67, 70, 1464, 1467, 1%
l10n/po/es_ES/content/versions/main/guides/duplicated-context.adoc.po, 67, 70, 1464, 1467, 1%
l10n/po/es_ES/content/versions/3.8/guides/duplicated-context.adoc.po, 67, 70, 1463, 1466, 1%
l10n/po/es_ES/content/guides/cache-redis-reference.adoc.po, 102, 105, 1461, 1464, 1%
l10n/po/es_ES/content/versions/3.33/guides/cache-redis-reference.adoc.po, 102, 105, 1461, 1464, 1%
l10n/po/es_ES/content/versions/3.34/guides/cache-redis-reference.adoc.po, 102, 105, 1461, 1464, 1%
l10n/po/es_ES/content/posts/2026/2026-08-10-quarkus-insights-256-what-is-floci.adoc.po, 55, 55, 1457, 1457, 0%
l10n/po/es_ES/content/posts/2020/2020-12-08-resteasy-reactive.adoc.po, 56, 56, 1453, 1453, 0%
l10n/po/es_ES/content/versions/2.16/guides/gcp-functions.adoc.po, 85, 101, 1453, 1589, 9%
l10n/po/es_ES/content/versions/2.16/guides/cli-tooling.adoc.po, 111, 123, 1452, 1644, 12%
l10n/po/es_ES/content/versions/3.2/guides/gcp-functions.adoc.po, 85, 101, 1451, 1587, 9%
l10n/po/es_ES/content/versions/3.15/guides/opentelemetry-metrics.adoc.po, 118, 127, 1445, 1488, 3%
l10n/po/es_ES/content/posts/2026/2026-06-16-quarkus-insights-251-semeru-openj9.adoc.po, 104, 104, 1442, 1442, 0%
l10n/po/es_ES/content/guides/spring-cloud-config-client.adoc.po, 133, 169, 1441, 1723, 17%
l10n/po/es_ES/content/versions/main/guides/spring-cloud-config-client.adoc.po, 133, 169, 1441, 1723, 17%
l10n/po/es_ES/content/posts/2024/2024-08-01-search-standalone-mapper.adoc.po, 51, 51, 1440, 1440, 0%
l10n/po/es_ES/content/posts/2026/2026-01-13-building-large-applications.adoc.po, 58, 65, 1437, 1502, 5%
l10n/po/es_ES/content/guides/extension-maturity-matrix.adoc.po, 64, 67, 1436, 1441, 1%
l10n/po/es_ES/content/posts/2020/2020-02-10-asiakastieto-chooses-quarkus-for-microservices.adoc.po, 31, 32, 1436, 1438, 1%
l10n/po/es_ES/content/versions/2.13/guides/scheduler-reference.adoc.po, 84, 92, 1436, 1504, 5%
l10n/po/es_ES/content/versions/main/guides/extension-maturity-matrix.adoc.po, 64, 67, 1436, 1441, 1%
l10n/po/es_ES/content/versions/3.27/guides/security-customization.adoc.po, 74, 76, 1434, 1438, 1%
l10n/po/es_ES/content/versions/3.34/guides/security-customization.adoc.po, 74, 76, 1434, 1438, 1%
l10n/po/es_ES/content/versions/3.27/guides/spring-cloud-config-client.adoc.po, 131, 167, 1430, 1712, 17%
l10n/po/es_ES/content/versions/3.33/guides/spring-cloud-config-client.adoc.po, 131, 167, 1430, 1712, 17%
l10n/po/es_ES/content/versions/3.34/guides/spring-cloud-config-client.adoc.po, 131, 167, 1430, 1712, 17%
l10n/po/es_ES/content/versions/2.16/guides/security-csrf-prevention.adoc.po, 96, 109, 1424, 1518, 7%
l10n/po/es_ES/content/versions/3.27/guides/stork-kubernetes.adoc.po, 84, 92, 1424, 1445, 2%
l10n/po/es_ES/content/versions/3.33/guides/stork-kubernetes.adoc.po, 84, 92, 1424, 1445, 2%
l10n/po/es_ES/content/versions/3.34/guides/stork-kubernetes.adoc.po, 84, 92, 1424, 1445, 2%
l10n/po/es_ES/content/versions/3.8/guides/stork-kubernetes.adoc.po, 84, 92, 1424, 1445, 2%
l10n/po/es_ES/content/versions/3.15/guides/stork-kubernetes.adoc.po, 84, 92, 1423, 1444, 2%
l10n/po/es_ES/content/versions/3.20/guides/stork-kubernetes.adoc.po, 84, 92, 1423, 1444, 2%
l10n/po/es_ES/content/versions/3.27/guides/platform.adoc.po, 59, 60, 1423, 1424, 1%
l10n/po/es_ES/content/versions/3.33/guides/platform.adoc.po, 59, 60, 1423, 1424, 1%
l10n/po/es_ES/content/versions/3.34/guides/platform.adoc.po, 59, 60, 1423, 1424, 1%
l10n/po/es_ES/content/versions/3.8/guides/security-jdbc.adoc.po, 149, 167, 1423, 1504, 6%
l10n/po/es_ES/content/guides/stork-kubernetes.adoc.po, 83, 91, 1415, 1436, 2%
l10n/po/es_ES/content/versions/main/guides/stork-kubernetes.adoc.po, 83, 91, 1415, 1436, 2%
l10n/po/es_ES/content/versions/2.16/guides/rest-data-panache.adoc.po, 95, 96, 1411, 1412, 1%
l10n/po/es_ES/content/versions/3.15/guides/cyclonedx.adoc.po, 65, 67, 1410, 1412, 1%
l10n/po/es_ES/content/versions/3.20/guides/cyclonedx.adoc.po, 65, 67, 1410, 1412, 1%
l10n/po/es_ES/content/versions/3.27/guides/cyclonedx.adoc.po, 65, 67, 1410, 1412, 1%
l10n/po/es_ES/content/versions/3.34/guides/cyclonedx.adoc.po, 65, 67, 1410, 1412, 1%
l10n/po/es_ES/content/posts/2024/2024-06-14-granite-rag.adoc.po, 67, 70, 1409, 1414, 1%
l10n/po/es_ES/content/posts/2026/2026-02-19-k8s-style-CEL-with-quarkus-chicory.adoc.po, 90, 91, 1406, 1407, 1%
l10n/po/es_ES/content/guides/agent-mcp.adoc.po, 104, 106, 1403, 1405, 1%
l10n/po/es_ES/content/versions/main/guides/agent-mcp.adoc.po, 104, 106, 1403, 1405, 1%
l10n/po/es_ES/content/guides/telemetry-opentracing-to-otel-tutorial.adoc.po, 123, 131, 1400, 1408, 1%
l10n/po/es_ES/content/versions/3.15/guides/telemetry-opentracing-to-otel-tutorial.adoc.po, 123, 131, 1400, 1408, 1%
l10n/po/es_ES/content/versions/3.20/guides/telemetry-opentracing-to-otel-tutorial.adoc.po, 123, 131, 1400, 1408, 1%
l10n/po/es_ES/content/versions/3.27/guides/telemetry-opentracing-to-otel-tutorial.adoc.po, 123, 131, 1400, 1408, 1%
l10n/po/es_ES/content/versions/3.33/guides/telemetry-opentracing-to-otel-tutorial.adoc.po, 123, 131, 1400, 1408, 1%
l10n/po/es_ES/content/versions/3.34/guides/security-cors.adoc.po, 92, 96, 1400, 1406, 1%
l10n/po/es_ES/content/versions/3.34/guides/telemetry-opentracing-to-otel-tutorial.adoc.po, 123, 131, 1400, 1408, 1%
l10n/po/es_ES/content/versions/main/guides/telemetry-opentracing-to-otel-tutorial.adoc.po, 123, 131, 1400, 1408, 1%
l10n/po/es_ES/content/versions/2.13/guides/stork-kubernetes.adoc.po, 81, 89, 1398, 1419, 2%
l10n/po/es_ES/content/versions/2.16/guides/stork-kubernetes.adoc.po, 81, 89, 1398, 1419, 2%
l10n/po/es_ES/content/posts/2020/2020-11-03-kafka-commit-strategies.adoc.po, 42, 42, 1397, 1397, 0%
l10n/po/es_ES/content/versions/2.16/guides/doc-contribute-docs-howto.adoc.po, 93, 94, 1397, 1398, 1%
l10n/po/es_ES/content/versions/3.2/guides/stork-kubernetes.adoc.po, 81, 89, 1395, 1416, 2%
l10n/po/es_ES/content/versions/3.8/guides/telemetry-opentracing-to-otel-tutorial.adoc.po, 123, 131, 1394, 1402, 1%
l10n/po/es_ES/content/versions/main/guides/extension-writing-dev-service.adoc.po, 75, 77, 1394, 1396, 1%
l10n/po/es_ES/content/versions/3.2/guides/duplicated-context.adoc.po, 63, 66, 1393, 1396, 1%
l10n/po/es_ES/content/guides/testing-components.adoc.po, 69, 70, 1392, 1393, 1%
l10n/po/es_ES/content/versions/3.20/guides/cache-redis-reference.adoc.po, 97, 100, 1390, 1393, 1%
l10n/po/es_ES/content/versions/3.27/guides/cache-redis-reference.adoc.po, 97, 100, 1390, 1393, 1%
l10n/po/es_ES/content/versions/main/guides/cache-redis-reference.adoc.po, 97, 100, 1390, 1393, 1%
l10n/po/es_ES/content/versions/3.20/guides/security-oidc-bearer-token-authentication-tutorial.adoc.po, 99, 109, 1385, 1415, 3%
l10n/po/es_ES/content/guides/liquibase.adoc.po, 140, 154, 1384, 1492, 8%
l10n/po/es_ES/content/versions/3.27/guides/liquibase.adoc.po, 140, 154, 1384, 1492, 8%
l10n/po/es_ES/content/versions/3.33/guides/liquibase.adoc.po, 140, 154, 1384, 1492, 8%
l10n/po/es_ES/content/versions/3.34/guides/liquibase.adoc.po, 140, 154, 1384, 1492, 8%
l10n/po/es_ES/content/versions/main/guides/liquibase.adoc.po, 140, 154, 1384, 1492, 8%
l10n/po/es_ES/content/versions/3.27/guides/extension-maturity-matrix.adoc.po, 62, 65, 1375, 1380, 1%
l10n/po/es_ES/content/versions/3.27/guides/security-oidc-bearer-token-authentication-tutorial.adoc.po, 99, 109, 1375, 1405, 3%
l10n/po/es_ES/content/versions/3.33/guides/extension-maturity-matrix.adoc.po, 62, 65, 1375, 1380, 1%
l10n/po/es_ES/content/versions/3.34/guides/extension-maturity-matrix.adoc.po, 62, 65, 1375, 1380, 1%
l10n/po/es_ES/content/versions/2.16/guides/security-jdbc.adoc.po, 147, 164, 1371, 1449, 6%
l10n/po/es_ES/content/versions/3.33/guides/testing-components.adoc.po, 68, 69, 1371, 1372, 1%
l10n/po/es_ES/content/versions/3.34/guides/testing-components.adoc.po, 68, 69, 1371, 1372, 1%
l10n/po/es_ES/content/versions/2.13/guides/security-jdbc.adoc.po, 147, 164, 1370, 1448, 6%
l10n/po/es_ES/content/versions/2.13/guides/cli-tooling.adoc.po, 102, 112, 1368, 1536, 11%
l10n/po/es_ES/content/versions/3.2/guides/security-jdbc.adoc.po, 146, 164, 1366, 1447, 6%
l10n/po/es_ES/content/versions/3.20/guides/extension-metadata.adoc.po, 71, 73, 1366, 1368, 1%
l10n/po/es_ES/content/guides/security-oidc-bearer-token-authentication-tutorial.adoc.po, 98, 108, 1365, 1395, 3%
l10n/po/es_ES/content/versions/3.20/guides/platform.adoc.po, 53, 54, 1365, 1366, 1%
l10n/po/es_ES/content/versions/3.33/guides/security-oidc-bearer-token-authentication-tutorial.adoc.po, 98, 108, 1365, 1395, 3%
l10n/po/es_ES/content/versions/3.34/guides/security-oidc-bearer-token-authentication-tutorial.adoc.po, 98, 108, 1365, 1395, 3%
l10n/po/es_ES/content/versions/main/guides/security-oidc-bearer-token-authentication-tutorial.adoc.po, 98, 108, 1365, 1395, 3%
l10n/po/es_ES/content/versions/3.8/guides/liquibase.adoc.po, 140, 156, 1363, 1473, 8%
l10n/po/es_ES/content/posts/2020/2020-09-23-cytech-customer-story.adoc.po, 18, 18, 1360, 1360, 0%
l10n/po/es_ES/content/posts/2021/2021-09-20-logicdrop-customer-story.adoc.po, 94, 95, 1360, 1362, 1%
l10n/po/es_ES/content/posts/2023/2023-10-10-intellij-quarkus-recap.adoc.po, 93, 93, 1360, 1360, 0%
l10n/po/es_ES/content/posts/2024/2024-08-28-quarkus-3-14-1-released.adoc.po, 76, 86, 1360, 1429, 5%
l10n/po/es_ES/content/versions/2.13/guides/tests-with-coverage.adoc.po, 105, 116, 1360, 1371, 1%
l10n/po/es_ES/content/versions/2.16/guides/tests-with-coverage.adoc.po, 105, 116, 1360, 1371, 1%
l10n/po/es_ES/content/versions/3.20/guides/extension-maturity-matrix.adoc.po, 62, 65, 1353, 1358, 1%
l10n/po/es_ES/templates/layouts/quarkus3.html.po, 324, 741, 1346, 2152, 38%
l10n/po/es_ES/content/versions/3.2/guides/tests-with-coverage.adoc.po, 110, 121, 1344, 1355, 1%
l10n/po/es_ES/content/versions/3.8/guides/smallrye-graphql-client.adoc.po, 55, 66, 1344, 1417, 6%
l10n/po/es_ES/content/posts/2023/2023-07-27-native-startup-rss-troubleshooting.adoc.po, 27, 27, 1343, 1343, 0%
l10n/po/es_ES/content/guides/load-shedding-reference.adoc.po, 99, 103, 1339, 1344, 1%
l10n/po/es_ES/content/versions/3.33/guides/load-shedding-reference.adoc.po, 99, 103, 1339, 1344, 1%
l10n/po/es_ES/content/versions/3.34/guides/load-shedding-reference.adoc.po, 99, 103, 1339, 1344, 1%
l10n/po/es_ES/content/versions/main/guides/load-shedding-reference.adoc.po, 99, 103, 1339, 1344, 1%
l10n/po/es_ES/content/posts/2022/2022-11-24-reactive-crud-performance-case-study.adoc.po, 81, 93, 1337, 1556, 15%
l10n/po/es_ES/content/versions/3.2/guides/liquibase.adoc.po, 136, 152, 1336, 1446, 8%
l10n/po/es_ES/content/versions/3.8/guides/security-openid-connect-client.adoc.po, 95, 107, 1333, 1391, 5%
l10n/po/es_ES/content/posts/2019/2019-06-26-kafka-streams-applications-with-quarkus-and-microprofile.adoc.po, 39, 40, 1332, 1334, 1%
l10n/po/es_ES/content/guides/native-and-ssl.adoc.po, 93, 95, 1329, 1341, 1%
l10n/po/es_ES/content/posts/2023/2023-11-16-quarkus-meets-langchain4j.adoc.po, 47, 47, 1329, 1329, 0%
l10n/po/es_ES/content/versions/3.20/guides/liquibase.adoc.po, 132, 148, 1329, 1439, 8%
l10n/po/es_ES/content/versions/main/guides/native-and-ssl.adoc.po, 93, 95, 1329, 1341, 1%
l10n/po/es_ES/content/posts/2019/2019-12-11-talkdesk-chooses-quarkus-for-fast-innovation.adoc.po, 44, 44, 1323, 1323, 0%
l10n/po/es_ES/content/versions/2.16/guides/security-authorize-web-endpoints-reference.adoc.po, 82, 84, 1316, 1318, 1%
l10n/po/es_ES/content/versions/3.2/guides/security-openid-connect-providers.adoc.po, 83, 86, 1316, 1321, 1%
l10n/po/es_ES/content/posts/2026/2026-07-10-quarkus-langchain4j-opa-guardrails.adoc.po, 101, 103, 1315, 1319, 1%
l10n/po/es_ES/content/versions/2.13/guides/smallrye-graphql-client.adoc.po, 50, 60, 1306, 1378, 6%
l10n/po/es_ES/content/versions/2.16/guides/smallrye-graphql-client.adoc.po, 50, 60, 1306, 1378, 6%
l10n/po/es_ES/content/versions/3.15/guides/web.adoc.po, 70, 70, 1304, 1304, 0%
l10n/po/es_ES/content/versions/3.2/guides/smallrye-graphql-client.adoc.po, 50, 60, 1304, 1376, 6%
l10n/po/es_ES/content/versions/3.20/guides/web.adoc.po, 70, 70, 1304, 1304, 0%
l10n/po/es_ES/content/guides/extension-writing-dev-service.adoc.po, 74, 76, 1299, 1301, 1%
l10n/po/es_ES/content/guides/getting-started-dev-services.adoc.po, 90, 100, 1299, 1346, 4%
l10n/po/es_ES/content/versions/3.33/guides/getting-started-dev-services.adoc.po, 90, 100, 1299, 1346, 4%
l10n/po/es_ES/content/versions/main/guides/getting-started-dev-services.adoc.po, 90, 100, 1299, 1346, 4%
l10n/po/es_ES/content/versions/3.15/guides/security-customization.adoc.po, 67, 69, 1295, 1299, 1%
l10n/po/es_ES/content/versions/3.20/guides/security-customization.adoc.po, 67, 69, 1295, 1299, 1%
l10n/po/es_ES/content/versions/3.8/guides/security-customization.adoc.po, 66, 68, 1294, 1298, 1%
l10n/po/es_ES/content/posts/2020/2020-04-08-why-did-payair-technologies-switch-to-quarkus.adoc.po, 39, 40, 1291, 1294, 1%
l10n/po/es_ES/content/guides/web.adoc.po, 70, 70, 1288, 1288, 0%
l10n/po/es_ES/content/versions/3.27/guides/web.adoc.po, 70, 70, 1288, 1288, 0%
l10n/po/es_ES/content/versions/3.33/guides/web.adoc.po, 70, 70, 1288, 1288, 0%
l10n/po/es_ES/content/versions/3.34/guides/web.adoc.po, 70, 70, 1288, 1288, 0%
l10n/po/es_ES/content/versions/3.15/guides/security-oidc-bearer-token-authentication-tutorial.adoc.po, 93, 103, 1287, 1317, 3%
l10n/po/es_ES/content/versions/3.8/guides/security-oidc-bearer-token-authentication-tutorial.adoc.po, 93, 103, 1287, 1317, 3%
l10n/po/es_ES/content/posts/2024/2024-04-18-quarkus-saas-backend-time-tracking-app-case-study.adoc.po, 25, 25, 1286, 1286, 0%
l10n/po/es_ES/content/continuum.adoc.po, 29, 29, 1285, 1285, 0%
l10n/po/es_ES/content/versions/3.20/guides/spring-cloud-config-client.adoc.po, 113, 150, 1284, 1567, 19%
l10n/po/es_ES/content/versions/main/guides/web.adoc.po, 69, 69, 1283, 1283, 0%
l10n/po/es_ES/content/posts/2020/2020-03-19-eclipse-got-quarkused.adoc.po, 71, 71, 1282, 1282, 0%
l10n/po/es_ES/content/versions/3.20/guides/deploying-to-google-cloud.adoc.po, 81, 89, 1277, 1341, 5%
l10n/po/es_ES/content/versions/3.27/guides/deploying-to-google-cloud.adoc.po, 81, 89, 1277, 1341, 5%
l10n/po/es_ES/content/versions/3.33/guides/deploying-to-google-cloud.adoc.po, 81, 89, 1277, 1341, 5%
l10n/po/es_ES/content/versions/3.34/guides/deploying-to-google-cloud.adoc.po, 81, 89, 1277, 1341, 5%
l10n/po/es_ES/content/guides/deploying-to-google-cloud.adoc.po, 81, 89, 1276, 1340, 5%
l10n/po/es_ES/content/posts/2020/2020-10-27-mutiny-back-pressure.adoc.po, 51, 51, 1275, 1275, 0%
l10n/po/es_ES/content/posts/2026/2026-05-25-native-pgo.adoc.po, 66, 74, 1275, 1341, 5%
l10n/po/es_ES/content/versions/3.8/guides/kafka-schema-registry-json-schema.adoc.po, 73, 84, 1273, 1343, 6%
l10n/po/es_ES/content/versions/3.15/guides/kafka-schema-registry-json-schema.adoc.po, 73, 84, 1272, 1342, 6%
l10n/po/es_ES/content/versions/3.20/guides/kafka-schema-registry-json-schema.adoc.po, 73, 84, 1272, 1342, 6%
l10n/po/es_ES/content/versions/3.27/guides/kafka-schema-registry-json-schema.adoc.po, 73, 84, 1272, 1342, 6%
l10n/po/es_ES/content/versions/3.15/guides/deploying-to-google-cloud.adoc.po, 81, 89, 1271, 1335, 5%
l10n/po/es_ES/content/versions/2.13/guides/platform.adoc.po, 49, 50, 1266, 1267, 1%
l10n/po/es_ES/content/versions/2.16/guides/platform.adoc.po, 49, 50, 1266, 1267, 1%
l10n/po/es_ES/content/versions/3.15/guides/platform.adoc.po, 49, 50, 1266, 1267, 1%
l10n/po/es_ES/content/versions/3.2/guides/platform.adoc.po, 49, 50, 1266, 1267, 1%
l10n/po/es_ES/content/versions/3.2/guides/security-oidc-bearer-token-authentication-tutorial.adoc.po, 90, 101, 1266, 1297, 3%
l10n/po/es_ES/content/versions/3.8/guides/platform.adoc.po, 49, 50, 1266, 1267, 1%
l10n/po/es_ES/content/versions/3.15/guides/doc-create-tutorial.adoc.po, 94, 95, 1265, 1266, 1%
l10n/po/es_ES/content/versions/3.2/guides/doc-create-tutorial.adoc.po, 94, 95, 1265, 1266, 1%
l10n/po/es_ES/content/versions/3.20/guides/doc-create-tutorial.adoc.po, 94, 95, 1265, 1266, 1%
l10n/po/es_ES/content/versions/3.27/guides/doc-create-tutorial.adoc.po, 94, 95, 1265, 1266, 1%
l10n/po/es_ES/content/versions/3.33/guides/doc-create-tutorial.adoc.po, 94, 95, 1265, 1266, 1%
l10n/po/es_ES/content/versions/3.34/guides/doc-create-tutorial.adoc.po, 94, 95, 1265, 1266, 1%
l10n/po/es_ES/content/versions/3.8/guides/doc-create-tutorial.adoc.po, 94, 95, 1265, 1266, 1%
l10n/po/es_ES/content/versions/2.13/guides/config-mappings.adoc.po, 81, 81, 1264, 1264, 0%
l10n/po/es_ES/content/versions/3.27/guides/getting-started-dev-services.adoc.po, 89, 99, 1264, 1311, 4%
l10n/po/es_ES/content/versions/3.34/guides/getting-started-dev-services.adoc.po, 89, 99, 1264, 1311, 4%
l10n/po/es_ES/content/guides/doc-create-tutorial.adoc.po, 94, 95, 1263, 1264, 1%
l10n/po/es_ES/content/posts/2025/2025-09-25-quarkus-a2a-java-grpc.adoc.po, 60, 60, 1263, 1263, 0%
l10n/po/es_ES/content/versions/main/guides/doc-create-tutorial.adoc.po, 94, 95, 1263, 1264, 1%
l10n/po/es_ES/content/versions/3.15/guides/getting-started-dev-services.adoc.po, 89, 99, 1262, 1309, 4%
l10n/po/es_ES/content/versions/3.15/guides/native-and-ssl.adoc.po, 92, 94, 1262, 1274, 1%
l10n/po/es_ES/content/versions/3.15/guides/performance-measure.adoc.po, 77, 78, 1262, 1265, 1%
l10n/po/es_ES/content/versions/3.20/guides/getting-started-dev-services.adoc.po, 89, 99, 1262, 1309, 4%
l10n/po/es_ES/content/versions/3.20/guides/native-and-ssl.adoc.po, 92, 94, 1262, 1274, 1%
l10n/po/es_ES/content/versions/3.20/guides/performance-measure.adoc.po, 77, 78, 1262, 1265, 1%
l10n/po/es_ES/content/versions/3.27/guides/native-and-ssl.adoc.po, 92, 94, 1262, 1274, 1%
l10n/po/es_ES/content/versions/3.27/guides/performance-measure.adoc.po, 77, 78, 1262, 1265, 1%
l10n/po/es_ES/content/versions/3.33/guides/native-and-ssl.adoc.po, 92, 94, 1262, 1274, 1%
l10n/po/es_ES/content/versions/3.33/guides/performance-measure.adoc.po, 77, 78, 1262, 1265, 1%
l10n/po/es_ES/content/versions/3.34/guides/native-and-ssl.adoc.po, 92, 94, 1262, 1274, 1%
l10n/po/es_ES/content/versions/3.34/guides/performance-measure.adoc.po, 77, 78, 1262, 1265, 1%
l10n/po/es_ES/content/versions/3.8/guides/getting-started-dev-services.adoc.po, 89, 99, 1262, 1309, 4%
l10n/po/es_ES/content/versions/3.8/guides/native-and-ssl.adoc.po, 92, 94, 1262, 1274, 1%
l10n/po/es_ES/content/versions/3.8/guides/performance-measure.adoc.po, 77, 78, 1262, 1265, 1%
l10n/po/es_ES/content/versions/3.2/guides/native-and-ssl.adoc.po, 92, 94, 1260, 1272, 1%
l10n/po/es_ES/content/versions/2.13/guides/security-openid-connect-client.adoc.po, 85, 98, 1258, 1335, 6%
l10n/po/es_ES/content/versions/3.8/guides/deploying-to-google-cloud.adoc.po, 80, 88, 1255, 1319, 5%
l10n/po/es_ES/content/versions/2.16/guides/doc-create-tutorial.adoc.po, 93, 94, 1254, 1255, 1%
l10n/po/es_ES/content/versions/main/guides/deploying-to-google-cloud.adoc.po, 80, 88, 1252, 1316, 5%
l10n/po/es_ES/content/versions/2.16/guides/security-openid-connect-client.adoc.po, 85, 98, 1251, 1328, 6%
l10n/po/es_ES/content/versions/2.13/guides/native-and-ssl.adoc.po, 92, 94, 1250, 1262, 1%
l10n/po/es_ES/content/versions/2.16/guides/native-and-ssl.adoc.po, 92, 94, 1250, 1262, 1%
l10n/po/es_ES/content/posts/2020/2020-03-19-quarkus-1-3-0-final-released.adoc.po, 86, 95, 1249, 1317, 6%
l10n/po/es_ES/content/posts/2020/2020-07-08-quarkus-1-6-0-final-released.adoc.po, 75, 85, 1247, 1316, 6%
l10n/po/es_ES/content/versions/2.13/guides/deploying-to-google-cloud.adoc.po, 79, 87, 1247, 1311, 5%
l10n/po/es_ES/content/versions/2.16/guides/deploying-to-google-cloud.adoc.po, 79, 87, 1247, 1311, 5%
l10n/po/es_ES/content/versions/3.2/guides/redis-dev-services.adoc.po, 60, 67, 1243, 1260, 2%
l10n/po/es_ES/content/versions/3.8/guides/redis-dev-services.adoc.po, 60, 67, 1243, 1260, 2%
l10n/po/es_ES/content/versions/2.13/guides/doc-create-tutorial.adoc.po, 92, 93, 1241, 1242, 1%
l10n/po/es_ES/content/posts/2019/2019-06-05-quarkus-and-web-ui-development-mode.adoc.po, 44, 44, 1237, 1237, 0%
l10n/po/es_ES/content/versions/3.2/guides/deploying-to-google-cloud.adoc.po, 78, 86, 1237, 1301, 5%
l10n/po/es_ES/content/posts/2020/2020-10-27-experimental_graphql.adoc.po, 88, 88, 1236, 1236, 0%
l10n/po/es_ES/content/versions/3.2/guides/security-openid-connect-client.adoc.po, 83, 98, 1236, 1320, 7%
l10n/po/es_ES/content/posts/2025/2025-07-09-quarkus-and-a2a-java-sdk.adoc.po, 55, 55, 1231, 1231, 0%
l10n/po/es_ES/content/versions/3.15/guides/spring-cloud-config-client.adoc.po, 108, 144, 1229, 1511, 19%
l10n/po/es_ES/content/posts/2022/2022-06-29-nativejdb-debugger-for-native-images.adoc.po, 43, 44, 1227, 1228, 1%
l10n/po/es_ES/content/versions/3.27/guides/smallrye-metrics.adoc.po, 86, 94, 1227, 1236, 1%
l10n/po/es_ES/content/posts/2025/2025-04-30-test-classloading-rewrite.adoc.po, 28, 29, 1226, 1228, 1%
l10n/po/es_ES/content/versions/3.20/guides/smallrye-metrics.adoc.po, 84, 94, 1225, 1236, 1%
l10n/po/es_ES/content/guides/lifecycle.adoc.po, 73, 85, 1218, 1294, 6%
l10n/po/es_ES/content/versions/2.13/guides/extension-registry-user.adoc.po, 63, 63, 1218, 1218, 0%
l10n/po/es_ES/content/versions/2.16/guides/extension-registry-user.adoc.po, 63, 63, 1218, 1218, 0%
l10n/po/es_ES/content/versions/3.15/guides/extension-registry-user.adoc.po, 63, 63, 1218, 1218, 0%
l10n/po/es_ES/content/versions/3.2/guides/extension-registry-user.adoc.po, 63, 63, 1218, 1218, 0%
l10n/po/es_ES/content/versions/3.20/guides/extension-registry-user.adoc.po, 63, 63, 1218, 1218, 0%
l10n/po/es_ES/content/versions/3.33/guides/lifecycle.adoc.po, 73, 85, 1218, 1294, 6%
l10n/po/es_ES/content/versions/3.34/guides/lifecycle.adoc.po, 73, 85, 1218, 1294, 6%
l10n/po/es_ES/content/versions/3.8/guides/extension-registry-user.adoc.po, 63, 63, 1218, 1218, 0%
l10n/po/es_ES/content/versions/main/guides/lifecycle.adoc.po, 73, 85, 1218, 1294, 6%
l10n/po/es_ES/content/guides/funqy-gcp-functions.adoc.po, 74, 90, 1217, 1317, 8%
l10n/po/es_ES/content/versions/3.15/guides/funqy-gcp-functions.adoc.po, 74, 90, 1217, 1317, 8%
l10n/po/es_ES/content/versions/3.15/guides/smallrye-metrics.adoc.po, 84, 94, 1217, 1228, 1%
l10n/po/es_ES/content/versions/3.20/guides/funqy-gcp-functions.adoc.po, 74, 90, 1217, 1317, 8%
l10n/po/es_ES/content/versions/3.27/guides/funqy-gcp-functions.adoc.po, 74, 90, 1217, 1317, 8%
l10n/po/es_ES/content/versions/3.33/guides/funqy-gcp-functions.adoc.po, 74, 90, 1217, 1317, 8%
l10n/po/es_ES/content/versions/3.34/guides/funqy-gcp-functions.adoc.po, 74, 90, 1217, 1317, 8%
l10n/po/es_ES/content/versions/3.8/guides/funqy-gcp-functions.adoc.po, 74, 90, 1217, 1317, 8%
l10n/po/es_ES/content/versions/main/guides/funqy-gcp-functions.adoc.po, 74, 90, 1217, 1317, 8%
l10n/po/es_ES/content/guides/spring-security.adoc.po, 98, 121, 1212, 1358, 11%
l10n/po/es_ES/content/versions/main/guides/spring-security.adoc.po, 98, 121, 1212, 1358, 11%
l10n/po/es_ES/content/guides/spring-data-jpa.adoc.po, 88, 107, 1211, 1345, 10%
l10n/po/es_ES/content/versions/main/guides/spring-data-jpa.adoc.po, 88, 107, 1211, 1345, 10%
l10n/po/es_ES/content/versions/3.8/guides/smallrye-metrics.adoc.po, 84, 94, 1209, 1220, 1%
l10n/po/es_ES/content/posts/2022/2022-04-04-vscode-quarkus-1.10.0-qute.adoc.po, 70, 70, 1206, 1206, 0%
l10n/po/es_ES/content/posts/2024/2024-04-03-changing-loggers-level-from-unleash.adoc.po, 58, 59, 1205, 1206, 1%
l10n/po/es_ES/content/posts/2026/2026-06-15-introducing-quarkus-data.adoc.po, 39, 40, 1205, 1206, 1%
l10n/po/es_ES/content/versions/3.15/guides/spring-security.adoc.po, 96, 119, 1201, 1347, 11%
l10n/po/es_ES/content/versions/3.20/guides/spring-security.adoc.po, 96, 119, 1201, 1347, 11%
l10n/po/es_ES/content/versions/3.27/guides/spring-security.adoc.po, 96, 119, 1201, 1347, 11%
l10n/po/es_ES/content/versions/3.33/guides/spring-security.adoc.po, 96, 119, 1201, 1347, 11%
l10n/po/es_ES/content/versions/3.34/guides/spring-security.adoc.po, 96, 119, 1201, 1347, 11%
l10n/po/es_ES/content/versions/3.8/guides/spring-security.adoc.po, 96, 119, 1201, 1347, 11%
l10n/po/es_ES/content/versions/2.13/guides/kogito-dmn.adoc.po, 85, 96, 1198, 1245, 4%
l10n/po/es_ES/content/versions/2.13/guides/liquibase.adoc.po, 127, 143, 1198, 1308, 9%
l10n/po/es_ES/content/versions/2.16/guides/kogito-dmn.adoc.po, 85, 96, 1198, 1245, 4%
l10n/po/es_ES/content/versions/2.16/guides/liquibase.adoc.po, 127, 143, 1198, 1308, 9%
l10n/po/es_ES/content/posts/2024/2024-11-29-quarkus-jlama.adoc.po, 29, 29, 1197, 1197, 0%
l10n/po/es_ES/content/versions/3.8/guides/security-ldap.adoc.po, 127, 144, 1197, 1277, 7%
l10n/po/es_ES/content/posts/2026/2026-05-19-quarkus-insights-248-ddd-hexagonal-architecture.adoc.po, 128, 128, 1196, 1196, 0%
l10n/po/es_ES/content/versions/3.15/guides/spring-data-jpa.adoc.po, 87, 106, 1195, 1329, 11%
l10n/po/es_ES/content/versions/3.20/guides/spring-data-jpa.adoc.po, 87, 106, 1195, 1329, 11%
l10n/po/es_ES/content/versions/3.27/guides/spring-data-jpa.adoc.po, 87, 106, 1195, 1329, 11%
l10n/po/es_ES/content/versions/3.33/guides/spring-data-jpa.adoc.po, 87, 106, 1195, 1329, 11%
l10n/po/es_ES/content/versions/3.34/guides/spring-data-jpa.adoc.po, 87, 106, 1195, 1329, 11%
l10n/po/es_ES/content/versions/3.8/guides/spring-data-jpa.adoc.po, 84, 103, 1191, 1325, 11%
l10n/po/es_ES/content/versions/main/guides/security-spiffe-client.adoc.po, 78, 84, 1190, 1197, 1%
l10n/po/es_ES/content/guides/funqy-knative-events.adoc.po, 40, 72, 1189, 1500, 21%
l10n/po/es_ES/content/versions/main/guides/funqy-knative-events.adoc.po, 40, 72, 1189, 1500, 21%
l10n/po/es_ES/content/versions/3.2/guides/smallrye-metrics.adoc.po, 81, 91, 1186, 1197, 1%
l10n/po/es_ES/content/versions/2.13/guides/funqy-knative-events.adoc.po, 39, 72, 1185, 1500, 21%
l10n/po/es_ES/content/versions/2.16/guides/funqy-knative-events.adoc.po, 39, 72, 1185, 1500, 21%
l10n/po/es_ES/content/versions/3.15/guides/funqy-knative-events.adoc.po, 39, 72, 1185, 1500, 21%
l10n/po/es_ES/content/versions/3.2/guides/funqy-knative-events.adoc.po, 39, 72, 1185, 1500, 21%
l10n/po/es_ES/content/versions/3.20/guides/funqy-knative-events.adoc.po, 39, 72, 1185, 1500, 21%
l10n/po/es_ES/content/versions/3.27/guides/funqy-knative-events.adoc.po, 39, 72, 1185, 1500, 21%
l10n/po/es_ES/content/versions/3.33/guides/funqy-knative-events.adoc.po, 39, 72, 1185, 1500, 21%
l10n/po/es_ES/content/versions/3.34/guides/funqy-knative-events.adoc.po, 39, 72, 1185, 1500, 21%
l10n/po/es_ES/content/versions/3.8/guides/funqy-knative-events.adoc.po, 39, 72, 1185, 1500, 21%
l10n/po/es_ES/content/versions/2.16/guides/redis-dev-services.adoc.po, 47, 54, 1180, 1197, 2%
l10n/po/es_ES/content/versions/2.16/guides/security-openid-connect-providers.adoc.po, 81, 83, 1180, 1182, 1%
l10n/po/es_ES/content/versions/2.13/guides/security-openid-connect-providers.adoc.po, 81, 83, 1179, 1181, 1%
l10n/po/es_ES/content/versions/3.2/guides/grpc-getting-started.adoc.po, 75, 79, 1179, 1221, 4%
l10n/po/es_ES/content/posts/2022/2022-09-15-redis-job-queue.adoc.po, 48, 48, 1175, 1175, 0%
l10n/po/es_ES/content/versions/main/guides/kubernetes-config.adoc.po, 63, 97, 1175, 1676, 30%
l10n/po/es_ES/content/versions/main/guides/native-transport-reference.adoc.po, 132, 143, 1174, 1189, 2%
l10n/po/es_ES/content/posts/2021/2021-01-12-magic-control.adoc.po, 51, 52, 1173, 1175, 1%
l10n/po/es_ES/content/versions/3.27/guides/load-shedding-reference.adoc.po, 91, 95, 1172, 1177, 1%
l10n/po/es_ES/content/versions/3.20/guides/load-shedding-reference.adoc.po, 87, 95, 1168, 1177, 1%
l10n/po/es_ES/content/versions/3.15/guides/cache-redis-reference.adoc.po, 89, 91, 1166, 1168, 1%
l10n/po/es_ES/content/versions/3.2/guides/security-ldap.adoc.po, 124, 141, 1166, 1246, 7%
l10n/po/es_ES/content/posts/2025/2025-02-18-agentic-ai-with-quarkus.adoc.po, 45, 45, 1163, 1163, 0%
l10n/po/es_ES/content/versions/2.16/guides/funqy-gcp-functions.adoc.po, 70, 86, 1163, 1263, 8%
l10n/po/es_ES/content/versions/3.15/guides/kafka-getting-started.adoc.po, 60, 91, 1162, 1380, 16%
l10n/po/es_ES/content/versions/3.2/guides/spring-data-jpa.adoc.po, 81, 100, 1162, 1296, 11%
l10n/po/es_ES/content/versions/3.20/guides/kafka-getting-started.adoc.po, 60, 91, 1162, 1380, 16%
l10n/po/es_ES/content/versions/3.27/guides/kafka-getting-started.adoc.po, 60, 91, 1162, 1380, 16%
l10n/po/es_ES/content/versions/3.33/guides/kafka-getting-started.adoc.po, 60, 91, 1162, 1380, 16%
l10n/po/es_ES/content/versions/3.34/guides/kafka-getting-started.adoc.po, 60, 91, 1162, 1380, 16%
l10n/po/es_ES/content/versions/3.2/guides/funqy-gcp-functions.adoc.po, 70, 86, 1161, 1261, 8%
l10n/po/es_ES/content/posts/2020/2020-09-14-wipro-customer-story.adoc.po, 30, 31, 1158, 1160, 1%
l10n/po/es_ES/content/versions/2.13/guides/spring-data-jpa.adoc.po, 80, 99, 1158, 1292, 11%
l10n/po/es_ES/content/versions/2.16/guides/spring-data-jpa.adoc.po, 80, 99, 1158, 1292, 11%
l10n/po/es_ES/content/versions/3.8/guides/kafka-reactive-getting-started.adoc.po, 60, 91, 1158, 1376, 16%
l10n/po/es_ES/content/versions/3.15/guides/security-oidc-code-flow-authentication-tutorial.adoc.po, 80, 89, 1155, 1176, 2%
l10n/po/es_ES/content/versions/3.20/guides/security-oidc-code-flow-authentication-tutorial.adoc.po, 80, 89, 1155, 1176, 2%
l10n/po/es_ES/content/versions/3.27/guides/security-oidc-code-flow-authentication-tutorial.adoc.po, 80, 89, 1155, 1176, 2%
l10n/po/es_ES/content/guides/spring-web.adoc.po, 114, 139, 1154, 1315, 13%
l10n/po/es_ES/content/versions/3.15/guides/load-shedding-reference.adoc.po, 87, 95, 1154, 1163, 1%
l10n/po/es_ES/content/versions/main/guides/spring-web.adoc.po, 114, 139, 1154, 1315, 13%
l10n/po/es_ES/content/posts/2021/2021-08-23-resteasy-reactive-smart-dispatch.adoc.po, 56, 56, 1148, 1148, 0%
l10n/po/es_ES/content/guides/security-oidc-code-flow-authentication-tutorial.adoc.po, 79, 88, 1147, 1168, 2%
l10n/po/es_ES/content/versions/3.33/guides/security-cors.adoc.po, 84, 88, 1147, 1153, 1%
l10n/po/es_ES/content/versions/3.33/guides/security-oidc-code-flow-authentication-tutorial.adoc.po, 79, 88, 1147, 1168, 2%
l10n/po/es_ES/content/versions/3.34/guides/security-oidc-code-flow-authentication-tutorial.adoc.po, 79, 88, 1147, 1168, 2%
l10n/po/es_ES/content/versions/main/guides/security-oidc-code-flow-authentication-tutorial.adoc.po, 79, 88, 1147, 1168, 2%
l10n/po/es_ES/content/versions/3.2/guides/security-customization.adoc.po, 54, 56, 1145, 1149, 1%
l10n/po/es_ES/content/versions/3.33/guides/spring-web.adoc.po, 112, 137, 1143, 1304, 13%
l10n/po/es_ES/content/versions/3.34/guides/spring-web.adoc.po, 112, 137, 1143, 1304, 13%
l10n/po/es_ES/content/guides/scheduler.adoc.po, 91, 106, 1142, 1227, 7%
l10n/po/es_ES/content/versions/3.27/guides/scheduler.adoc.po, 91, 106, 1142, 1227, 7%
l10n/po/es_ES/content/versions/3.33/guides/scheduler.adoc.po, 91, 106, 1142, 1227, 7%
l10n/po/es_ES/content/versions/3.34/guides/scheduler.adoc.po, 91, 106, 1142, 1227, 7%
l10n/po/es_ES/content/versions/main/guides/scheduler.adoc.po, 91, 106, 1142, 1227, 7%
l10n/po/es_ES/content/versions/2.13/guides/redis-dev-services.adoc.po, 47, 54, 1141, 1158, 2%
l10n/po/es_ES/content/versions/2.13/guides/kafka-reactive-getting-started.adoc.po, 58, 88, 1140, 1333, 15%
l10n/po/es_ES/content/versions/2.16/guides/kafka-reactive-getting-started.adoc.po, 58, 88, 1140, 1333, 15%
l10n/po/es_ES/content/versions/3.20/guides/scheduler.adoc.po, 89, 106, 1140, 1227, 8%
l10n/po/es_ES/content/posts/2022/2022-11-17-our-bumpy-road-to-jakarta-ee-10.adoc.po, 58, 58, 1139, 1139, 0%
l10n/po/es_ES/content/versions/3.8/guides/cache-redis-reference.adoc.po, 89, 91, 1139, 1141, 1%
l10n/po/es_ES/content/versions/3.2/guides/kafka-reactive-getting-started.adoc.po, 58, 88, 1137, 1330, 15%
l10n/po/es_ES/content/posts/2025/2025-03-24-movie-similarity-search-using-vector-databases.adoc.po, 49, 50, 1136, 1137, 1%
l10n/po/es_ES/content/guides/spring-di.adoc.po, 86, 109, 1135, 1281, 12%
l10n/po/es_ES/content/versions/main/guides/spring-di.adoc.po, 86, 109, 1135, 1281, 12%
l10n/po/es_ES/content/posts/2020/2020-12-01-kafka-cloud-events.adoc.po, 36, 36, 1134, 1134, 0%
l10n/po/es_ES/content/versions/2.16/guides/security-customization.adoc.po, 52, 53, 1134, 1135, 1%
l10n/po/es_ES/content/versions/2.13/guides/security-customization.adoc.po, 52, 53, 1133, 1134, 1%
l10n/po/es_ES/content/guides/aot.adoc.po, 100, 103, 1129, 1133, 1%
l10n/po/es_ES/content/guides/spring-data-rest.adoc.po, 104, 125, 1129, 1265, 11%
l10n/po/es_ES/content/versions/main/guides/spring-data-rest.adoc.po, 104, 125, 1129, 1265, 11%
l10n/po/es_ES/content/posts/2022/2022-01-13-quarkus-aws-cloudwatch_extension.adoc.po, 32, 34, 1127, 1129, 1%
l10n/po/es_ES/content/guides/scripting.adoc.po, 74, 81, 1126, 1170, 4%
l10n/po/es_ES/content/posts/2025/2025-11-03-arc-migrates-to-gizmo2.adoc.po, 43, 43, 1126, 1126, 0%
l10n/po/es_ES/content/versions/3.15/guides/scripting.adoc.po, 74, 81, 1126, 1170, 4%
l10n/po/es_ES/content/versions/3.20/guides/scripting.adoc.po, 74, 81, 1126, 1170, 4%
l10n/po/es_ES/content/versions/3.27/guides/scripting.adoc.po, 74, 81, 1126, 1170, 4%
l10n/po/es_ES/content/versions/3.33/guides/scripting.adoc.po, 74, 81, 1126, 1170, 4%
l10n/po/es_ES/content/versions/3.34/guides/scripting.adoc.po, 74, 81, 1126, 1170, 4%
l10n/po/es_ES/content/versions/main/guides/scripting.adoc.po, 74, 81, 1126, 1170, 4%
l10n/po/es_ES/content/versions/3.27/guides/spring-di.adoc.po, 84, 107, 1124, 1270, 12%
l10n/po/es_ES/content/versions/3.33/guides/spring-di.adoc.po, 84, 107, 1124, 1270, 12%
l10n/po/es_ES/content/versions/3.34/guides/spring-di.adoc.po, 84, 107, 1124, 1270, 12%
l10n/po/es_ES/content/versions/3.20/guides/spring-di.adoc.po, 83, 107, 1123, 1270, 12%
l10n/po/es_ES/content/versions/2.13/guides/spring-security.adoc.po, 84, 108, 1122, 1275, 12%
l10n/po/es_ES/content/versions/2.16/guides/spring-security.adoc.po, 84, 108, 1122, 1275, 12%
l10n/po/es_ES/content/versions/3.15/guides/spring-di.adoc.po, 83, 107, 1121, 1268, 12%
l10n/po/es_ES/content/versions/3.8/guides/spring-di.adoc.po, 83, 107, 1120, 1267, 12%
l10n/po/es_ES/content/guides/security-keycloak-admin-client.adoc.po, 99, 110, 1119, 1156, 4%
l10n/po/es_ES/content/posts/2023/2023-11-23-stork-latest-news.adoc.po, 42, 42, 1119, 1119, 0%
l10n/po/es_ES/content/versions/3.2/guides/spring-security.adoc.po, 84, 108, 1119, 1272, 13%
l10n/po/es_ES/content/versions/3.27/guides/security-keycloak-admin-client.adoc.po, 99, 110, 1119, 1156, 4%
l10n/po/es_ES/content/versions/3.33/guides/security-keycloak-admin-client.adoc.po, 99, 110, 1119, 1156, 4%
l10n/po/es_ES/content/versions/3.34/guides/security-keycloak-admin-client.adoc.po, 99, 110, 1119, 1156, 4%
l10n/po/es_ES/content/versions/main/guides/security-keycloak-admin-client.adoc.po, 99, 110, 1119, 1156, 4%
l10n/po/es_ES/content/guides/kafka-getting-started.adoc.po, 61, 89, 1118, 1272, 13%
l10n/po/es_ES/content/versions/3.20/guides/security-keycloak-admin-client.adoc.po, 98, 110, 1118, 1156, 4%
l10n/po/es_ES/content/versions/main/guides/kafka-getting-started.adoc.po, 61, 89, 1118, 1272, 13%
l10n/po/es_ES/content/versions/main/guides/aot.adoc.po, 99, 102, 1115, 1119, 1%
l10n/po/es_ES/content/versions/main/guides/telemetry-micrometer-observation.adoc.po, 104, 108, 1115, 1128, 2%
l10n/po/es_ES/content/guides/stork.adoc.po, 74, 84, 1114, 1142, 3%
l10n/po/es_ES/content/versions/3.15/guides/scheduler.adoc.po, 88, 105, 1114, 1201, 8%
l10n/po/es_ES/content/versions/3.27/guides/stork.adoc.po, 74, 84, 1114, 1142, 3%
l10n/po/es_ES/content/versions/3.33/guides/stork.adoc.po, 74, 84, 1114, 1142, 3%
l10n/po/es_ES/content/versions/3.34/guides/stork.adoc.po, 74, 84, 1114, 1142, 3%
l10n/po/es_ES/content/versions/3.8/guides/stork.adoc.po, 74, 84, 1114, 1142, 3%
l10n/po/es_ES/content/versions/main/guides/stork.adoc.po, 74, 84, 1114, 1142, 3%
l10n/po/es_ES/content/versions/2.13/guides/rest-data-panache.adoc.po, 77, 78, 1113, 1114, 1%
l10n/po/es_ES/content/versions/3.15/guides/spring-data-rest.adoc.po, 103, 124, 1113, 1249, 11%
l10n/po/es_ES/content/versions/3.15/guides/stork.adoc.po, 74, 84, 1113, 1141, 3%
l10n/po/es_ES/content/versions/3.20/guides/spring-data-rest.adoc.po, 103, 124, 1113, 1249, 11%
l10n/po/es_ES/content/versions/3.20/guides/stork.adoc.po, 74, 84, 1113, 1141, 3%
l10n/po/es_ES/content/versions/3.27/guides/spring-data-rest.adoc.po, 103, 124, 1113, 1249, 11%
l10n/po/es_ES/content/versions/3.33/guides/spring-data-rest.adoc.po, 103, 124, 1113, 1249, 11%
l10n/po/es_ES/content/versions/3.34/guides/spring-data-rest.adoc.po, 103, 124, 1113, 1249, 11%
l10n/po/es_ES/content/versions/2.13/guides/security-csrf-prevention.adoc.po, 80, 93, 1112, 1206, 8%
l10n/po/es_ES/content/posts/2024/2024-10-30-quarkus-3-16-1-released.adoc.po, 70, 81, 1111, 1182, 7%
l10n/po/es_ES/content/guides/assistant.adoc.po, 102, 103, 1110, 1111, 1%
l10n/po/es_ES/content/versions/3.33/guides/assistant.adoc.po, 102, 103, 1110, 1111, 1%
l10n/po/es_ES/content/versions/main/guides/assistant.adoc.po, 102, 103, 1110, 1111, 1%
l10n/po/es_ES/content/guides/jar-tree-shaking.adoc.po, 57, 58, 1108, 1109, 1%
l10n/po/es_ES/content/guides/pulsar-getting-started.adoc.po, 59, 90, 1108, 1326, 17%
l10n/po/es_ES/content/versions/3.15/guides/pulsar-getting-started.adoc.po, 59, 90, 1108, 1326, 17%
l10n/po/es_ES/content/versions/3.20/guides/pulsar-getting-started.adoc.po, 59, 90, 1108, 1326, 17%
l10n/po/es_ES/content/versions/3.27/guides/pulsar-getting-started.adoc.po, 59, 90, 1108, 1326, 17%
l10n/po/es_ES/content/versions/3.33/guides/pulsar-getting-started.adoc.po, 59, 90, 1108, 1326, 17%
l10n/po/es_ES/content/versions/3.34/guides/pulsar-getting-started.adoc.po, 59, 90, 1108, 1326, 17%
l10n/po/es_ES/content/versions/main/guides/jar-tree-shaking.adoc.po, 57, 58, 1108, 1109, 1%
l10n/po/es_ES/content/versions/main/guides/pulsar-getting-started.adoc.po, 59, 90, 1108, 1326, 17%
l10n/po/es_ES/content/posts/2025/2025-12-15-quarkus-feature-flags.adoc.po, 56, 56, 1106, 1106, 0%
l10n/po/es_ES/content/versions/3.8/guides/pulsar-getting-started.adoc.po, 59, 90, 1105, 1323, 17%
l10n/po/es_ES/content/posts/2021/2021-06-22-abraxas-customer-story.adoc.po, 50, 53, 1104, 1108, 1%
l10n/po/es_ES/content/versions/3.27/guides/testing-components.adoc.po, 54, 55, 1104, 1105, 1%
l10n/po/es_ES/content/versions/3.15/guides/lifecycle.adoc.po, 69, 81, 1103, 1179, 7%
l10n/po/es_ES/content/versions/3.20/guides/lifecycle.adoc.po, 69, 81, 1103, 1179, 7%
l10n/po/es_ES/content/versions/3.27/guides/lifecycle.adoc.po, 69, 81, 1103, 1179, 7%
l10n/po/es_ES/content/posts/2022/2022-04-20-solving-problems-with-extensions.adoc.po, 54, 54, 1102, 1102, 0%
l10n/po/es_ES/content/versions/3.8/guides/spring-cloud-config-client.adoc.po, 102, 138, 1101, 1383, 21%
l10n/po/es_ES/content/posts/2021/2021-11-30-quarkus-native-neo4j-call-tree.adoc.po, 35, 35, 1100, 1100, 0%
l10n/po/es_ES/content/versions/2.13/guides/gcp-functions.adoc.po, 68, 86, 1098, 1251, 13%
l10n/po/es_ES/content/posts/2026/2026-07-21-fairness-in-benchmarking.adoc.po, 42, 42, 1097, 1097, 0%
l10n/po/es_ES/content/versions/3.2/guides/scripting.adoc.po, 71, 79, 1097, 1154, 5%
l10n/po/es_ES/content/posts/2020/2020-04-29-mocking.adoc.po, 47, 47, 1096, 1096, 0%
l10n/po/es_ES/content/versions/2.13/guides/scripting.adoc.po, 71, 79, 1096, 1153, 5%
l10n/po/es_ES/content/versions/2.16/guides/scripting.adoc.po, 71, 79, 1096, 1153, 5%
l10n/po/es_ES/content/guides/security-properties.adoc.po, 72, 94, 1095, 1205, 10%
l10n/po/es_ES/content/versions/main/guides/security-properties.adoc.po, 72, 94, 1095, 1205, 10%
l10n/po/es_ES/content/guides/grpc-generation-reference.adoc.po, 99, 99, 1094, 1094, 0%
l10n/po/es_ES/content/versions/3.33/guides/grpc-generation-reference.adoc.po, 99, 99, 1094, 1094, 0%
l10n/po/es_ES/content/versions/3.34/guides/grpc-generation-reference.adoc.po, 99, 99, 1094, 1094, 0%
l10n/po/es_ES/content/versions/main/guides/grpc-generation-reference.adoc.po, 99, 99, 1094, 1094, 0%
l10n/po/es_ES/content/posts/2020/2020-06-23-supersonic-subatomic-graphql.adoc.po, 66, 66, 1091, 1091, 0%
l10n/po/es_ES/content/versions/2.16/guides/grpc-getting-started.adoc.po, 69, 73, 1091, 1133, 4%
l10n/po/es_ES/_data/versioned/main/index/relations.yaml.po, 243, 543, 1090, 1471, 26%
l10n/po/es_ES/content/versions/3.33/guides/security-properties.adoc.po, 71, 94, 1090, 1205, 10%
l10n/po/es_ES/content/versions/3.34/guides/security-properties.adoc.po, 71, 94, 1090, 1205, 10%
l10n/po/es_ES/content/versions/3.33/guides/aot.adoc.po, 97, 100, 1088, 1092, 1%
l10n/po/es_ES/content/versions/3.34/guides/aot.adoc.po, 97, 100, 1088, 1092, 1%
l10n/po/es_ES/content/posts/2022/2022-07-15-stork-load-balancing.adoc.po, 48, 48, 1087, 1087, 0%
l10n/po/es_ES/content/versions/2.13/guides/stork.adoc.po, 71, 81, 1087, 1115, 3%
l10n/po/es_ES/content/versions/2.16/guides/stork.adoc.po, 71, 81, 1087, 1115, 3%
l10n/po/es_ES/content/guides/amqp-reference.adoc.po, 56, 269, 1085, 3576, 70%
l10n/po/es_ES/content/versions/3.2/guides/stork.adoc.po, 71, 81, 1085, 1113, 3%
l10n/po/es_ES/content/versions/main/guides/amqp-reference.adoc.po, 56, 269, 1085, 3576, 70%
l10n/po/es_ES/content/posts/2024/2024-01-31-quarkus-3-7-released.adoc.po, 70, 80, 1084, 1153, 6%
l10n/po/es_ES/content/posts/2025/2025-09-04-quarkus-a2a-java-0-3-0-alpha-release.adoc.po, 50, 50, 1083, 1083, 0%
l10n/po/es_ES/content/versions/3.34/guides/assistant.adoc.po, 101, 102, 1083, 1084, 1%
l10n/po/es_ES/content/posts/2026/2026-01-28-quarkus-3-31-released.adoc.po, 60, 70, 1082, 1151, 6%
l10n/po/es_ES/content/versions/3.27/guides/grpc-generation-reference.adoc.po, 99, 99, 1082, 1082, 0%
l10n/po/es_ES/content/versions/3.8/guides/spring-data-rest.adoc.po, 102, 123, 1082, 1218, 12%
l10n/po/es_ES/content/versions/2.13/guides/smallrye-metrics.adoc.po, 78, 88, 1081, 1092, 2%
l10n/po/es_ES/content/versions/2.16/guides/smallrye-metrics.adoc.po, 78, 88, 1081, 1092, 2%
l10n/po/es_ES/content/guides/rest-migration.adoc.po, 93, 93, 1079, 1079, 0%
l10n/po/es_ES/content/posts/2025/2025-10-28-quarkus-a2a-java-security.adoc.po, 53, 53, 1079, 1079, 0%
l10n/po/es_ES/content/versions/2.13/guides/performance-measure.adoc.po, 68, 69, 1079, 1082, 1%
l10n/po/es_ES/content/versions/3.15/guides/rest-migration.adoc.po, 93, 93, 1079, 1079, 0%
l10n/po/es_ES/content/versions/3.20/guides/rest-migration.adoc.po, 93, 93, 1079, 1079, 0%
l10n/po/es_ES/content/versions/3.27/guides/rest-migration.adoc.po, 93, 93, 1079, 1079, 0%
l10n/po/es_ES/content/versions/3.33/guides/rest-migration.adoc.po, 93, 93, 1079, 1079, 0%
l10n/po/es_ES/content/versions/3.34/guides/rest-migration.adoc.po, 93, 93, 1079, 1079, 0%
l10n/po/es_ES/content/versions/main/guides/rest-migration.adoc.po, 93, 93, 1079, 1079, 0%
l10n/po/es_ES/_data/versioned/latest/index/relations.yaml.po, 237, 537, 1074, 1457, 27%
l10n/po/es_ES/content/versions/2.16/guides/security-ldap.adoc.po, 118, 136, 1074, 1212, 12%
l10n/po/es_ES/content/posts/2024/2024-12-09-quarkus-rpi-bare-metal.adoc.po, 38, 38, 1070, 1070, 0%
l10n/po/es_ES/content/versions/3.2/guides/spring-cloud-config-client.adoc.po, 99, 135, 1070, 1352, 21%
l10n/po/es_ES/content/versions/3.15/guides/extension-metadata.adoc.po, 53, 55, 1068, 1070, 1%
l10n/po/es_ES/content/posts/2026/2026-09-08-new-guide-navigation.adoc.po, 30, 35, 1067, 1111, 4%
l10n/po/es_ES/content/versions/3.8/guides/scripting.adoc.po, 70, 78, 1065, 1122, 6%
l10n/po/es_ES/content/posts/2021/2021-01-20-quarkus-1-11-0-final-released.adoc.po, 68, 77, 1063, 1131, 7%
l10n/po/es_ES/content/versions/3.27/guides/assistant.adoc.po, 99, 100, 1062, 1063, 1%
l10n/po/es_ES/content/versions/2.13/guides/spring-data-rest.adoc.po, 99, 120, 1056, 1192, 12%
l10n/po/es_ES/content/versions/2.16/guides/spring-data-rest.adoc.po, 99, 120, 1056, 1192, 12%
l10n/po/es_ES/content/versions/3.2/guides/spring-data-rest.adoc.po, 99, 120, 1053, 1189, 12%
l10n/po/es_ES/content/posts/2024/2024-04-25-search-indexing-rollover.adoc.po, 44, 44, 1051, 1051, 0%
l10n/po/es_ES/content/versions/3.33/guides/amqp-reference.adoc.po, 54, 269, 1050, 3576, 71%
l10n/po/es_ES/content/versions/3.34/guides/amqp-reference.adoc.po, 54, 269, 1050, 3576, 71%
l10n/po/es_ES/content/versions/2.16/guides/performance-measure.adoc.po, 65, 66, 1047, 1050, 1%
l10n/po/es_ES/content/versions/3.2/guides/dev-ui.adoc.po, 72, 73, 1047, 1049, 1%
l10n/po/es_ES/content/versions/3.2/guides/performance-measure.adoc.po, 65, 66, 1047, 1050, 1%
l10n/po/es_ES/content/versions/3.8/guides/security-oidc-code-flow-authentication-tutorial.adoc.po, 77, 86, 1047, 1068, 2%
l10n/po/es_ES/content/versions/3.8/guides/extension-metadata.adoc.po, 52, 54, 1046, 1048, 1%
l10n/po/es_ES/content/posts/2025/2025-03-31-mmaler-blogpost-1-intro.adoc.po, 32, 34, 1044, 1047, 1%
l10n/po/es_ES/content/versions/3.8/guides/resteasy-reactive-migration.adoc.po, 91, 91, 1044, 1044, 0%
l10n/po/es_ES/content/guides/telemetry-micrometer-tutorial.adoc.po, 75, 79, 1043, 1047, 1%
l10n/po/es_ES/content/posts/2019/2019-09-23-quarkus-developer-joy-for-vs-code.adoc.po, 45, 46, 1043, 1045, 1%
l10n/po/es_ES/content/versions/3.20/guides/telemetry-micrometer-tutorial.adoc.po, 75, 79, 1043, 1047, 1%
l10n/po/es_ES/content/versions/3.27/guides/telemetry-micrometer-tutorial.adoc.po, 75, 79, 1043, 1047, 1%
l10n/po/es_ES/content/versions/3.33/guides/telemetry-micrometer-tutorial.adoc.po, 75, 79, 1043, 1047, 1%
l10n/po/es_ES/content/versions/3.34/guides/telemetry-micrometer-tutorial.adoc.po, 75, 79, 1043, 1047, 1%
l10n/po/es_ES/content/versions/main/guides/telemetry-micrometer-tutorial.adoc.po, 75, 79, 1043, 1047, 1%
l10n/po/es_ES/content/posts/2020/2020-01-28-vscode-quarkus-1.3.0.adoc.po, 79, 79, 1041, 1041, 0%
l10n/po/es_ES/content/posts/2024/2024-03-27-quarkus-3-9-1-released.adoc.po, 52, 62, 1039, 1108, 7%
l10n/po/es_ES/content/versions/2.13/guides/security-ldap.adoc.po, 116, 134, 1038, 1176, 12%
l10n/po/es_ES/content/posts/2025/2025-10-20-quarkus-component-test-update.adoc.po, 49, 49, 1035, 1035, 0%
l10n/po/es_ES/content/posts/2022/2022-08-31-quarkus-helm.adoc.po, 53, 53, 1034, 1034, 0%
l10n/po/es_ES/content/posts/2026/2026-09-07-quarkus-insights-258-quarkus-feature-flags.adoc.po, 56, 56, 1033, 1033, 0%
l10n/po/es_ES/content/guides/resteasy-client-multipart.adoc.po, 63, 74, 1032, 1110, 8%
l10n/po/es_ES/content/posts/2025/2025-10-31-continued-focus-on-native.adoc.po, 24, 24, 1032, 1032, 0%
l10n/po/es_ES/content/versions/3.15/guides/resteasy-client-multipart.adoc.po, 63, 74, 1032, 1110, 8%
l10n/po/es_ES/content/versions/3.20/guides/resteasy-client-multipart.adoc.po, 63, 74, 1032, 1110, 8%
l10n/po/es_ES/content/versions/3.27/guides/resteasy-client-multipart.adoc.po, 63, 74, 1032, 1110, 8%
l10n/po/es_ES/content/versions/3.33/guides/resteasy-client-multipart.adoc.po, 63, 74, 1032, 1110, 8%
l10n/po/es_ES/content/versions/3.34/guides/resteasy-client-multipart.adoc.po, 63, 74, 1032, 1110, 8%
l10n/po/es_ES/content/versions/main/guides/resteasy-client-multipart.adoc.po, 63, 74, 1032, 1110, 8%
l10n/po/es_ES/content/versions/3.8/guides/resteasy-client-multipart.adoc.po, 63, 74, 1030, 1108, 8%
l10n/po/es_ES/content/posts/2019/2019-10-12-quarkus-0-24.0-released.adoc.po, 45, 55, 1027, 1097, 7%
l10n/po/es_ES/content/posts/2021/2021-06-30-quarkus-2-0-0-final-released.adoc.po, 50, 59, 1025, 1093, 7%
l10n/po/es_ES/content/guides/command-mode-reference.adoc.po, 63, 71, 1024, 1074, 5%
l10n/po/es_ES/content/versions/3.15/guides/telemetry-micrometer-tutorial.adoc.po, 74, 78, 1024, 1028, 1%
l10n/po/es_ES/content/versions/3.20/guides/kubernetes-dev-services.adoc.po, 50, 65, 1024, 1109, 8%
l10n/po/es_ES/content/versions/3.27/guides/command-mode-reference.adoc.po, 63, 71, 1024, 1074, 5%
l10n/po/es_ES/content/versions/3.33/guides/command-mode-reference.adoc.po, 63, 71, 1024, 1074, 5%
l10n/po/es_ES/content/versions/3.34/guides/command-mode-reference.adoc.po, 63, 71, 1024, 1074, 5%
l10n/po/es_ES/content/versions/3.8/guides/telemetry-micrometer-tutorial.adoc.po, 74, 78, 1024, 1028, 1%
l10n/po/es_ES/content/versions/main/guides/command-mode-reference.adoc.po, 63, 71, 1024, 1074, 5%
l10n/po/es_ES/content/versions/2.13/guides/getting-started.adoc.po, 41, 104, 1022, 1571, 35%
l10n/po/es_ES/content/versions/2.13/guides/grpc-getting-started.adoc.po, 63, 67, 1022, 1064, 4%
l10n/po/es_ES/content/versions/2.16/guides/getting-started.adoc.po, 41, 104, 1022, 1571, 35%
l10n/po/es_ES/templates/partials/spring-migrate-content.html.po, 77, 77, 1019, 1019, 0%
l10n/po/es_ES/content/versions/2.13/guides/dev-ui.adoc.po, 70, 71, 1016, 1018, 1%
l10n/po/es_ES/content/versions/2.16/guides/dev-ui.adoc.po, 70, 71, 1016, 1018, 1%
l10n/po/es_ES/content/versions/main/guides/config-extending-support.adoc.po, 65, 65, 1016, 1016, 0%
l10n/po/es_ES/content/versions/3.2/guides/extension-metadata.adoc.po, 51, 53, 1014, 1016, 1%
l10n/po/es_ES/content/guides/kubernetes-config.adoc.po, 57, 91, 1012, 1513, 34%
l10n/po/es_ES/content/versions/3.27/guides/kubernetes-config.adoc.po, 57, 91, 1012, 1513, 34%
l10n/po/es_ES/content/versions/3.33/guides/kubernetes-config.adoc.po, 57, 91, 1012, 1513, 34%
l10n/po/es_ES/content/versions/3.34/guides/kubernetes-config.adoc.po, 57, 91, 1012, 1513, 34%
l10n/po/es_ES/content/posts/2025/2025-07-15-quickjs4j.adoc.po, 84, 86, 1002, 1005, 1%
l10n/po/es_ES/content/versions/3.20/guides/grpc-generation-reference.adoc.po, 94, 94, 1001, 1001, 0%
l10n/po/es_ES/content/versions/3.15/guides/testing-components.adoc.po, 48, 49, 1000, 1001, 1%
l10n/po/es_ES/content/versions/3.20/guides/testing-components.adoc.po, 48, 49, 1000, 1001, 1%
l10n/po/es_ES/content/guides/observability-devservices-lgtm.adoc.po, 66, 67, 999, 1002, 1%
l10n/po/es_ES/content/guides/cache-infinispan-reference.adoc.po, 71, 73, 996, 998, 1%
l10n/po/es_ES/content/posts/2020/2020-05-12-native-command-mode-tools.adoc.po, 33, 33, 996, 996, 0%
l10n/po/es_ES/content/posts/2021/2021-04-20-solving-problems-with-custom-extensions.adoc.po, 53, 60, 996, 1061, 7%
l10n/po/es_ES/content/versions/3.20/guides/cache-infinispan-reference.adoc.po, 71, 73, 996, 998, 1%
l10n/po/es_ES/content/versions/3.27/guides/cache-infinispan-reference.adoc.po, 71, 73, 996, 998, 1%
l10n/po/es_ES/content/versions/3.33/guides/cache-infinispan-reference.adoc.po, 71, 73, 996, 998, 1%
l10n/po/es_ES/content/versions/3.34/guides/cache-infinispan-reference.adoc.po, 71, 73, 996, 998, 1%
l10n/po/es_ES/content/versions/main/guides/cache-infinispan-reference.adoc.po, 71, 73, 996, 998, 1%
l10n/po/es_ES/content/posts/2022/2022-11-28-quarkus-support-for-aws-lambda-snapstart.adoc.po, 63, 63, 995, 995, 0%
l10n/po/es_ES/content/versions/2.13/guides/security-authorization.adoc.po, 48, 49, 995, 996, 1%
l10n/po/es_ES/content/versions/3.2/guides/telemetry-micrometer-tutorial.adoc.po, 71, 75, 995, 999, 1%
l10n/po/es_ES/content/guides/lra-dev-services.adoc.po, 57, 63, 994, 1005, 2%
l10n/po/es_ES/content/posts/2019/2019-12-23-quarkus-1-1-0-final-released.adoc.po, 46, 55, 994, 1062, 7%
l10n/po/es_ES/content/versions/3.2/guides/scheduler.adoc.po, 83, 100, 994, 1081, 9%
l10n/po/es_ES/content/versions/3.33/guides/lra-dev-services.adoc.po, 57, 63, 994, 1005, 2%
l10n/po/es_ES/content/versions/3.34/guides/lra-dev-services.adoc.po, 57, 63, 994, 1005, 2%
l10n/po/es_ES/content/versions/main/guides/lra-dev-services.adoc.po, 57, 63, 994, 1005, 2%
l10n/po/es_ES/content/versions/3.2/guides/cache-redis-reference.adoc.po, 82, 84, 992, 994, 1%
l10n/po/es_ES/content/versions/3.2/guides/spring-di.adoc.po, 70, 91, 990, 1134, 13%
l10n/po/es_ES/content/versions/3.27/guides/security-cors.adoc.po, 73, 77, 988, 994, 1%
l10n/po/es_ES/content/versions/3.15/guides/cache-infinispan-reference.adoc.po, 71, 73, 987, 989, 1%
l10n/po/es_ES/content/versions/3.2/guides/resteasy-reactive-migration.adoc.po, 87, 87, 980, 980, 0%
l10n/po/es_ES/content/versions/3.8/guides/scheduler.adoc.po, 83, 100, 980, 1067, 9%
l10n/po/es_ES/content/posts/2022/2022-11-22-redis-job-queue-reloaded.adoc.po, 31, 31, 979, 979, 0%
l10n/po/es_ES/content/versions/3.20/guides/command-mode-reference.adoc.po, 57, 65, 979, 1029, 5%
l10n/po/es_ES/content/posts/2026/2026-05-01-quarkus-3-35-released.adoc.po, 59, 69, 978, 1047, 7%
l10n/po/es_ES/content/posts/2026/2026-05-18-a2a-java-sdk-1-0-0-cr1-released.adoc.po, 72, 74, 977, 981, 1%
l10n/po/es_ES/content/versions/main/guides/http3-reference.adoc.po, 76, 82, 976, 982, 1%
l10n/po/es_ES/content/versions/3.20/guides/security-cors.adoc.po, 73, 77, 975, 981, 1%
l10n/po/es_ES/content/versions/3.2/guides/rest-client-multipart.adoc.po, 59, 69, 974, 1043, 7%
l10n/po/es_ES/content/guides/pulsar-dev-services.adoc.po, 55, 62, 972, 985, 2%
l10n/po/es_ES/content/versions/3.27/guides/pulsar-dev-services.adoc.po, 55, 62, 972, 985, 2%
l10n/po/es_ES/content/versions/3.33/guides/pulsar-dev-services.adoc.po, 55, 62, 972, 985, 2%
l10n/po/es_ES/content/versions/3.34/guides/pulsar-dev-services.adoc.po, 55, 62, 972, 985, 2%
l10n/po/es_ES/content/versions/main/guides/pulsar-dev-services.adoc.po, 55, 62, 972, 985, 2%
l10n/po/es_ES/content/versions/3.15/guides/grpc-service-consumption.adoc.po, 69, 74, 971, 977, 1%
l10n/po/es_ES/content/versions/3.20/guides/pulsar-dev-services.adoc.po, 54, 62, 971, 985, 2%
l10n/po/es_ES/content/posts/2019/2019-11-06-gowithflow-chooses-quarkus-to-deliver-fast-to-production.adoc.po, 37, 37, 970, 970, 0%
l10n/po/es_ES/content/posts/2022/2022-04-27-monitoring-quarkus-jvm-mode-with-cryostat.adoc.po, 35, 35, 970, 970, 0%
l10n/po/es_ES/content/versions/3.15/guides/command-mode-reference.adoc.po, 57, 65, 970, 1020, 5%
l10n/po/es_ES/content/posts/2022/2022-08-30-kafka-serde.adoc.po, 42, 42, 968, 968, 0%
l10n/po/es_ES/content/versions/2.13/guides/rest-client-multipart.adoc.po, 59, 69, 967, 1036, 7%
l10n/po/es_ES/content/versions/2.16/guides/rest-client-multipart.adoc.po, 59, 69, 967, 1036, 7%
l10n/po/es_ES/content/versions/3.20/guides/kubernetes-config.adoc.po, 53, 91, 963, 1510, 37%
l10n/po/es_ES/content/posts/2025/2025-01-08-quarkus-langchain4j-mcp.adoc.po, 35, 36, 958, 959, 1%
l10n/po/es_ES/content/versions/3.8/guides/lifecycle.adoc.po, 61, 73, 957, 1033, 8%
l10n/po/es_ES/content/versions/2.16/guides/extension-metadata.adoc.po, 50, 52, 955, 957, 1%
l10n/po/es_ES/content/posts/2026/2026-08-18-a2a-java-sdk-1-2-0-final-released.adoc.po, 80, 82, 954, 958, 1%
l10n/po/es_ES/content/versions/2.13/guides/spring-cloud-config-client.adoc.po, 85, 123, 953, 1296, 27%
l10n/po/es_ES/content/versions/2.16/guides/spring-cloud-config-client.adoc.po, 85, 123, 953, 1296, 27%
l10n/po/es_ES/content/posts/2022/2022-09-13-aphp-user-story.adoc.po, 36, 37, 944, 945, 1%
l10n/po/es_ES/content/versions/3.15/guides/kubernetes-config.adoc.po, 53, 91, 943, 1490, 37%
l10n/po/es_ES/content/posts/2021/2021-12-22-quarkus-2-6-0-final-released.adoc.po, 53, 61, 942, 1008, 7%
l10n/po/es_ES/content/posts/2022/2022-11-10-road-to-quarkus-3.adoc.po, 53, 53, 942, 942, 0%
l10n/po/es_ES/content/posts/2019/2019-11-21-vscode-quarkus-1.2.0.adoc.po, 48, 48, 940, 940, 0%
l10n/po/es_ES/content/posts/2024/2024-02-27-quarkus-kiota.adoc.po, 35, 38, 940, 963, 3%
l10n/po/es_ES/content/posts/2025/2025-01-29-introducing-mcp-servers.adoc.po, 49, 49, 940, 940, 0%
l10n/po/es_ES/content/guides/deploying-to-heroku.adoc.po, 58, 85, 938, 1181, 21%
l10n/po/es_ES/content/versions/3.20/guides/deploying-to-heroku.adoc.po, 58, 85, 938, 1181, 21%
l10n/po/es_ES/content/versions/3.27/guides/deploying-to-heroku.adoc.po, 58, 85, 938, 1181, 21%
l10n/po/es_ES/content/versions/3.33/guides/deploying-to-heroku.adoc.po, 58, 85, 938, 1181, 21%
l10n/po/es_ES/content/versions/3.34/guides/deploying-to-heroku.adoc.po, 58, 85, 938, 1181, 21%
l10n/po/es_ES/content/versions/main/guides/deploying-to-heroku.adoc.po, 58, 85, 938, 1181, 21%
l10n/po/es_ES/content/guides/telemetry-micrometer-to-opentelemetry.adoc.po, 103, 106, 937, 948, 2%
l10n/po/es_ES/content/versions/3.27/guides/telemetry-micrometer-to-opentelemetry.adoc.po, 103, 106, 937, 948, 2%
l10n/po/es_ES/content/versions/3.33/guides/telemetry-micrometer-to-opentelemetry.adoc.po, 103, 106, 937, 948, 2%
l10n/po/es_ES/content/versions/3.34/guides/telemetry-micrometer-to-opentelemetry.adoc.po, 103, 106, 937, 948, 2%
l10n/po/es_ES/_data/versioned/3-33/index/relations.yaml.po, 202, 515, 935, 1404, 34%
l10n/po/es_ES/_data/versioned/3-34/index/relations.yaml.po, 202, 515, 935, 1404, 34%
l10n/po/es_ES/content/guides/context-propagation.adoc.po, 66, 71, 935, 976, 5%
l10n/po/es_ES/content/versions/3.15/guides/context-propagation.adoc.po, 66, 71, 935, 976, 5%
l10n/po/es_ES/content/versions/3.20/guides/context-propagation.adoc.po, 66, 71, 935, 976, 5%
l10n/po/es_ES/content/versions/3.27/guides/context-propagation.adoc.po, 66, 71, 935, 976, 5%
l10n/po/es_ES/content/versions/3.33/guides/context-propagation.adoc.po, 66, 71, 935, 976, 5%
l10n/po/es_ES/content/versions/3.34/guides/context-propagation.adoc.po, 66, 71, 935, 976, 5%
l10n/po/es_ES/content/versions/main/guides/context-propagation.adoc.po, 66, 71, 935, 976, 5%
l10n/po/es_ES/content/posts/2025/2025-06-27-a2a-project-launches-java-sdk.adoc.po, 39, 39, 933, 933, 0%
l10n/po/es_ES/content/versions/3.8/guides/command-mode-reference.adoc.po, 54, 61, 933, 980, 5%
l10n/po/es_ES/content/posts/2026/2026-01-19-a2a-java-sdk-1-0-0-alpha1.adoc.po, 67, 68, 932, 934, 1%
l10n/po/es_ES/content/versions/3.2/guides/context-propagation.adoc.po, 66, 71, 932, 973, 5%
l10n/po/es_ES/content/versions/3.8/guides/context-propagation.adoc.po, 66, 71, 932, 973, 5%
l10n/po/es_ES/content/versions/2.13/guides/funqy-gcp-functions.adoc.po, 58, 76, 930, 1047, 12%
l10n/po/es_ES/content/versions/2.13/guides/context-propagation.adoc.po, 66, 71, 928, 969, 5%
l10n/po/es_ES/content/versions/2.16/guides/context-propagation.adoc.po, 66, 71, 928, 969, 5%
l10n/po/es_ES/content/guides/redis-dev-services.adoc.po, 50, 56, 927, 938, 2%
l10n/po/es_ES/content/versions/3.33/guides/redis-dev-services.adoc.po, 50, 56, 927, 938, 2%
l10n/po/es_ES/content/versions/3.34/guides/redis-dev-services.adoc.po, 50, 56, 927, 938, 2%
l10n/po/es_ES/content/versions/main/guides/redis-dev-services.adoc.po, 50, 56, 927, 938, 2%
l10n/po/es_ES/content/guides/liquibase-mongodb.adoc.po, 112, 131, 926, 1095, 16%
l10n/po/es_ES/content/guides/lra.adoc.po, 15, 20, 926, 940, 2%
l10n/po/es_ES/content/posts/2022/2022-09-07-redis-api-intro.adoc.po, 45, 45, 926, 926, 0%
l10n/po/es_ES/content/versions/main/guides/liquibase-mongodb.adoc.po, 112, 131, 926, 1095, 16%
l10n/po/es_ES/content/versions/main/guides/lra.adoc.po, 15, 20, 926, 940, 2%
l10n/po/es_ES/content/versions/2.13/guides/extension-metadata.adoc.po, 49, 51, 925, 927, 1%
l10n/po/es_ES/content/versions/3.15/guides/spring-web.adoc.po, 102, 127, 925, 1086, 15%
l10n/po/es_ES/content/versions/3.20/guides/spring-web.adoc.po, 102, 127, 925, 1086, 15%
l10n/po/es_ES/content/versions/3.27/guides/spring-web.adoc.po, 102, 127, 925, 1086, 15%
l10n/po/es_ES/content/versions/3.27/guides/security-properties.adoc.po, 70, 93, 924, 1039, 12%
l10n/po/es_ES/content/versions/3.8/guides/spring-web.adoc.po, 102, 127, 924, 1085, 15%
l10n/po/es_ES/content/versions/3.2/guides/kubernetes-config.adoc.po, 53, 91, 923, 1470, 38%
l10n/po/es_ES/content/versions/3.20/guides/security-properties.adoc.po, 69, 93, 923, 1039, 12%
l10n/po/es_ES/content/versions/3.8/guides/kubernetes-config.adoc.po, 53, 91, 923, 1470, 38%
l10n/po/es_ES/content/versions/3.15/guides/lra.adoc.po, 14, 20, 922, 940, 2%
l10n/po/es_ES/content/versions/3.2/guides/lra.adoc.po, 14, 20, 922, 940, 2%
l10n/po/es_ES/content/versions/3.20/guides/lra.adoc.po, 14, 20, 922, 940, 2%
l10n/po/es_ES/content/versions/3.27/guides/lra.adoc.po, 14, 20, 922, 940, 2%
l10n/po/es_ES/content/versions/3.33/guides/lra.adoc.po, 14, 20, 922, 940, 2%
l10n/po/es_ES/content/versions/3.34/guides/lra.adoc.po, 14, 20, 922, 940, 2%
l10n/po/es_ES/content/versions/3.8/guides/lra.adoc.po, 14, 20, 922, 940, 2%
l10n/po/es_ES/content/posts/2020/2020-10-20-kafka-failure-strategy.adoc.po, 42, 43, 918, 926, 1%
l10n/po/es_ES/content/posts/2023/2023-10-20-cve-2023-44487.adoc.po, 29, 29, 917, 917, 0%
l10n/po/es_ES/content/versions/2.13/guides/lra.adoc.po, 14, 20, 917, 935, 2%
l10n/po/es_ES/content/versions/2.16/guides/lra.adoc.po, 14, 20, 917, 935, 2%
l10n/po/es_ES/content/posts/2023/2023-04-19-vscode-quarkus-1.13.0-released.adoc.po, 57, 57, 916, 916, 0%
l10n/po/es_ES/content/versions/main/guides/telemetry-micrometer-to-opentelemetry.adoc.po, 101, 104, 916, 927, 2%
l10n/po/es_ES/_data/versioned/3-27/index/relations.yaml.po, 199, 509, 915, 1381, 34%
l10n/po/es_ES/content/versions/3.20/guides/telemetry-micrometer-to-opentelemetry.adoc.po, 101, 104, 914, 925, 2%
l10n/po/es_ES/content/posts/2025/2025-05-08-agentic-ai-with-quarkus-p3.adoc.po, 21, 21, 913, 913, 0%
l10n/po/es_ES/content/posts/2023/2023-08-23-quarkus-3-3-0-released.adoc.po, 53, 65, 908, 988, 9%
l10n/po/es_ES/content/versions/2.13/guides/stork-reference.adoc.po, 52, 52, 908, 908, 0%
l10n/po/es_ES/content/versions/2.16/guides/stork-reference.adoc.po, 52, 52, 908, 908, 0%
l10n/po/es_ES/content/posts/2019/2019-07-25-quarkus-dependency-injection.adoc.po, 32, 34, 907, 910, 1%
l10n/po/es_ES/content/versions/2.13/guides/command-mode-reference.adoc.po, 51, 58, 907, 954, 5%
l10n/po/es_ES/content/versions/2.16/guides/command-mode-reference.adoc.po, 51, 58, 907, 954, 5%
l10n/po/es_ES/_data/books.yaml.po, 85, 87, 904, 908, 1%
l10n/po/es_ES/content/posts/2021/2021-03-30-quarkus-1-13-0-final-released.adoc.po, 50, 58, 904, 970, 7%
l10n/po/es_ES/content/versions/3.2/guides/command-mode-reference.adoc.po, 51, 58, 904, 951, 5%
l10n/po/es_ES/content/guides/getting-started.adoc.po, 51, 80, 903, 1148, 22%
l10n/po/es_ES/content/posts/2025/2025-03-19-sender-constraining-tokens.adoc.po, 30, 31, 903, 904, 1%
l10n/po/es_ES/content/versions/main/guides/getting-started.adoc.po, 51, 80, 903, 1148, 22%
l10n/po/es_ES/content/versions/3.27/guides/redis-dev-services.adoc.po, 43, 49, 902, 913, 2%
l10n/po/es_ES/content/guides/mongodb-dev-services.adoc.po, 50, 55, 901, 908, 1%
l10n/po/es_ES/content/posts/2020/2020-01-28-quarkus-1-2-0-final-released.adoc.po, 59, 68, 901, 969, 8%
l10n/po/es_ES/content/versions/3.20/guides/redis-dev-services.adoc.po, 42, 49, 901, 913, 2%
l10n/po/es_ES/content/versions/3.33/guides/mongodb-dev-services.adoc.po, 50, 55, 901, 908, 1%
l10n/po/es_ES/content/versions/3.34/guides/mongodb-dev-services.adoc.po, 50, 55, 901, 908, 1%
l10n/po/es_ES/content/versions/main/guides/mongodb-dev-services.adoc.po, 50, 55, 901, 908, 1%
l10n/po/es_ES/_data/versioned/3-20/index/relations.yaml.po, 195, 499, 899, 1358, 34%
l10n/po/es_ES/content/versions/3.15/guides/security-keycloak-admin-client.adoc.po, 90, 102, 898, 936, 5%
l10n/po/es_ES/content/guides/picocli.adoc.po, 58, 64, 897, 920, 3%
l10n/po/es_ES/content/versions/3.15/guides/redis-dev-services.adoc.po, 43, 49, 897, 907, 2%
l10n/po/es_ES/content/versions/3.20/guides/picocli.adoc.po, 58, 64, 897, 920, 3%
l10n/po/es_ES/content/versions/3.27/guides/picocli.adoc.po, 58, 64, 897, 920, 3%
l10n/po/es_ES/content/versions/3.33/guides/picocli.adoc.po, 58, 64, 897, 920, 3%
l10n/po/es_ES/content/versions/3.34/guides/picocli.adoc.po, 58, 64, 897, 920, 3%
l10n/po/es_ES/content/versions/main/guides/picocli.adoc.po, 58, 64, 897, 920, 3%
l10n/po/es_ES/content/versions/3.2/guides/spring-web.adoc.po, 99, 124, 895, 1056, 16%
l10n/po/es_ES/content/versions/3.2/guides/podman.adoc.po, 28, 28, 892, 892, 0%
l10n/po/es_ES/content/versions/3.8/guides/podman.adoc.po, 28, 28, 892, 892, 0%
l10n/po/es_ES/content/versions/2.13/guides/spring-di.adoc.po, 64, 85, 890, 1034, 14%
l10n/po/es_ES/content/versions/2.16/guides/spring-di.adoc.po, 64, 85, 890, 1034, 14%
l10n/po/es_ES/content/guides/extension-faq.adoc.po, 40, 40, 889, 889, 0%
l10n/po/es_ES/content/versions/3.27/guides/extension-faq.adoc.po, 40, 40, 889, 889, 0%
l10n/po/es_ES/content/versions/3.33/guides/extension-faq.adoc.po, 40, 40, 889, 889, 0%
l10n/po/es_ES/content/versions/3.34/guides/extension-faq.adoc.po, 40, 40, 889, 889, 0%
l10n/po/es_ES/content/versions/main/guides/extension-faq.adoc.po, 40, 40, 889, 889, 0%
l10n/po/es_ES/content/versions/3.2/guides/elasticsearch-dev-services.adoc.po, 49, 68, 887, 982, 10%
l10n/po/es_ES/content/versions/2.13/guides/spring-web.adoc.po, 99, 124, 886, 1047, 16%
l10n/po/es_ES/content/versions/2.16/guides/spring-web.adoc.po, 99, 124, 886, 1047, 16%
l10n/po/es_ES/content/versions/2.16/guides/telemetry-micrometer-tutorial.adoc.po, 64, 69, 886, 894, 1%
l10n/po/es_ES/content/posts/2020/2020-08-19-openapi-for-everyone.adoc.po, 51, 52, 885, 887, 1%
l10n/po/es_ES/content/versions/3.15/guides/security-properties.adoc.po, 68, 92, 885, 1001, 12%
l10n/po/es_ES/content/posts/2021/2021-02-02-getting-started-amqp.adoc.po, 45, 45, 883, 883, 0%
l10n/po/es_ES/content/posts/2019/2019-07-31-quarkus-0-20-0-released.adoc.po, 40, 49, 880, 948, 8%
l10n/po/es_ES/content/versions/3.8/guides/security-keycloak-admin-client.adoc.po, 90, 102, 880, 918, 5%
l10n/po/es_ES/content/guides/rest-virtual-threads.adoc.po, 63, 68, 879, 897, 3%
l10n/po/es_ES/content/posts/2019/2019-11-25-quarkus-1-0-0-Final-bits-are-here.adoc.po, 25, 32, 879, 944, 7%
l10n/po/es_ES/content/posts/2020/2020-10-21-quarkus-1-9-0-final-released.adoc.po, 49, 57, 879, 945, 7%
l10n/po/es_ES/content/versions/3.33/guides/rest-virtual-threads.adoc.po, 63, 68, 879, 897, 3%
l10n/po/es_ES/content/versions/3.34/guides/rest-virtual-threads.adoc.po, 63, 68, 879, 897, 3%
l10n/po/es_ES/content/versions/main/guides/rest-virtual-threads.adoc.po, 63, 68, 879, 897, 3%
l10n/po/es_ES/content/versions/2.16/guides/security-properties.adoc.po, 66, 89, 877, 990, 12%
l10n/po/es_ES/content/guides/podman.adoc.po, 25, 25, 876, 876, 0%
l10n/po/es_ES/content/versions/2.13/guides/security-properties.adoc.po, 66, 89, 876, 989, 12%
l10n/po/es_ES/content/versions/3.15/guides/podman.adoc.po, 25, 25, 876, 876, 0%
l10n/po/es_ES/content/versions/3.20/guides/podman.adoc.po, 25, 25, 876, 876, 0%
l10n/po/es_ES/content/versions/3.27/guides/podman.adoc.po, 25, 25, 876, 876, 0%
l10n/po/es_ES/content/versions/3.33/guides/podman.adoc.po, 25, 25, 876, 876, 0%
l10n/po/es_ES/content/versions/3.34/guides/podman.adoc.po, 25, 25, 876, 876, 0%
l10n/po/es_ES/content/versions/main/guides/podman.adoc.po, 25, 25, 876, 876, 0%
l10n/po/es_ES/content/versions/2.16/guides/picocli.adoc.po, 45, 52, 875, 891, 2%
l10n/po/es_ES/content/posts/2026/2026-08-26-quarkus-flow-1-0-0-released.adoc.po, 45, 45, 874, 874, 0%
l10n/po/es_ES/content/versions/3.2/guides/security-oidc-code-flow-authentication-tutorial.adoc.po, 66, 81, 874, 966, 10%
l10n/po/es_ES/_data/extensions.yaml.po, 394, 416, 873, 896, 3%
l10n/po/es_ES/content/posts/2022/2022-08-30-solving-problems-with-extensions-2.adoc.po, 44, 44, 873, 873, 0%
l10n/po/es_ES/content/posts/2024/2024-06-03-incubating-model-resolver.adoc.po, 32, 32, 873, 873, 0%
l10n/po/es_ES/content/posts/2024/2024-06-26-quarkus-3-12-0-released.adoc.po, 57, 68, 871, 941, 8%
l10n/po/es_ES/content/posts/2023/2023-09-20-quarkus-observability-3-3.adoc.po, 55, 55, 870, 870, 0%
l10n/po/es_ES/content/posts/2026/2026-06-10-a2a-java-sdk-1-0-0-final-released.adoc.po, 57, 59, 869, 873, 1%
l10n/po/es_ES/content/posts/2024/2024-07-31-quarkus-3-13-0-released.adoc.po, 53, 63, 868, 937, 8%
l10n/po/es_ES/content/versions/3.15/guides/picocli.adoc.po, 48, 55, 868, 892, 3%
l10n/po/es_ES/content/versions/3.27/guides/amqp-reference.adoc.po, 49, 269, 867, 3575, 76%
l10n/po/es_ES/content/versions/3.8/guides/resteasy-reactive-virtual-threads.adoc.po, 63, 68, 867, 885, 3%
l10n/po/es_ES/content/versions/3.15/guides/rest-virtual-threads.adoc.po, 63, 68, 866, 884, 3%
l10n/po/es_ES/content/versions/3.2/guides/security-properties.adoc.po, 67, 91, 866, 982, 12%
l10n/po/es_ES/content/versions/3.20/guides/rest-virtual-threads.adoc.po, 63, 68, 866, 884, 3%
l10n/po/es_ES/content/versions/3.27/guides/rest-virtual-threads.adoc.po, 63, 68, 866, 884, 3%
l10n/po/es_ES/content/posts/2020/2020-08-13-quarkus-1-7-0-final-released.adoc.po, 54, 62, 865, 931, 8%
l10n/po/es_ES/content/versions/2.16/guides/resteasy-reactive-migration.adoc.po, 83, 83, 864, 864, 0%
l10n/po/es_ES/content/posts/2025/2025-09-15-quarkus-a2a-multi-agent-content-creation.adoc.po, 66, 67, 863, 864, 1%
l10n/po/es_ES/content/versions/2.13/guides/resteasy-reactive-migration.adoc.po, 81, 81, 862, 862, 0%
l10n/po/es_ES/content/posts/2022/2022-02-02-quarkus-2-7-0-final-released.adoc.po, 62, 71, 861, 928, 8%
l10n/po/es_ES/content/guides/stork-manual-service-registration.adoc.po, 71, 81, 860, 911, 6%
l10n/po/es_ES/content/versions/3.8/guides/security-properties.adoc.po, 67, 91, 860, 976, 12%
l10n/po/es_ES/content/versions/main/guides/stork-manual-service-registration.adoc.po, 71, 81, 860, 911, 6%
l10n/po/es_ES/content/guides/funqy-aws-lambda.adoc.po, 42, 82, 859, 1297, 34%
l10n/po/es_ES/content/versions/2.13/guides/funqy-amazon-lambda.adoc.po, 42, 82, 859, 1297, 34%
l10n/po/es_ES/content/versions/2.16/guides/funqy-amazon-lambda.adoc.po, 42, 82, 859, 1297, 34%
l10n/po/es_ES/content/versions/3.15/guides/funqy-aws-lambda.adoc.po, 42, 82, 859, 1297, 34%
l10n/po/es_ES/content/versions/3.2/guides/funqy-amazon-lambda.adoc.po, 42, 82, 859, 1297, 34%
l10n/po/es_ES/content/versions/3.20/guides/funqy-aws-lambda.adoc.po, 42, 82, 859, 1297, 34%
l10n/po/es_ES/content/versions/3.27/guides/funqy-aws-lambda.adoc.po, 42, 82, 859, 1297, 34%
l10n/po/es_ES/content/versions/3.33/guides/funqy-aws-lambda.adoc.po, 42, 82, 859, 1297, 34%
l10n/po/es_ES/content/versions/3.34/guides/funqy-aws-lambda.adoc.po, 42, 82, 859, 1297, 34%
l10n/po/es_ES/content/versions/3.8/guides/funqy-aws-lambda.adoc.po, 42, 82, 859, 1297, 34%
l10n/po/es_ES/content/versions/main/guides/funqy-aws-lambda.adoc.po, 42, 82, 859, 1297, 34%
l10n/po/es_ES/content/posts/2021/2021-04-15-gui-react-patternfly.adoc.po, 36, 36, 855, 855, 0%
l10n/po/es_ES/content/versions/3.8/guides/picocli.adoc.po, 48, 55, 855, 879, 3%
l10n/po/es_ES/content/versions/3.2/guides/picocli.adoc.po, 47, 54, 854, 870, 2%
l10n/po/es_ES/content/versions/main/guides/credentials-provider.adoc.po, 50, 51, 853, 854, 1%
l10n/po/es_ES/content/guides/credentials-provider.adoc.po, 49, 50, 852, 853, 1%
l10n/po/es_ES/content/posts/2020/2020-12-01-quarkus-1-10-2-final-released.adoc.po, 63, 71, 852, 918, 8%
l10n/po/es_ES/content/versions/2.13/guides/telemetry-micrometer-tutorial.adoc.po, 62, 67, 852, 860, 1%
l10n/po/es_ES/content/versions/3.15/guides/credentials-provider.adoc.po, 49, 50, 852, 853, 1%
l10n/po/es_ES/content/versions/3.20/guides/credentials-provider.adoc.po, 49, 50, 852, 853, 1%
l10n/po/es_ES/content/versions/3.27/guides/credentials-provider.adoc.po, 49, 50, 852, 853, 1%
l10n/po/es_ES/content/versions/3.33/guides/credentials-provider.adoc.po, 49, 50, 852, 853, 1%
l10n/po/es_ES/content/versions/3.34/guides/credentials-provider.adoc.po, 49, 50, 852, 853, 1%
l10n/po/es_ES/content/versions/3.8/guides/credentials-provider.adoc.po, 49, 50, 852, 853, 1%
l10n/po/es_ES/content/versions/2.16/guides/elasticsearch-dev-services.adoc.po, 40, 59, 851, 946, 11%
l10n/po/es_ES/content/versions/3.8/guides/infinispan-client.adoc.po, 60, 85, 850, 1066, 21%
l10n/po/es_ES/content/posts/2023/2023-11-30-java-17.adoc.po, 31, 31, 847, 847, 0%
l10n/po/es_ES/content/posts/2023/2023-05-15-pact-and-quarkus-3.adoc.po, 36, 36, 846, 846, 0%
l10n/po/es_ES/content/versions/main/guides/stork-registration.adoc.po, 83, 86, 845, 849, 1%
l10n/po/es_ES/content/posts/2023/2023-01-16-native-adopts-adaptive-gc-policy.adoc.po, 16, 16, 844, 844, 0%
l10n/po/es_ES/content/versions/2.13/guides/elasticsearch-dev-services.adoc.po, 40, 59, 842, 937, 11%
l10n/po/es_ES/content/posts/2020/2020-09-02-mutiny-redis.adoc.po, 40, 40, 839, 839, 0%
l10n/po/es_ES/content/guides/amqp-dev-services.adoc.po, 47, 65, 837, 1069, 22%
l10n/po/es_ES/content/versions/3.15/guides/security-cors.adoc.po, 52, 56, 837, 843, 1%
l10n/po/es_ES/content/versions/3.33/guides/amqp-dev-services.adoc.po, 47, 65, 837, 1069, 22%
l10n/po/es_ES/content/versions/3.34/guides/amqp-dev-services.adoc.po, 47, 65, 837, 1069, 22%
l10n/po/es_ES/content/versions/main/guides/amqp-dev-services.adoc.po, 47, 65, 837, 1069, 22%
l10n/po/es_ES/content/posts/2022/2022-03-28-vscode-quarkus-1.10.0.adoc.po, 34, 34, 836, 836, 0%
l10n/po/es_ES/content/posts/2023/2023-02-10-jpastreamer-extension.adoc.po, 35, 35, 836, 836, 0%
l10n/po/es_ES/content/guides/stork-registration.adoc.po, 83, 86, 831, 835, 1%
l10n/po/es_ES/content/posts/2020/2020-02-24-qute.adoc.po, 38, 39, 829, 864, 5%
l10n/po/es_ES/_data/versioned/3-15/index/relations.yaml.po, 185, 481, 828, 1283, 36%
l10n/po/es_ES/content/posts/2020/2020-09-30-biased-locking-help.adoc.po, 33, 33, 828, 828, 0%
l10n/po/es_ES/content/versions/3.8/guides/security-cors.adoc.po, 52, 56, 825, 831, 1%
l10n/po/es_ES/content/versions/3.33/guides/liquibase-mongodb.adoc.po, 102, 121, 824, 993, 18%
l10n/po/es_ES/content/versions/3.34/guides/liquibase-mongodb.adoc.po, 102, 121, 824, 993, 18%
l10n/po/es_ES/content/versions/2.13/guides/lifecycle.adoc.po, 53, 65, 822, 898, 9%
l10n/po/es_ES/content/versions/2.16/guides/lifecycle.adoc.po, 53, 65, 822, 898, 9%
l10n/po/es_ES/content/versions/3.2/guides/infinispan-client.adoc.po, 57, 82, 821, 1037, 21%
l10n/po/es_ES/content/posts/2019/2019-11-08-quarkus-for-spring-developers.adoc.po, 24, 24, 819, 819, 0%
l10n/po/es_ES/content/posts/2020/2020-11-24-mutiny-vertx.adoc.po, 40, 40, 819, 819, 0%
l10n/po/es_ES/content/versions/3.2/guides/lifecycle.adoc.po, 53, 65, 819, 895, 9%
l10n/po/es_ES/content/guides/infinispan-client.adoc.po, 58, 83, 818, 1034, 21%
l10n/po/es_ES/content/versions/main/guides/infinispan-client.adoc.po, 58, 83, 818, 1034, 21%
l10n/po/es_ES/content/guides/dev-mcp.adoc.po, 44, 44, 816, 816, 0%
l10n/po/es_ES/content/versions/main/guides/dev-mcp.adoc.po, 44, 44, 816, 816, 0%
l10n/po/es_ES/content/posts/2025/2025-12-24-hibernate-panache-next.adoc.po, 38, 38, 815, 815, 0%
l10n/po/es_ES/content/posts/2020/2020-09-08-kafka-rest-client.adoc.po, 33, 33, 813, 813, 0%
l10n/po/es_ES/content/guides/grpc-reference.adoc.po, 54, 54, 811, 811, 0%
l10n/po/es_ES/content/versions/3.15/guides/infinispan-client.adoc.po, 58, 83, 811, 1027, 22%
l10n/po/es_ES/content/versions/3.33/guides/grpc-reference.adoc.po, 54, 54, 811, 811, 0%
l10n/po/es_ES/content/versions/3.33/guides/observability-devservices-lgtm.adoc.po, 58, 59, 811, 814, 1%
l10n/po/es_ES/content/versions/3.34/guides/grpc-reference.adoc.po, 54, 54, 811, 811, 0%
l10n/po/es_ES/content/versions/3.34/guides/observability-devservices-lgtm.adoc.po, 58, 59, 811, 814, 1%
l10n/po/es_ES/content/versions/main/guides/grpc-reference.adoc.po, 54, 54, 811, 811, 0%
l10n/po/es_ES/content/guides/config-extending-support.adoc.po, 54, 54, 809, 809, 0%
l10n/po/es_ES/content/versions/2.13/guides/config-extending-support.adoc.po, 54, 54, 809, 809, 0%
l10n/po/es_ES/content/versions/2.16/guides/config-extending-support.adoc.po, 54, 54, 809, 809, 0%
l10n/po/es_ES/content/versions/3.15/guides/config-extending-support.adoc.po, 54, 54, 809, 809, 0%
l10n/po/es_ES/content/versions/3.2/guides/config-extending-support.adoc.po, 54, 54, 809, 809, 0%
l10n/po/es_ES/content/versions/3.20/guides/config-extending-support.adoc.po, 54, 54, 809, 809, 0%
l10n/po/es_ES/content/versions/3.27/guides/config-extending-support.adoc.po, 54, 54, 809, 809, 0%
l10n/po/es_ES/content/versions/3.33/guides/config-extending-support.adoc.po, 54, 54, 809, 809, 0%
l10n/po/es_ES/content/versions/3.34/guides/config-extending-support.adoc.po, 54, 54, 809, 809, 0%
l10n/po/es_ES/content/versions/3.8/guides/config-extending-support.adoc.po, 54, 54, 809, 809, 0%
l10n/po/es_ES/content/posts/2021/2021-01-18-getting-started-kafka.adoc.po, 40, 40, 806, 806, 0%
l10n/po/es_ES/content/posts/2025/2025-01-29-quarkus-3-18-1-released.adoc.po, 53, 64, 805, 876, 9%
l10n/po/es_ES/content/posts/2025/2025-01-13-mcp-server.adoc.po, 69, 70, 804, 805, 1%
l10n/po/es_ES/content/posts/2025/2025-04-30-quarkus-3-22-1-released.adoc.po, 49, 60, 804, 874, 9%
l10n/po/es_ES/content/guides/jms.adoc.po, 55, 69, 803, 885, 10%
l10n/po/es_ES/content/versions/3.15/guides/jms.adoc.po, 55, 69, 803, 885, 10%
l10n/po/es_ES/content/versions/3.20/guides/jms.adoc.po, 55, 69, 803, 885, 10%
l10n/po/es_ES/content/versions/3.27/guides/jms.adoc.po, 55, 69, 803, 885, 10%
l10n/po/es_ES/content/versions/3.33/guides/jms.adoc.po, 55, 69, 803, 885, 10%
l10n/po/es_ES/content/versions/3.34/guides/jms.adoc.po, 55, 69, 803, 885, 10%
l10n/po/es_ES/content/versions/3.8/guides/jms.adoc.po, 55, 69, 803, 885, 10%
l10n/po/es_ES/content/versions/main/guides/jms.adoc.po, 55, 69, 803, 885, 10%
l10n/po/es_ES/content/guides/security-jpa.adoc.po, 48, 52, 801, 807, 1%
l10n/po/es_ES/content/versions/main/guides/security-jpa.adoc.po, 48, 52, 801, 807, 1%
l10n/po/es_ES/content/posts/2023/2023-02-23-kubernetes-native-development-with-quarkus-and-eclipse-jkube.adoc.po, 22, 23, 796, 797, 1%
l10n/po/es_ES/content/versions/3.15/guides/grpc-generation-reference.adoc.po, 59, 59, 796, 796, 0%
l10n/po/es_ES/content/versions/3.27/guides/amqp-dev-services.adoc.po, 45, 65, 796, 1069, 26%
l10n/po/es_ES/content/versions/3.33/guides/infinispan-client.adoc.po, 57, 82, 796, 1012, 22%
l10n/po/es_ES/content/versions/3.34/guides/infinispan-client.adoc.po, 57, 82, 796, 1012, 22%
l10n/po/es_ES/content/versions/main/guides/config.adoc.po, 74, 86, 793, 870, 9%
l10n/po/es_ES/content/versions/3.20/guides/amqp-reference.adoc.po, 45, 268, 790, 3570, 78%
l10n/po/es_ES/content/posts/2022/2022-07-27-quarkus-2-11-1-final-released.adoc.po, 42, 51, 789, 857, 8%
l10n/po/es_ES/content/posts/2026/2026-05-12-quarkus-insights-247-agentic-orchestration.adoc.po, 73, 73, 786, 786, 0%
l10n/po/es_ES/content/guides/config-mappings.adoc.po, 56, 56, 784, 784, 0%
l10n/po/es_ES/content/versions/3.20/guides/config-mappings.adoc.po, 56, 56, 784, 784, 0%
l10n/po/es_ES/content/versions/3.27/guides/config-mappings.adoc.po, 56, 56, 784, 784, 0%
l10n/po/es_ES/content/versions/3.33/guides/config-mappings.adoc.po, 56, 56, 784, 784, 0%
l10n/po/es_ES/content/versions/3.34/guides/config-mappings.adoc.po, 56, 56, 784, 784, 0%
l10n/po/es_ES/content/posts/2023/2023-07-05-quarkus-3-2-0-final-released.adoc.po, 42, 52, 783, 852, 9%
l10n/po/es_ES/content/guides/conditional-extension-dependencies.adoc.po, 33, 41, 782, 871, 11%
l10n/po/es_ES/content/versions/main/guides/conditional-extension-dependencies.adoc.po, 33, 41, 782, 871, 11%
l10n/po/es_ES/content/versions/3.2/guides/amqp-reference.adoc.po, 44, 253, 780, 3275, 77%
l10n/po/es_ES/content/versions/3.15/guides/websockets-next-tutorial.adoc.po, 56, 65, 779, 822, 6%
l10n/po/es_ES/content/versions/3.20/guides/amqp-dev-services.adoc.po, 42, 63, 779, 1053, 27%
l10n/po/es_ES/content/versions/3.20/guides/conditional-extension-dependencies.adoc.po, 32, 41, 779, 871, 11%
l10n/po/es_ES/content/versions/3.27/guides/conditional-extension-dependencies.adoc.po, 32, 41, 779, 871, 11%
l10n/po/es_ES/content/versions/3.33/guides/conditional-extension-dependencies.adoc.po, 32, 41, 779, 871, 11%
l10n/po/es_ES/content/versions/3.34/guides/conditional-extension-dependencies.adoc.po, 32, 41, 779, 871, 11%
l10n/po/es_ES/content/guides/config.adoc.po, 72, 84, 778, 855, 10%
l10n/po/es_ES/content/versions/3.15/guides/config.adoc.po, 72, 84, 778, 855, 10%
l10n/po/es_ES/content/versions/3.2/guides/jms.adoc.po, 52, 66, 778, 860, 10%
l10n/po/es_ES/content/versions/3.20/guides/config.adoc.po, 72, 84, 778, 855, 10%
l10n/po/es_ES/content/versions/3.27/guides/config.adoc.po, 72, 84, 778, 855, 10%
l10n/po/es_ES/content/versions/3.33/guides/config.adoc.po, 72, 84, 778, 855, 10%
l10n/po/es_ES/content/versions/3.34/guides/config.adoc.po, 72, 84, 778, 855, 10%
l10n/po/es_ES/content/versions/3.8/guides/config.adoc.po, 72, 84, 778, 855, 10%
l10n/po/es_ES/content/versions/2.13/guides/jms.adoc.po, 52, 66, 777, 859, 10%
l10n/po/es_ES/content/versions/2.16/guides/jms.adoc.po, 52, 66, 777, 859, 10%
l10n/po/es_ES/content/versions/3.15/guides/amqp-reference.adoc.po, 45, 268, 776, 3556, 79%
l10n/po/es_ES/content/posts/2020/2020-10-13-uni-retry.adoc.po, 37, 37, 774, 774, 0%
l10n/po/es_ES/content/guides/stork-reference.adoc.po, 70, 73, 773, 777, 1%
l10n/po/es_ES/content/posts/2020/2020-09-15-mutiny-pagination.adoc.po, 33, 33, 773, 773, 0%
l10n/po/es_ES/content/posts/2025/2025-06-25-hibernate7-on-quarkus.adoc.po, 25, 26, 773, 774, 1%
l10n/po/es_ES/content/versions/3.33/guides/stork-reference.adoc.po, 70, 73, 773, 777, 1%
l10n/po/es_ES/content/versions/3.34/guides/stork-reference.adoc.po, 70, 73, 773, 777, 1%
l10n/po/es_ES/content/versions/main/guides/stork-reference.adoc.po, 70, 73, 773, 777, 1%
l10n/po/es_ES/content/posts/2020/2020-08-25-backports-application.adoc.po, 47, 49, 772, 776, 1%
l10n/po/es_ES/content/versions/3.33/guides/stork-registration.adoc.po, 80, 83, 772, 776, 1%
l10n/po/es_ES/content/versions/3.34/guides/stork-registration.adoc.po, 80, 83, 772, 776, 1%
l10n/po/es_ES/content/guides/mailer.adoc.po, 63, 73, 771, 837, 8%
l10n/po/es_ES/content/versions/3.15/guides/azure-functions-http.adoc.po, 47, 55, 771, 792, 3%
l10n/po/es_ES/content/versions/3.15/guides/mailer.adoc.po, 63, 73, 771, 837, 8%
l10n/po/es_ES/content/versions/3.2/guides/azure-functions-http.adoc.po, 47, 55, 771, 792, 3%
l10n/po/es_ES/content/versions/3.20/guides/azure-functions-http.adoc.po, 47, 55, 771, 792, 3%
l10n/po/es_ES/content/versions/3.20/guides/mailer.adoc.po, 63, 73, 771, 837, 8%
l10n/po/es_ES/content/versions/3.27/guides/azure-functions-http.adoc.po, 47, 55, 771, 792, 3%
l10n/po/es_ES/content/versions/3.27/guides/mailer.adoc.po, 63, 73, 771, 837, 8%
l10n/po/es_ES/content/versions/3.33/guides/mailer.adoc.po, 63, 73, 771, 837, 8%
l10n/po/es_ES/content/versions/3.34/guides/mailer.adoc.po, 63, 73, 771, 837, 8%
l10n/po/es_ES/content/versions/3.8/guides/azure-functions-http.adoc.po, 47, 55, 771, 792, 3%
l10n/po/es_ES/content/versions/main/guides/mailer.adoc.po, 63, 73, 771, 837, 8%
l10n/po/es_ES/content/versions/3.20/guides/infinispan-client.adoc.po, 56, 81, 769, 985, 22%
l10n/po/es_ES/content/versions/3.27/guides/infinispan-client.adoc.po, 56, 81, 769, 985, 22%
l10n/po/es_ES/content/guides/reactive-event-bus.adoc.po, 52, 76, 768, 1011, 25%
l10n/po/es_ES/content/versions/3.15/guides/reactive-event-bus.adoc.po, 52, 76, 768, 1011, 25%
l10n/po/es_ES/content/versions/3.20/guides/reactive-event-bus.adoc.po, 52, 76, 768, 1011, 25%
l10n/po/es_ES/content/versions/3.27/guides/reactive-event-bus.adoc.po, 52, 76, 768, 1011, 25%
l10n/po/es_ES/content/versions/3.33/guides/reactive-event-bus.adoc.po, 52, 76, 768, 1011, 25%
l10n/po/es_ES/content/versions/3.34/guides/reactive-event-bus.adoc.po, 52, 76, 768, 1011, 25%
l10n/po/es_ES/content/versions/3.8/guides/reactive-event-bus.adoc.po, 52, 76, 768, 1011, 25%
l10n/po/es_ES/content/versions/main/guides/reactive-event-bus.adoc.po, 52, 76, 768, 1011, 25%
l10n/po/es_ES/content/versions/3.15/guides/config-mappings.adoc.po, 56, 56, 763, 763, 0%
l10n/po/es_ES/content/versions/3.8/guides/config-mappings.adoc.po, 56, 56, 763, 763, 0%
l10n/po/es_ES/_data/versioned/3-8/index/relations.yaml.po, 168, 446, 762, 1196, 37%
l10n/po/es_ES/content/posts/2020/2020-04-27-quarkus-1-4-final-released.adoc.po, 54, 64, 762, 831, 9%
l10n/po/es_ES/content/versions/3.20/guides/security-jpa.adoc.po, 44, 48, 762, 768, 1%
l10n/po/es_ES/content/versions/3.27/guides/security-jpa.adoc.po, 44, 48, 762, 768, 1%
l10n/po/es_ES/content/versions/3.33/guides/security-jpa.adoc.po, 44, 48, 762, 768, 1%
l10n/po/es_ES/content/versions/3.34/guides/security-jpa.adoc.po, 44, 48, 762, 768, 1%
l10n/po/es_ES/content/posts/2023/2023-07-10-quarkus-component-test.adoc.po, 33, 36, 760, 763, 1%
l10n/po/es_ES/content/versions/3.8/guides/amqp-reference.adoc.po, 44, 263, 759, 3435, 78%
l10n/po/es_ES/content/posts/2020/2020-09-22-kafka-avro.adoc.po, 45, 45, 758, 758, 0%
l10n/po/es_ES/content/posts/2022/2022-05-19-quinoa-modern-ui-with-no-hassle.adoc.po, 27, 28, 757, 758, 1%
l10n/po/es_ES/content/posts/2026/2026-02-26-quarkus-3-32-released.adoc.po, 43, 53, 755, 824, 9%
l10n/po/es_ES/content/guides/jlink.adoc.po, 60, 65, 754, 760, 1%
l10n/po/es_ES/content/versions/main/guides/jlink.adoc.po, 60, 65, 754, 760, 1%
l10n/po/es_ES/content/posts/2025/2025-02-26-quarkus-3-19-1-released.adoc.po, 43, 53, 753, 822, 9%
l10n/po/es_ES/content/versions/2.16/guides/security-keycloak-admin-client.adoc.po, 85, 94, 750, 780, 4%
l10n/po/es_ES/content/versions/2.13/guides/kogito-drl.adoc.po, 47, 58, 749, 796, 6%
l10n/po/es_ES/content/versions/2.13/guides/security-keycloak-admin-client.adoc.po, 85, 94, 749, 779, 4%
l10n/po/es_ES/content/versions/2.16/guides/kogito-drl.adoc.po, 47, 58, 749, 796, 6%
l10n/po/es_ES/_data/versioned/3-6/index/relations.yaml.po, 166, 444, 748, 1183, 37%
l10n/po/es_ES/content/posts/2023/2023-09-30-virtual-threads-4.adoc.po, 19, 19, 748, 748, 0%
l10n/po/es_ES/content/versions/2.13/guides/kubernetes-config.adoc.po, 36, 74, 746, 1293, 43%
l10n/po/es_ES/content/versions/2.16/guides/kubernetes-config.adoc.po, 36, 74, 746, 1293, 43%
l10n/po/es_ES/content/guides/opentelemetry-logging.adoc.po, 57, 66, 745, 788, 6%
l10n/po/es_ES/templates/partials/performance.html.po, 34, 35, 745, 749, 1%
l10n/po/es_ES/content/versions/3.15/guides/security-jpa.adoc.po, 43, 47, 744, 750, 1%
l10n/po/es_ES/content/versions/3.2/guides/config-mappings.adoc.po, 54, 54, 743, 743, 0%
l10n/po/es_ES/content/posts/2023/2023-06-26-podman-for-windows.adoc.po, 34, 35, 742, 743, 1%
l10n/po/es_ES/content/versions/2.16/guides/config-mappings.adoc.po, 54, 54, 742, 742, 0%
l10n/po/es_ES/content/versions/3.8/guides/security-jpa.adoc.po, 43, 47, 742, 748, 1%
l10n/po/es_ES/content/posts/2022/2022-06-21-qute-templates-from-db.adoc.po, 31, 32, 741, 742, 1%
l10n/po/es_ES/content/posts/2025/2025-11-14-micrometer-prometheus-v1.adoc.po, 44, 44, 740, 740, 0%
l10n/po/es_ES/content/versions/2.13/guides/reactive-event-bus.adoc.po, 49, 73, 740, 983, 25%
l10n/po/es_ES/content/versions/2.16/guides/reactive-event-bus.adoc.po, 49, 73, 740, 983, 25%
l10n/po/es_ES/content/versions/3.15/guides/grpc-getting-started.adoc.po, 48, 52, 740, 782, 6%
l10n/po/es_ES/content/versions/3.20/guides/grpc-getting-started.adoc.po, 48, 52, 740, 782, 6%
l10n/po/es_ES/content/versions/3.27/guides/grpc-getting-started.adoc.po, 48, 52, 740, 782, 6%
l10n/po/es_ES/content/versions/3.8/guides/mailer.adoc.po, 62, 72, 740, 806, 9%
l10n/po/es_ES/content/versions/3.2/guides/reactive-event-bus.adoc.po, 49, 73, 739, 982, 25%
l10n/po/es_ES/content/versions/3.2/guides/security-keycloak-admin-client.adoc.po, 83, 94, 738, 775, 5%
l10n/po/es_ES/content/posts/2022/2022-12-19-stargate-selects-quarkus-for-its-v2-implementation.adoc.po, 36, 37, 737, 738, 1%
l10n/po/es_ES/content/versions/2.13/guides/picocli.adoc.po, 39, 46, 737, 753, 3%
l10n/po/es_ES/content/versions/3.8/guides/grpc-getting-started.adoc.po, 48, 52, 737, 779, 6%
l10n/po/es_ES/content/versions/3.20/guides/stork-reference.adoc.po, 64, 67, 736, 740, 1%
l10n/po/es_ES/content/versions/3.27/guides/stork-reference.adoc.po, 64, 67, 736, 740, 1%
l10n/po/es_ES/content/versions/3.27/guides/liquibase-mongodb.adoc.po, 84, 103, 734, 903, 19%
l10n/po/es_ES/content/guides/messaging-virtual-threads.adoc.po, 41, 42, 732, 736, 1%
l10n/po/es_ES/content/versions/3.8/guides/messaging-virtual-threads.adoc.po, 41, 42, 732, 736, 1%
l10n/po/es_ES/content/versions/main/guides/messaging-virtual-threads.adoc.po, 41, 42, 732, 736, 1%
l10n/po/es_ES/content/posts/2020/2020-06-03-quarkus-1-5-final-released.adoc.po, 57, 67, 731, 800, 9%
l10n/po/es_ES/content/posts/2019/2019-09-26-quarkus-0-23-1-released.adoc.po, 42, 51, 730, 798, 9%
l10n/po/es_ES/content/versions/3.15/guides/messaging-virtual-threads.adoc.po, 41, 42, 730, 734, 1%
l10n/po/es_ES/content/versions/3.20/guides/messaging-virtual-threads.adoc.po, 41, 42, 730, 734, 1%
l10n/po/es_ES/content/versions/3.27/guides/messaging-virtual-threads.adoc.po, 41, 42, 730, 734, 1%
l10n/po/es_ES/content/versions/3.33/guides/messaging-virtual-threads.adoc.po, 41, 42, 730, 734, 1%
l10n/po/es_ES/content/versions/3.34/guides/messaging-virtual-threads.adoc.po, 41, 42, 730, 734, 1%
l10n/po/es_ES/content/posts/2022/2022-11-08-quarkus-observability-roadmap-2023.adoc.po, 17, 17, 729, 729, 0%
l10n/po/es_ES/content/posts/2023/2023-03-08-quarkus-3-0-0-alpha5-released.adoc.po, 45, 52, 728, 793, 9%
l10n/po/es_ES/content/versions/3.8/guides/grpc-generation-reference.adoc.po, 55, 55, 727, 727, 0%
l10n/po/es_ES/content/versions/2.13/guides/credentials-provider.adoc.po, 44, 44, 726, 726, 0%
l10n/po/es_ES/content/versions/2.16/guides/credentials-provider.adoc.po, 44, 44, 726, 726, 0%
l10n/po/es_ES/content/versions/3.15/guides/azure-functions.adoc.po, 46, 53, 726, 744, 3%
l10n/po/es_ES/content/versions/3.2/guides/azure-functions.adoc.po, 46, 53, 726, 744, 3%
l10n/po/es_ES/content/versions/3.2/guides/credentials-provider.adoc.po, 44, 44, 726, 726, 0%
l10n/po/es_ES/content/versions/3.20/guides/azure-functions.adoc.po, 46, 53, 726, 744, 3%
l10n/po/es_ES/content/versions/3.27/guides/azure-functions.adoc.po, 46, 53, 726, 744, 3%
l10n/po/es_ES/content/versions/3.8/guides/azure-functions.adoc.po, 46, 53, 726, 744, 3%
l10n/po/es_ES/content/posts/2020/2020-09-15-quarkus-1-8-0-final-released.adoc.po, 41, 49, 725, 791, 9%
l10n/po/es_ES/content/posts/2025/2025-03-18-orange-telco-core-network-api-management-with-quarkus.adoc.po, 52, 53, 725, 726, 1%
l10n/po/es_ES/content/versions/3.15/guides/stork-reference.adoc.po, 64, 67, 724, 728, 1%
l10n/po/es_ES/content/guides/websockets-next-tutorial.adoc.po, 53, 62, 720, 763, 6%
l10n/po/es_ES/content/versions/3.20/guides/websockets-next-tutorial.adoc.po, 53, 62, 720, 763, 6%
l10n/po/es_ES/content/versions/3.27/guides/opentelemetry-logging.adoc.po, 55, 64, 720, 763, 6%
l10n/po/es_ES/content/versions/3.27/guides/websockets-next-tutorial.adoc.po, 53, 62, 720, 763, 6%
l10n/po/es_ES/content/versions/3.33/guides/opentelemetry-logging.adoc.po, 55, 64, 720, 763, 6%
l10n/po/es_ES/content/versions/3.33/guides/websockets-next-tutorial.adoc.po, 53, 62, 720, 763, 6%
l10n/po/es_ES/content/versions/3.34/guides/opentelemetry-logging.adoc.po, 55, 64, 720, 763, 6%
l10n/po/es_ES/content/versions/3.34/guides/websockets-next-tutorial.adoc.po, 53, 62, 720, 763, 6%
l10n/po/es_ES/content/versions/main/guides/websockets-next-tutorial.adoc.po, 53, 62, 720, 763, 6%
l10n/po/es_ES/content/posts/2021/2021-12-20-upx.adoc.po, 31, 35, 714, 733, 3%
l10n/po/es_ES/content/posts/2022/2022-04-12-quarkus-2-8-0-final-released.adoc.po, 39, 47, 713, 779, 9%
l10n/po/es_ES/content/versions/2.16/guides/scheduler.adoc.po, 68, 87, 713, 861, 18%
l10n/po/es_ES/content/versions/3.8/guides/stork-reference.adoc.po, 64, 67, 713, 717, 1%
l10n/po/es_ES/content/posts/2025/2025-02-01-lts-cadence.adoc.po, 47, 47, 712, 712, 0%
l10n/po/es_ES/content/versions/3.20/guides/extension-faq.adoc.po, 37, 37, 712, 712, 0%
l10n/po/es_ES/content/guides/grpc-getting-started.adoc.po, 48, 52, 711, 753, 6%
l10n/po/es_ES/content/versions/3.33/guides/grpc-getting-started.adoc.po, 48, 52, 711, 753, 6%
l10n/po/es_ES/content/versions/3.34/guides/grpc-getting-started.adoc.po, 48, 52, 711, 753, 6%
l10n/po/es_ES/content/versions/main/guides/grpc-getting-started.adoc.po, 48, 52, 711, 753, 6%
l10n/po/es_ES/content/guides/funqy.adoc.po, 14, 23, 710, 748, 6%
l10n/po/es_ES/content/posts/2026/2026-05-27-quarkus-3-36-released.adoc.po, 48, 58, 710, 779, 9%
l10n/po/es_ES/content/versions/main/guides/funqy.adoc.po, 14, 23, 710, 748, 6%
l10n/po/es_ES/content/posts/2022/2022-12-14-quarkus-2-15-0-final-released.adoc.po, 53, 63, 707, 779, 10%
l10n/po/es_ES/content/posts/2022/2022-02-17-stork-kubernetes-discovery.adoc.po, 35, 36, 706, 707, 1%
l10n/po/es_ES/content/posts/2024/2024-04-30-quarkus-3-10-0-released.adoc.po, 36, 46, 706, 775, 9%
l10n/po/es_ES/content/posts/2023/2023-10-25-quarkus-3-5-0-released.adoc.po, 38, 48, 705, 774, 9%
l10n/po/es_ES/content/posts/2026/2026-04-27-a2a-java-sdk-1-0-0-beta1-released.adoc.po, 56, 59, 705, 727, 4%
l10n/po/es_ES/content/guides/spring-scheduled.adoc.po, 52, 72, 704, 843, 17%
l10n/po/es_ES/content/versions/main/guides/spring-scheduled.adoc.po, 52, 72, 704, 843, 17%
l10n/po/es_ES/content/posts/2019/2019-12-18-why-graalvm-19-2.adoc.po, 22, 22, 702, 702, 0%
l10n/po/es_ES/content/guides/funqy-http.adoc.po, 42, 47, 701, 726, 4%
l10n/po/es_ES/content/versions/main/guides/funqy-http.adoc.po, 42, 47, 701, 726, 4%
l10n/po/es_ES/content/versions/3.33/guides/dev-mcp.adoc.po, 39, 39, 700, 700, 0%
l10n/po/es_ES/content/versions/3.34/guides/dev-mcp.adoc.po, 39, 39, 700, 700, 0%
l10n/po/es_ES/content/posts/2021/2021-07-30-quarkus-2x-platform-quarkiverse-registry.adoc.po, 27, 27, 698, 698, 0%
l10n/po/es_ES/content/versions/3.20/guides/observability-devservices-lgtm.adoc.po, 53, 54, 697, 700, 1%
l10n/po/es_ES/content/versions/3.27/guides/observability-devservices-lgtm.adoc.po, 53, 54, 697, 700, 1%
l10n/po/es_ES/content/posts/2025/2025-02-17-using-langchain4j-to-analyze-pdf-documents.adoc.po, 46, 46, 693, 693, 0%
l10n/po/es_ES/content/versions/3.15/guides/spring-scheduled.adoc.po, 50, 70, 693, 832, 17%
l10n/po/es_ES/content/versions/3.20/guides/spring-scheduled.adoc.po, 50, 70, 693, 832, 17%
l10n/po/es_ES/content/versions/3.27/guides/spring-scheduled.adoc.po, 50, 70, 693, 832, 17%
l10n/po/es_ES/content/versions/3.33/guides/spring-scheduled.adoc.po, 50, 70, 693, 832, 17%
l10n/po/es_ES/content/versions/3.34/guides/spring-scheduled.adoc.po, 50, 70, 693, 832, 17%
l10n/po/es_ES/content/versions/3.8/guides/spring-scheduled.adoc.po, 50, 70, 693, 832, 17%
l10n/po/es_ES/content/versions/main/guides/observability.adoc.po, 60, 60, 693, 693, 0%
l10n/po/es_ES/content/posts/2024/2024-11-27-quarkus-3-17-0-released.adoc.po, 40, 50, 689, 758, 10%
l10n/po/es_ES/content/guides/security-overview.adoc.po, 46, 48, 688, 691, 1%
l10n/po/es_ES/content/posts/2022/2022-05-11-quarkus-2-9-0-final-released.adoc.po, 48, 56, 688, 754, 9%
l10n/po/es_ES/content/versions/3.15/guides/security-overview.adoc.po, 46, 48, 688, 691, 1%
l10n/po/es_ES/content/versions/3.20/guides/security-overview.adoc.po, 46, 48, 688, 691, 1%
l10n/po/es_ES/content/versions/3.27/guides/security-overview.adoc.po, 46, 48, 688, 691, 1%
l10n/po/es_ES/content/versions/3.33/guides/security-overview.adoc.po, 46, 48, 688, 691, 1%
l10n/po/es_ES/content/versions/3.34/guides/security-overview.adoc.po, 46, 48, 688, 691, 1%
l10n/po/es_ES/content/versions/main/guides/security-overview.adoc.po, 46, 48, 688, 691, 1%
l10n/po/es_ES/content/versions/3.20/guides/liquibase-mongodb.adoc.po, 78, 99, 687, 858, 20%
l10n/po/es_ES/content/guides/info.adoc.po, 78, 82, 684, 697, 2%
l10n/po/es_ES/content/guides/spring-cache.adoc.po, 48, 63, 684, 775, 12%
l10n/po/es_ES/content/versions/main/guides/info.adoc.po, 78, 82, 684, 697, 2%
l10n/po/es_ES/content/versions/main/guides/spring-cache.adoc.po, 48, 63, 684, 775, 12%
l10n/po/es_ES/content/versions/2.16/guides/amqp-reference.adoc.po, 34, 244, 682, 3228, 79%
l10n/po/es_ES/content/versions/2.13/guides/amqp-reference.adoc.po, 32, 240, 680, 3159, 79%
l10n/po/es_ES/content/posts/2023/2023-11-29-quarkus-3-6-0-released.adoc.po, 48, 58, 679, 748, 10%
l10n/po/es_ES/content/posts/2021/2021-03-15-micrometer-prometheus-openshift.adoc.po, 37, 37, 677, 677, 0%
l10n/po/es_ES/content/versions/3.15/guides/extension-faq.adoc.po, 36, 36, 676, 676, 0%
l10n/po/es_ES/content/posts/2020/2020-10-19-micrometer-metrics.adoc.po, 21, 21, 673, 673, 0%
l10n/po/es_ES/content/versions/2.13/guides/mailer.adoc.po, 54, 61, 673, 719, 7%
l10n/po/es_ES/content/versions/2.16/guides/mailer.adoc.po, 54, 61, 673, 719, 7%
l10n/po/es_ES/content/versions/3.15/guides/spring-cache.adoc.po, 46, 61, 673, 764, 12%
l10n/po/es_ES/content/versions/3.2/guides/mailer.adoc.po, 54, 61, 673, 719, 7%
l10n/po/es_ES/content/versions/3.20/guides/spring-cache.adoc.po, 46, 61, 673, 764, 12%
l10n/po/es_ES/content/versions/3.27/guides/spring-cache.adoc.po, 46, 61, 673, 764, 12%
l10n/po/es_ES/content/versions/3.33/guides/spring-cache.adoc.po, 46, 61, 673, 764, 12%
l10n/po/es_ES/content/versions/3.34/guides/spring-cache.adoc.po, 46, 61, 673, 764, 12%
l10n/po/es_ES/content/versions/3.8/guides/spring-cache.adoc.po, 46, 61, 673, 764, 12%
l10n/po/es_ES/content/versions/main/guides/opentelemetry-logging.adoc.po, 53, 62, 673, 716, 7%
l10n/po/es_ES/content/posts/2024/2024-03-21-the-big-rename.adoc.po, 29, 29, 672, 672, 0%
l10n/po/es_ES/content/versions/2.13/guides/config.adoc.po, 63, 75, 672, 749, 11%
l10n/po/es_ES/content/versions/2.16/guides/config.adoc.po, 63, 75, 672, 749, 11%
l10n/po/es_ES/content/guides/modularity.adoc.po, 24, 24, 670, 670, 0%
l10n/po/es_ES/content/versions/main/guides/modularity.adoc.po, 24, 24, 670, 670, 0%
l10n/po/es_ES/content/posts/2026/2026-06-24-quarkus-3-37-released.adoc.po, 40, 50, 669, 738, 10%
l10n/po/es_ES/content/versions/3.2/guides/config.adoc.po, 64, 76, 669, 746, 11%
l10n/po/es_ES/content/guides/modularity-reference.adoc.po, 37, 37, 668, 668, 0%
l10n/po/es_ES/content/versions/main/guides/modularity-reference.adoc.po, 37, 37, 668, 668, 0%
l10n/po/es_ES/content/versions/2.13/guides/spring-scheduled.adoc.po, 47, 67, 667, 806, 18%
l10n/po/es_ES/content/versions/2.16/guides/spring-scheduled.adoc.po, 47, 67, 667, 806, 18%
l10n/po/es_ES/content/posts/2025/2025-08-28-quarkus-3-26-released.adoc.po, 44, 56, 665, 737, 10%
l10n/po/es_ES/content/versions/2.13/guides/scheduler.adoc.po, 64, 83, 664, 812, 19%
l10n/po/es_ES/content/versions/3.2/guides/spring-scheduled.adoc.po, 47, 67, 664, 803, 18%
l10n/po/es_ES/content/versions/3.20/guides/opentelemetry-logging.adoc.po, 51, 60, 664, 707, 7%
l10n/po/es_ES/content/posts/2023/2023-09-23-virtual-threads-2.adoc.po, 27, 27, 663, 663, 0%
l10n/po/es_ES/content/versions/3.15/guides/liquibase-mongodb.adoc.po, 78, 99, 659, 830, 21%
l10n/po/es_ES/content/posts/2021/2021-12-03-quarkus-devservices-testcontainers-podman.adoc.po, 28, 29, 656, 657, 1%
l10n/po/es_ES/content/posts/2024/2024-05-29-quarkus-3-11-0-released.adoc.po, 49, 59, 651, 720, 10%
l10n/po/es_ES/content/versions/3.15/guides/funqy.adoc.po, 11, 20, 651, 689, 6%
l10n/po/es_ES/content/versions/3.2/guides/funqy.adoc.po, 11, 20, 651, 689, 6%
l10n/po/es_ES/content/versions/3.20/guides/funqy.adoc.po, 11, 20, 651, 689, 6%
l10n/po/es_ES/content/versions/3.27/guides/funqy.adoc.po, 11, 20, 651, 689, 6%
l10n/po/es_ES/content/versions/3.33/guides/funqy.adoc.po, 11, 20, 651, 689, 6%
l10n/po/es_ES/content/versions/3.34/guides/funqy.adoc.po, 11, 20, 651, 689, 6%
l10n/po/es_ES/content/versions/3.8/guides/funqy.adoc.po, 11, 20, 651, 689, 6%
l10n/po/es_ES/content/versions/2.13/guides/funqy.adoc.po, 11, 20, 650, 688, 6%
l10n/po/es_ES/content/versions/2.16/guides/funqy.adoc.po, 11, 20, 650, 688, 6%
l10n/po/es_ES/content/versions/2.13/guides/spring-cache.adoc.po, 43, 58, 647, 738, 13%
l10n/po/es_ES/content/versions/2.16/guides/spring-cache.adoc.po, 43, 58, 647, 738, 13%
l10n/po/es_ES/content/versions/3.2/guides/spring-cache.adoc.po, 43, 58, 644, 735, 13%
l10n/po/es_ES/content/versions/main/guides/hibernate-orm-panache-kotlin.adoc.po, 20, 30, 644, 724, 12%
l10n/po/es_ES/content/versions/2.13/guides/funqy-http.adoc.po, 39, 44, 642, 667, 4%
l10n/po/es_ES/content/versions/2.16/guides/funqy-http.adoc.po, 39, 44, 642, 667, 4%
l10n/po/es_ES/content/versions/3.15/guides/funqy-http.adoc.po, 39, 44, 642, 667, 4%
l10n/po/es_ES/content/versions/3.2/guides/funqy-http.adoc.po, 39, 44, 642, 667, 4%
l10n/po/es_ES/content/versions/3.20/guides/funqy-http.adoc.po, 39, 44, 642, 667, 4%
l10n/po/es_ES/content/versions/3.27/guides/funqy-http.adoc.po, 39, 44, 642, 667, 4%
l10n/po/es_ES/content/versions/3.33/guides/funqy-http.adoc.po, 39, 44, 642, 667, 4%
l10n/po/es_ES/content/versions/3.34/guides/funqy-http.adoc.po, 39, 44, 642, 667, 4%
l10n/po/es_ES/content/versions/3.8/guides/funqy-http.adoc.po, 39, 44, 642, 667, 4%
l10n/po/es_ES/content/versions/3.8/guides/security-overview.adoc.po, 44, 46, 642, 645, 1%
l10n/po/es_ES/content/versions/2.13/guides/podman.adoc.po, 36, 36, 641, 641, 0%
l10n/po/es_ES/content/guides/dev-mode-differences.adoc.po, 22, 47, 639, 766, 17%
l10n/po/es_ES/content/versions/3.33/guides/dev-mode-differences.adoc.po, 22, 47, 639, 766, 17%
l10n/po/es_ES/content/versions/3.34/guides/dev-mode-differences.adoc.po, 22, 47, 639, 766, 17%
l10n/po/es_ES/content/versions/main/guides/dev-mode-differences.adoc.po, 22, 47, 639, 766, 17%
l10n/po/es_ES/content/versions/2.13/guides/kogito-pmml.adoc.po, 46, 57, 633, 680, 7%
l10n/po/es_ES/content/versions/2.16/guides/kogito-pmml.adoc.po, 46, 57, 633, 680, 7%
l10n/po/es_ES/content/posts/2021/2021-04-22-quarkus-2-0-0-alpha1-released.adoc.po, 32, 41, 631, 699, 10%
l10n/po/es_ES/content/posts/2021/2021-09-23-unused-beans.adoc.po, 23, 23, 631, 631, 0%
l10n/po/es_ES/content/guides/observability.adoc.po, 57, 57, 630, 630, 0%
l10n/po/es_ES/content/posts/2024/2024-09-26-quarkus-3-15-1-released.adoc.po, 35, 45, 630, 699, 10%
l10n/po/es_ES/content/versions/3.33/guides/observability.adoc.po, 57, 57, 630, 630, 0%
l10n/po/es_ES/content/versions/3.34/guides/observability.adoc.po, 57, 57, 630, 630, 0%
l10n/po/es_ES/content/posts/2022/2022-05-23-intellij-quarkus-tools-1.11.0.adoc.po, 40, 40, 629, 629, 0%
l10n/po/es_ES/content/versions/3.20/guides/observability.adoc.po, 57, 57, 627, 627, 0%
l10n/po/es_ES/content/versions/3.27/guides/observability.adoc.po, 57, 57, 627, 627, 0%
l10n/po/es_ES/content/posts/2023/2023-09-25-virtual-threads-3.adoc.po, 22, 22, 626, 626, 0%
l10n/po/es_ES/content/posts/2020/2020-10-06-reactive-messaging-emitter.adoc.po, 23, 23, 624, 624, 0%
l10n/po/es_ES/content/versions/3.2/guides/security-overview.adoc.po, 42, 44, 623, 626, 1%
l10n/po/es_ES/content/versions/3.15/guides/deploying-to-heroku.adoc.po, 36, 69, 621, 984, 37%
l10n/po/es_ES/content/versions/3.8/guides/deploying-to-heroku.adoc.po, 36, 69, 621, 984, 37%
l10n/po/es_ES/content/posts/2026/2026-02-10-quarkus-test-coverage-extensions.adoc.po, 24, 24, 619, 619, 0%
l10n/po/es_ES/content/versions/2.16/guides/podman.adoc.po, 34, 34, 619, 619, 0%
l10n/po/es_ES/content/guides/init-tasks.adoc.po, 37, 37, 618, 618, 0%
l10n/po/es_ES/content/versions/3.20/guides/init-tasks.adoc.po, 37, 37, 618, 618, 0%
l10n/po/es_ES/content/versions/3.27/guides/init-tasks.adoc.po, 37, 37, 618, 618, 0%
l10n/po/es_ES/content/versions/3.33/guides/init-tasks.adoc.po, 37, 37, 618, 618, 0%
l10n/po/es_ES/content/versions/3.34/guides/init-tasks.adoc.po, 37, 37, 618, 618, 0%
l10n/po/es_ES/content/versions/main/guides/init-tasks.adoc.po, 37, 37, 618, 618, 0%
l10n/po/es_ES/content/posts/2021/2021-02-23-quarkus-1-12-0-final-released.adoc.po, 36, 44, 615, 681, 10%
l10n/po/es_ES/content/posts/2022/2022-06-22-quarkus-2-10-0-final-released.adoc.po, 41, 50, 614, 682, 10%
l10n/po/es_ES/content/posts/2024/2024-12-18-quarkus-infinispan-embedded.adoc.po, 31, 32, 612, 615, 1%
l10n/po/es_ES/content/versions/3.2/guides/dev-mode-differences.adoc.po, 21, 46, 611, 738, 18%
l10n/po/es_ES/content/versions/3.8/guides/dev-mode-differences.adoc.po, 21, 46, 611, 738, 18%
l10n/po/es_ES/content/guides/spring-boot-properties.adoc.po, 46, 67, 610, 750, 19%
l10n/po/es_ES/content/versions/main/guides/spring-boot-properties.adoc.po, 46, 67, 610, 750, 19%
l10n/po/es_ES/content/posts/2024/2024-06-11-quarkus-in-a-foundation.adoc.po, 39, 40, 609, 610, 1%
l10n/po/es_ES/content/posts/2021/2021-11-24-quarkus-2-5-0-final-released.adoc.po, 41, 51, 607, 675, 11%
l10n/po/es_ES/content/versions/3.15/guides/dev-mode-differences.adoc.po, 21, 46, 607, 734, 18%
l10n/po/es_ES/content/versions/3.20/guides/dev-mode-differences.adoc.po, 21, 46, 607, 734, 18%
l10n/po/es_ES/content/versions/3.27/guides/dev-mode-differences.adoc.po, 21, 46, 607, 734, 18%
l10n/po/es_ES/content/guides/doc-concept.adoc.po, 41, 41, 605, 605, 0%
l10n/po/es_ES/content/versions/2.16/guides/amazon-lambda-http.adoc.po, 25, 111, 605, 2002, 70%
l10n/po/es_ES/content/versions/2.16/guides/doc-concept.adoc.po, 41, 41, 605, 605, 0%
l10n/po/es_ES/content/versions/3.15/guides/doc-concept.adoc.po, 41, 41, 605, 605, 0%
l10n/po/es_ES/content/versions/3.2/guides/doc-concept.adoc.po, 41, 41, 605, 605, 0%
l10n/po/es_ES/content/versions/3.20/guides/doc-concept.adoc.po, 41, 41, 605, 605, 0%
l10n/po/es_ES/content/versions/3.27/guides/doc-concept.adoc.po, 41, 41, 605, 605, 0%
l10n/po/es_ES/content/versions/3.33/guides/doc-concept.adoc.po, 41, 41, 605, 605, 0%
l10n/po/es_ES/content/versions/3.34/guides/doc-concept.adoc.po, 41, 41, 605, 605, 0%
l10n/po/es_ES/content/versions/3.8/guides/doc-concept.adoc.po, 41, 41, 605, 605, 0%
l10n/po/es_ES/content/versions/3.8/guides/liquibase-mongodb.adoc.po, 75, 96, 605, 776, 23%
l10n/po/es_ES/content/versions/main/guides/doc-concept.adoc.po, 41, 41, 605, 605, 0%
l10n/po/es_ES/content/versions/3.15/guides/init-tasks.adoc.po, 32, 32, 603, 603, 0%
l10n/po/es_ES/content/versions/3.8/guides/init-tasks.adoc.po, 32, 32, 603, 603, 0%
l10n/po/es_ES/content/guides/security-testing.adoc.po, 29, 40, 601, 695, 14%
l10n/po/es_ES/content/versions/main/guides/security-testing.adoc.po, 29, 40, 601, 695, 14%
l10n/po/es_ES/content/guides/security-proactive-authentication.adoc.po, 21, 23, 599, 603, 1%
l10n/po/es_ES/content/versions/3.15/guides/spring-boot-properties.adoc.po, 44, 65, 599, 739, 19%
l10n/po/es_ES/content/versions/3.20/guides/security-proactive-authentication.adoc.po, 21, 23, 599, 603, 1%
l10n/po/es_ES/content/versions/3.20/guides/security-testing.adoc.po, 28, 40, 599, 695, 14%
l10n/po/es_ES/content/versions/3.20/guides/spring-boot-properties.adoc.po, 44, 65, 599, 739, 19%
l10n/po/es_ES/content/versions/3.27/guides/security-proactive-authentication.adoc.po, 21, 23, 599, 603, 1%
l10n/po/es_ES/content/versions/3.27/guides/security-testing.adoc.po, 28, 40, 599, 695, 14%
l10n/po/es_ES/content/versions/3.27/guides/spring-boot-properties.adoc.po, 44, 65, 599, 739, 19%
l10n/po/es_ES/content/versions/3.33/guides/security-proactive-authentication.adoc.po, 21, 23, 599, 603, 1%
l10n/po/es_ES/content/versions/3.33/guides/security-testing.adoc.po, 28, 40, 599, 695, 14%
l10n/po/es_ES/content/versions/3.33/guides/spring-boot-properties.adoc.po, 44, 65, 599, 739, 19%
l10n/po/es_ES/content/versions/3.34/guides/security-proactive-authentication.adoc.po, 21, 23, 599, 603, 1%
l10n/po/es_ES/content/versions/3.34/guides/security-testing.adoc.po, 28, 40, 599, 695, 14%
l10n/po/es_ES/content/versions/3.34/guides/spring-boot-properties.adoc.po, 44, 65, 599, 739, 19%
l10n/po/es_ES/content/versions/3.8/guides/spring-boot-properties.adoc.po, 44, 65, 599, 739, 19%
l10n/po/es_ES/content/versions/main/guides/security-proactive-authentication.adoc.po, 21, 23, 599, 603, 1%
l10n/po/es_ES/content/posts/2019/2019-10-30-quarkus-0-27-0-released.adoc.po, 27, 37, 598, 668, 11%
l10n/po/es_ES/content/posts/2026/2026-07-17-quarkus-shim.adoc.po, 31, 31, 596, 596, 0%
l10n/po/es_ES/content/versions/2.13/guides/amazon-lambda-http.adoc.po, 24, 106, 593, 1895, 69%
l10n/po/es_ES/content/posts/2023/2023-07-05-lts-releases.adoc.po, 18, 19, 592, 595, 1%
l10n/po/es_ES/content/posts/2025/2025-10-02-mandrel-25-released.adoc.po, 21, 21, 592, 592, 0%
l10n/po/es_ES/content/versions/3.2/guides/security-jpa.adoc.po, 31, 33, 592, 596, 1%
l10n/po/es_ES/content/posts/2020/2020-04-28-quarkus-mutual-tls.adoc.po, 63, 63, 591, 591, 0%
l10n/po/es_ES/content/posts/2021/2021-11-23-smallrye-stork-intro.adoc.po, 23, 23, 588, 588, 0%
l10n/po/es_ES/content/posts/2019/2019-07-11-quarkus-0-19.1-released.adoc.po, 32, 41, 582, 650, 11%
l10n/po/es_ES/content/versions/2.13/guides/azure-functions-http.adoc.po, 34, 48, 580, 674, 14%
l10n/po/es_ES/content/versions/2.16/guides/azure-functions-http.adoc.po, 34, 48, 580, 674, 14%
l10n/po/es_ES/content/guides/websockets.adoc.po, 46, 55, 578, 621, 7%
l10n/po/es_ES/content/posts/2020/2020-05-05-introducing-command-mode.adoc.po, 33, 33, 578, 578, 0%
l10n/po/es_ES/content/versions/3.20/guides/websockets.adoc.po, 46, 55, 578, 621, 7%
l10n/po/es_ES/content/versions/3.27/guides/websockets.adoc.po, 46, 55, 578, 621, 7%
l10n/po/es_ES/content/versions/3.33/guides/websockets.adoc.po, 46, 55, 578, 621, 7%
l10n/po/es_ES/content/versions/3.34/guides/websockets.adoc.po, 46, 55, 578, 621, 7%
l10n/po/es_ES/content/versions/main/guides/websockets.adoc.po, 46, 55, 578, 621, 7%
l10n/po/es_ES/content/versions/2.13/guides/spring-boot-properties.adoc.po, 41, 62, 575, 715, 20%
l10n/po/es_ES/content/versions/3.15/guides/grpc-reference.adoc.po, 40, 40, 574, 574, 0%
l10n/po/es_ES/content/versions/3.2/guides/liquibase-mongodb.adoc.po, 73, 93, 574, 736, 23%
l10n/po/es_ES/content/versions/3.20/guides/grpc-reference.adoc.po, 40, 40, 574, 574, 0%
l10n/po/es_ES/content/versions/3.27/guides/grpc-reference.adoc.po, 40, 40, 574, 574, 0%
l10n/po/es_ES/content/guides/aws-lambda-http.adoc.po, 22, 114, 573, 2133, 74%
l10n/po/es_ES/content/versions/3.33/guides/aws-lambda-http.adoc.po, 22, 114, 573, 2133, 74%
l10n/po/es_ES/content/versions/main/guides/aws-lambda-http.adoc.po, 22, 114, 573, 2133, 74%
l10n/po/es_ES/templates/partials/ai-chainofthought.html.po, 29, 29, 573, 573, 0%
l10n/po/es_ES/content/versions/2.16/guides/spring-boot-properties.adoc.po, 41, 62, 572, 712, 20%
l10n/po/es_ES/content/guides/spring-tx.adoc.po, 64, 83, 571, 678, 16%
l10n/po/es_ES/content/posts/2023/2023-03-30-quarkus-3-0-0-cr1-released.adoc.po, 46, 53, 571, 636, 11%
l10n/po/es_ES/content/versions/main/guides/spring-tx.adoc.po, 64, 83, 571, 678, 16%
l10n/po/es_ES/content/versions/3.2/guides/spring-boot-properties.adoc.po, 41, 62, 570, 710, 20%
l10n/po/es_ES/content/versions/3.27/guides/dev-mcp.adoc.po, 36, 36, 567, 567, 0%
l10n/po/es_ES/content/posts/2021/2021-12-15-quarkus-and-CVE-2021-4428.adoc.po, 17, 17, 566, 566, 0%
l10n/po/es_ES/content/posts/2019/2019-08-01-quarkus-app-circleci-build.adoc.po, 26, 29, 564, 567, 1%
l10n/po/es_ES/content/versions/2.13/guides/dev-mode-differences.adoc.po, 19, 45, 564, 709, 21%
l10n/po/es_ES/content/versions/2.16/guides/dev-mode-differences.adoc.po, 19, 45, 564, 709, 21%
l10n/po/es_ES/content/posts/2024/2024-02-28-quarkus-3-8-released.adoc.po, 33, 43, 562, 631, 11%
l10n/po/es_ES/content/versions/3.2/guides/security-architecture.adoc.po, 36, 38, 559, 563, 1%
l10n/po/es_ES/_data/newsletter.yaml.po, 217, 217, 558, 558, 0%
l10n/po/es_ES/content/versions/2.13/guides/doc-concepts.adoc.po, 39, 39, 558, 558, 0%
l10n/po/es_ES/_data/versioned/3-8/index/quarkiverse.yaml.po, 63, 102, 557, 597, 7%
l10n/po/es_ES/_data/versioned/latest/index/quarkiverse.yaml.po, 63, 102, 557, 597, 7%
l10n/po/es_ES/_data/versioned/main/index/quarkiverse.yaml.po, 63, 102, 557, 597, 7%
l10n/po/es_ES/content/posts/2020/2020-04-15-vscode-quarkus-1.4.0.adoc.po, 41, 41, 556, 556, 0%
l10n/po/es_ES/content/posts/2025/2025-07-30-quarkus-3-25-released.adoc.po, 36, 46, 555, 624, 12%
l10n/po/es_ES/_data/events.yaml.po, 97, 97, 553, 553, 0%
l10n/po/es_ES/content/posts/2025/2025-10-16-grpc-zero.adoc.po, 35, 35, 553, 553, 0%
l10n/po/es_ES/content/versions/3.15/guides/security-architecture.adoc.po, 36, 38, 552, 556, 1%
l10n/po/es_ES/content/versions/3.20/guides/security-architecture.adoc.po, 36, 38, 552, 556, 1%
l10n/po/es_ES/content/versions/3.27/guides/security-architecture.adoc.po, 36, 38, 552, 556, 1%
l10n/po/es_ES/content/versions/3.33/guides/security-architecture.adoc.po, 36, 38, 552, 556, 1%
l10n/po/es_ES/content/versions/3.34/guides/security-architecture.adoc.po, 36, 38, 552, 556, 1%
l10n/po/es_ES/content/versions/3.8/guides/security-architecture.adoc.po, 36, 38, 552, 556, 1%
l10n/po/es_ES/content/guides/security-architecture.adoc.po, 36, 38, 551, 555, 1%
l10n/po/es_ES/content/posts/2023/2023-02-09-datacater-uses-quarkus-to-make-data-streaming-accessible.adoc.po, 20, 21, 551, 552, 1%
l10n/po/es_ES/content/posts/2024/2024-08-19-quarkus-jdiameter-intro.adoc.po, 17, 18, 551, 552, 1%
l10n/po/es_ES/content/posts/2026/2026-08-27-quarkus-3-39-released.adoc.po, 31, 41, 551, 620, 12%
l10n/po/es_ES/content/versions/main/guides/security-architecture.adoc.po, 36, 38, 551, 555, 1%
l10n/po/es_ES/content/posts/2020/2020-12-03-quarkiverse.adoc.po, 31, 31, 549, 549, 0%
l10n/po/es_ES/content/posts/2022/2022-11-09-quarkus-2-14-0-final-released.adoc.po, 32, 43, 544, 614, 12%
l10n/po/es_ES/content/versions/3.15/guides/websockets.adoc.po, 44, 53, 542, 585, 8%
l10n/po/es_ES/content/versions/3.8/guides/websockets.adoc.po, 44, 53, 542, 585, 8%
l10n/po/es_ES/templates/partials/ai-contextualrag.html.po, 30, 30, 540, 540, 0%
l10n/po/es_ES/content/posts/2025/2025-05-23-streamable-http-mcp.adoc.po, 26, 26, 539, 539, 0%
l10n/po/es_ES/content/versions/3.20/guides/deploying-to-openshift-s2i-howto.adoc.po, 38, 41, 534, 537, 1%
l10n/po/es_ES/content/versions/3.27/guides/deploying-to-openshift-s2i-howto.adoc.po, 38, 41, 534, 537, 1%
l10n/po/es_ES/content/posts/2023/2023-05-20-quarkus-3-upgrade.adoc.po, 31, 31, 531, 531, 0%
l10n/po/es_ES/templates/partials/benefactors.html.po, 32, 32, 530, 530, 0%
l10n/po/es_ES/content/guides/hibernate-orm-panache-kotlin.adoc.po, 15, 25, 527, 607, 14%
l10n/po/es_ES/content/versions/3.15/guides/hibernate-orm-panache-kotlin.adoc.po, 15, 25, 527, 607, 14%
l10n/po/es_ES/content/versions/3.2/guides/hibernate-orm-panache-kotlin.adoc.po, 15, 25, 527, 607, 14%
l10n/po/es_ES/content/versions/3.20/guides/hibernate-orm-panache-kotlin.adoc.po, 15, 25, 527, 607, 14%
l10n/po/es_ES/content/versions/3.27/guides/hibernate-orm-panache-kotlin.adoc.po, 15, 25, 527, 607, 14%
l10n/po/es_ES/content/versions/3.33/guides/hibernate-orm-panache-kotlin.adoc.po, 15, 25, 527, 607, 14%
l10n/po/es_ES/content/versions/3.34/guides/hibernate-orm-panache-kotlin.adoc.po, 15, 25, 527, 607, 14%
l10n/po/es_ES/content/versions/3.8/guides/hibernate-orm-panache-kotlin.adoc.po, 15, 25, 527, 607, 14%
l10n/po/es_ES/content/posts/2021/2021-08-31-quarkus-2-2-1-final-released.adoc.po, 34, 42, 525, 591, 12%
l10n/po/es_ES/content/posts/2025/2025-06-25-quarkus-3-24-released.adoc.po, 40, 51, 524, 595, 12%
l10n/po/es_ES/content/guides/security-basic-authentication.adoc.po, 33, 36, 523, 528, 1%
l10n/po/es_ES/content/posts/2024/2024-04-23-heapdump-oome-native.adoc.po, 16, 16, 523, 523, 0%
l10n/po/es_ES/content/versions/3.27/guides/security-basic-authentication.adoc.po, 33, 36, 523, 528, 1%
l10n/po/es_ES/content/versions/3.33/guides/security-basic-authentication.adoc.po, 33, 36, 523, 528, 1%
l10n/po/es_ES/content/versions/3.34/guides/security-basic-authentication.adoc.po, 33, 36, 523, 528, 1%
l10n/po/es_ES/content/versions/main/guides/security-basic-authentication.adoc.po, 33, 36, 523, 528, 1%
l10n/po/es_ES/content/posts/2025/2025-03-12-sqlite4j-pure-java-sqlite.adoc.po, 29, 29, 521, 521, 0%
l10n/po/es_ES/content/versions/2.13/guides/hibernate-orm-panache-kotlin.adoc.po, 15, 25, 521, 601, 14%
l10n/po/es_ES/content/versions/2.16/guides/hibernate-orm-panache-kotlin.adoc.po, 15, 25, 521, 601, 14%
l10n/po/es_ES/content/guides/config-secrets.adoc.po, 29, 30, 519, 520, 1%
l10n/po/es_ES/content/versions/3.15/guides/config-secrets.adoc.po, 29, 30, 519, 520, 1%
l10n/po/es_ES/content/versions/3.20/guides/config-secrets.adoc.po, 29, 30, 519, 520, 1%
l10n/po/es_ES/content/versions/3.27/guides/config-secrets.adoc.po, 29, 30, 519, 520, 1%
l10n/po/es_ES/content/versions/3.33/guides/config-secrets.adoc.po, 29, 30, 519, 520, 1%
l10n/po/es_ES/content/versions/3.34/guides/config-secrets.adoc.po, 29, 30, 519, 520, 1%
l10n/po/es_ES/content/versions/main/guides/config-secrets.adoc.po, 29, 30, 519, 520, 1%
l10n/po/es_ES/content/versions/3.27/guides/config-yaml.adoc.po, 28, 32, 518, 531, 3%
l10n/po/es_ES/content/versions/2.13/guides/websockets.adoc.po, 41, 50, 516, 559, 8%
l10n/po/es_ES/content/versions/2.16/guides/websockets.adoc.po, 41, 50, 516, 559, 8%
l10n/po/es_ES/content/posts/2025/2025-03-26-quarkus-3-20-0-released.adoc.po, 31, 41, 514, 583, 12%
l10n/po/es_ES/content/versions/3.34/guides/aws-lambda-http.adoc.po, 21, 113, 514, 2074, 76%
l10n/po/es_ES/content/versions/3.2/guides/websockets.adoc.po, 41, 50, 513, 556, 8%
l10n/po/es_ES/content/versions/main/guides/aws-lambda.adoc.po, 25, 147, 513, 2827, 82%
l10n/po/es_ES/content/posts/2026/2026-03-25-quarkus-3-33-released.adoc.po, 34, 44, 512, 581, 12%
l10n/po/es_ES/content/posts/2023/2023-12-14-virtual-threads-6.adoc.po, 29, 29, 508, 508, 0%
l10n/po/es_ES/content/posts/2025/2025-09-24-quarkus-3-27-released.adoc.po, 35, 45, 508, 577, 12%
l10n/po/es_ES/content/posts/2024/2024-06-12-branching-and-versioning.adoc.po, 21, 21, 506, 506, 0%
l10n/po/es_ES/content/posts/2026/2026-08-03-quarkus-banner-extension.adoc.po, 22, 22, 504, 504, 0%
l10n/po/es_ES/content/versions/3.15/guides/security-testing.adoc.po, 23, 35, 504, 600, 16%
l10n/po/es_ES/templates/partials/ai-frozenrag.html.po, 25, 25, 501, 501, 0%
l10n/po/es_ES/content/posts/2020/2020-08-20-codestarts-preview.adoc.po, 29, 29, 500, 500, 0%
l10n/po/es_ES/content/posts/2020/2020-11-25-stylish-api.adoc.po, 45, 45, 496, 496, 0%
l10n/po/es_ES/content/posts/2024/2024-12-18-next-lts-3-20.adoc.po, 28, 35, 496, 561, 12%
l10n/po/es_ES/content/posts/2025/2025-02-18-idc-customer-case-studies.adoc.po, 33, 33, 493, 493, 0%
l10n/po/es_ES/content/posts/2020/2020-03-23-quarkus-eclipse-microprofile-3-3.adoc.po, 27, 27, 492, 492, 0%
l10n/po/es_ES/content/guides/build-analytics.adoc.po, 40, 45, 489, 494, 2%
l10n/po/es_ES/content/versions/3.15/guides/build-analytics.adoc.po, 40, 45, 489, 494, 2%
l10n/po/es_ES/content/versions/3.2/guides/build-analytics.adoc.po, 40, 45, 489, 494, 2%
l10n/po/es_ES/content/versions/3.20/guides/build-analytics.adoc.po, 40, 45, 489, 494, 2%
l10n/po/es_ES/content/versions/3.27/guides/build-analytics.adoc.po, 40, 45, 489, 494, 2%
l10n/po/es_ES/content/versions/3.33/guides/build-analytics.adoc.po, 40, 45, 489, 494, 2%
l10n/po/es_ES/content/versions/3.34/guides/build-analytics.adoc.po, 40, 45, 489, 494, 2%
l10n/po/es_ES/content/versions/3.8/guides/build-analytics.adoc.po, 40, 45, 489, 494, 2%
l10n/po/es_ES/content/versions/main/guides/build-analytics.adoc.po, 40, 45, 489, 494, 2%
l10n/po/es_ES/_data/releases.yaml.po, 405, 413, 486, 498, 3%
l10n/po/es_ES/content/versions/3.15/guides/config-yaml.adoc.po, 27, 31, 486, 499, 3%
l10n/po/es_ES/content/versions/3.20/guides/config-yaml.adoc.po, 27, 31, 486, 499, 3%
l10n/po/es_ES/content/versions/3.8/guides/config-yaml.adoc.po, 27, 31, 486, 499, 3%
l10n/po/es_ES/content/posts/2023/2023-04-05-quarkus-3-0-0-cr2-released.adoc.po, 35, 42, 484, 549, 12%
l10n/po/es_ES/content/posts/2026/2026-02-12-a2a-java-sdk-1-0-0-alpha2-released.adoc.po, 43, 44, 482, 484, 1%
l10n/po/es_ES/content/guides/config-yaml.adoc.po, 24, 28, 480, 493, 3%
l10n/po/es_ES/content/posts/2023/2023-05-31-quarkus-3-1-0-final-released.adoc.po, 30, 39, 480, 548, 13%
l10n/po/es_ES/content/posts/2024/2024-07-16-next-lts-3-15.adoc.po, 27, 34, 480, 545, 12%
l10n/po/es_ES/content/versions/3.33/guides/config-yaml.adoc.po, 24, 28, 480, 493, 3%
l10n/po/es_ES/content/versions/3.34/guides/config-yaml.adoc.po, 24, 28, 480, 493, 3%
l10n/po/es_ES/content/versions/main/guides/config-yaml.adoc.po, 24, 28, 480, 493, 3%
l10n/po/es_ES/content/guides/mongodb-panache-kotlin.adoc.po, 11, 21, 476, 543, 13%
l10n/po/es_ES/content/versions/2.13/guides/mongodb-panache-kotlin.adoc.po, 11, 21, 476, 543, 13%
l10n/po/es_ES/content/versions/2.16/guides/mongodb-panache-kotlin.adoc.po, 11, 21, 476, 543, 13%
l10n/po/es_ES/content/versions/3.15/guides/mongodb-panache-kotlin.adoc.po, 11, 21, 476, 543, 13%
l10n/po/es_ES/content/versions/3.2/guides/mongodb-panache-kotlin.adoc.po, 11, 21, 476, 543, 13%
l10n/po/es_ES/content/versions/3.20/guides/mongodb-panache-kotlin.adoc.po, 11, 21, 476, 543, 13%
l10n/po/es_ES/content/versions/3.27/guides/mongodb-panache-kotlin.adoc.po, 11, 21, 476, 543, 13%
l10n/po/es_ES/content/versions/3.33/guides/mongodb-panache-kotlin.adoc.po, 11, 21, 476, 543, 13%
l10n/po/es_ES/content/versions/3.34/guides/mongodb-panache-kotlin.adoc.po, 11, 21, 476, 543, 13%
l10n/po/es_ES/content/versions/3.8/guides/mongodb-panache-kotlin.adoc.po, 11, 21, 476, 543, 13%
l10n/po/es_ES/content/versions/main/guides/mongodb-panache-kotlin.adoc.po, 11, 21, 476, 543, 13%
l10n/po/es_ES/content/posts/2019/2019-06-27-quarkus-0-18-released.adoc.po, 21, 29, 473, 523, 10%
l10n/po/es_ES/content/posts/2021/2021-02-25-migrating-existing-apps-to-quarkus-with-mta.adoc.po, 12, 12, 471, 471, 0%
l10n/po/es_ES/content/posts/2025/2025-09-24-quarkus-3-28-released.adoc.po, 21, 31, 470, 539, 13%
l10n/po/es_ES/content/posts/2023/2023-09-20-quarkus-3-4-1-released.adoc.po, 25, 35, 466, 535, 13%
l10n/po/es_ES/content/guides/deploying-to-openshift-howto.adoc.po, 29, 32, 464, 467, 1%
l10n/po/es_ES/content/posts/2020/2020-11-10-mutiny-invoke-and-call.adoc.po, 32, 35, 464, 491, 6%
l10n/po/es_ES/content/versions/3.20/guides/deploying-to-openshift-howto.adoc.po, 29, 32, 464, 467, 1%
l10n/po/es_ES/content/versions/3.27/guides/deploying-to-openshift-howto.adoc.po, 29, 32, 464, 467, 1%
l10n/po/es_ES/content/versions/3.33/guides/deploying-to-openshift-howto.adoc.po, 29, 32, 464, 467, 1%
l10n/po/es_ES/content/versions/3.34/guides/deploying-to-openshift-howto.adoc.po, 29, 32, 464, 467, 1%
l10n/po/es_ES/content/versions/main/guides/deploying-to-openshift-howto.adoc.po, 29, 32, 464, 467, 1%
l10n/po/es_ES/content/posts/2020/2020-04-24-quarkus-summit-2020.adoc.po, 55, 55, 463, 463, 0%
l10n/po/es_ES/content/posts/2024/2024-06-06-quarkus-infinispan-new.adoc.po, 22, 29, 462, 527, 13%
l10n/po/es_ES/content/versions/3.15/guides/security-proactive-authentication.adoc.po, 18, 20, 462, 466, 1%
l10n/po/es_ES/content/posts/2025/2025-11-26-quarkus-3-30-released.adoc.po, 27, 38, 461, 531, 14%
l10n/po/es_ES/content/posts/2020/2020-01-20-sentry-the-guardian-of-your-quarkus-app.adoc.po, 24, 24, 460, 460, 0%
l10n/po/es_ES/content/versions/3.8/guides/security-proactive-authentication.adoc.po, 18, 20, 459, 463, 1%
l10n/po/es_ES/templates/partials/ai-java-for-ai.html.po, 38, 38, 459, 459, 0%
l10n/po/es_ES/content/posts/2026/2026-09-10-java21.adoc.po, 21, 21, 458, 458, 0%
l10n/po/es_ES/content/posts/2025/2025-07-03-legacy-config-classes-sunsetting.adoc.po, 27, 34, 454, 519, 13%
l10n/po/es_ES/content/guides/gcp-functions-http.adoc.po, 33, 60, 451, 687, 35%
l10n/po/es_ES/content/versions/3.33/guides/gcp-functions-http.adoc.po, 33, 60, 451, 687, 35%
l10n/po/es_ES/content/versions/3.34/guides/gcp-functions-http.adoc.po, 33, 60, 451, 687, 35%
l10n/po/es_ES/content/versions/main/guides/gcp-functions-http.adoc.po, 33, 60, 451, 687, 35%
l10n/po/es_ES/content/versions/3.20/guides/extension-writing-dev-service.adoc.po, 29, 31, 450, 452, 1%
l10n/po/es_ES/content/versions/3.27/guides/extension-writing-dev-service.adoc.po, 29, 31, 450, 452, 1%
l10n/po/es_ES/content/versions/3.33/guides/extension-writing-dev-service.adoc.po, 29, 31, 450, 452, 1%
l10n/po/es_ES/content/versions/3.34/guides/extension-writing-dev-service.adoc.po, 29, 31, 450, 452, 1%
l10n/po/es_ES/content/posts/2022/2022-11-18-quarkus-3-0-0-alpha1-released.adoc.po, 31, 38, 448, 513, 13%
l10n/po/es_ES/content/posts/2026/2026-07-29-quarkus-3-38-released.adoc.po, 30, 40, 442, 511, 14%
l10n/po/es_ES/content/versions/3.2/guides/security-basic-authentication.adoc.po, 28, 32, 438, 474, 8%
l10n/po/es_ES/content/posts/2020/2020-08-24-mutiny-failure-handling.adoc.po, 21, 21, 437, 437, 0%
l10n/po/es_ES/content/posts/2023/2023-03-23-quarkus-3-0-0-beta1-released.adoc.po, 35, 42, 437, 502, 13%
l10n/po/es_ES/content/versions/main/guides/security-oidc-client-id-metadata-document.adoc.po, 32, 34, 436, 438, 1%
l10n/po/es_ES/content/versions/2.13/guides/liquibase-mongodb.adoc.po, 64, 84, 435, 597, 28%
l10n/po/es_ES/content/versions/2.16/guides/liquibase-mongodb.adoc.po, 64, 84, 435, 597, 28%
l10n/po/es_ES/content/versions/3.15/guides/security-basic-authentication.adoc.po, 28, 32, 434, 470, 8%
l10n/po/es_ES/content/versions/3.20/guides/security-basic-authentication.adoc.po, 28, 32, 434, 470, 8%
l10n/po/es_ES/content/versions/3.8/guides/security-basic-authentication.adoc.po, 28, 32, 434, 470, 8%
l10n/po/es_ES/content/posts/2026/2026-05-28-panache-next-renamed-to-quarkus-data.adoc.po, 33, 33, 432, 432, 0%
l10n/po/es_ES/content/posts/2020/2020-09-29-mutiny-concurrent-uni.adoc.po, 20, 20, 428, 428, 0%
l10n/po/es_ES/content/versions/3.15/guides/gcp-functions-http.adoc.po, 29, 60, 427, 687, 38%
l10n/po/es_ES/content/versions/3.2/guides/security-proactive-authentication.adoc.po, 19, 21, 427, 431, 1%
l10n/po/es_ES/content/versions/3.20/guides/gcp-functions-http.adoc.po, 29, 60, 427, 687, 38%
l10n/po/es_ES/content/versions/3.27/guides/gcp-functions-http.adoc.po, 29, 60, 427, 687, 38%
l10n/po/es_ES/content/posts/2019/2019-06-18-hibernate-search-extension.adoc.po, 24, 25, 426, 428, 1%
l10n/po/es_ES/content/versions/3.20/guides/deploying-to-openshift-docker-howto.adoc.po, 27, 30, 422, 425, 1%
l10n/po/es_ES/content/versions/3.27/guides/deploying-to-openshift-docker-howto.adoc.po, 27, 30, 422, 425, 1%
l10n/po/es_ES/content/versions/3.34/guides/deploying-to-openshift-docker-howto.adoc.po, 27, 30, 422, 425, 1%
l10n/po/es_ES/content/guides/update-quarkus.adoc.po, 31, 33, 420, 422, 1%
l10n/po/es_ES/content/versions/main/guides/update-quarkus.adoc.po, 31, 33, 420, 422, 1%
l10n/po/es_ES/content/posts/2025/2025-10-29-quarkus-3-29-released.adoc.po, 20, 30, 419, 488, 15%
l10n/po/es_ES/content/guides/deploying-to-openshift-docker-howto.adoc.po, 27, 30, 417, 420, 1%
l10n/po/es_ES/content/versions/3.33/guides/deploying-to-openshift-docker-howto.adoc.po, 27, 30, 417, 420, 1%
l10n/po/es_ES/content/versions/main/guides/deploying-to-openshift-docker-howto.adoc.po, 27, 30, 417, 420, 1%
l10n/po/es_ES/content/versions/3.8/guides/gcp-functions-http.adoc.po, 28, 60, 416, 687, 40%
l10n/po/es_ES/content/posts/2023/2023-01-25-quarkus-2-16-0-final-released.adoc.po, 23, 34, 414, 484, 15%
l10n/po/es_ES/content/posts/2021/2021-12-02-website-and-discussions.adoc.po, 18, 18, 412, 412, 0%
l10n/po/es_ES/content/posts/2024/2024-01-26-quarkus-3-2-10-final-released.adoc.po, 32, 40, 408, 475, 15%
l10n/po/es_ES/content/posts/2023/2023-12-19-our-plans-for-quarkus-3-7-3-8-3-9-released.adoc.po, 22, 29, 407, 472, 14%
l10n/po/es_ES/content/versions/3.2/guides/config-yaml.adoc.po, 21, 26, 406, 422, 4%
l10n/po/es_ES/content/posts/2023/2023-02-15-quarkus-3-0-0-alpha4-released.adoc.po, 30, 37, 400, 465, 14%
l10n/po/es_ES/content/versions/3.34/guides/deploying-to-openshift-s2i-howto.adoc.po, 32, 35, 400, 403, 1%
l10n/po/es_ES/content/versions/2.13/guides/doc-contribute-docs-howto.adoc.po, 25, 26, 399, 400, 1%
l10n/po/es_ES/content/versions/3.15/guides/extension-writing-dev-service.adoc.po, 21, 23, 398, 400, 1%
l10n/po/es_ES/content/versions/main/guides/deploying-to-openshift-s2i-howto.adoc.po, 33, 36, 398, 401, 1%
l10n/po/es_ES/content/guides/deploying-to-openshift-s2i-howto.adoc.po, 33, 36, 397, 400, 1%
l10n/po/es_ES/content/versions/3.33/guides/deploying-to-openshift-s2i-howto.adoc.po, 33, 36, 397, 400, 1%
l10n/po/es_ES/content/versions/2.16/guides/kafka-dev-services.adoc.po, 15, 29, 395, 518, 24%
l10n/po/es_ES/content/versions/3.2/guides/kafka-dev-services.adoc.po, 15, 29, 395, 518, 24%
l10n/po/es_ES/content/posts/2025/2025-03-26-quarkus-3-21-0-released.adoc.po, 20, 30, 394, 463, 15%
l10n/po/es_ES/content/versions/3.15/guides/kafka-dev-services.adoc.po, 15, 29, 394, 517, 24%
l10n/po/es_ES/content/versions/3.8/guides/kafka-dev-services.adoc.po, 15, 29, 394, 517, 24%
l10n/po/es_ES/content/posts/2022/2022-09-28-quarkus-2-13-0-final-released.adoc.po, 17, 27, 391, 462, 16%
l10n/po/es_ES/content/versions/3.2/guides/gcp-functions-http.adoc.po, 25, 57, 387, 658, 42%
l10n/po/es_ES/content/versions/3.20/guides/deploying-to-openshift-native-howto.adoc.po, 27, 30, 387, 390, 1%
l10n/po/es_ES/content/versions/3.27/guides/deploying-to-openshift-native-howto.adoc.po, 27, 30, 387, 390, 1%
l10n/po/es_ES/content/versions/3.34/guides/deploying-to-openshift-native-howto.adoc.po, 27, 30, 387, 390, 1%
l10n/po/es_ES/content/versions/2.13/guides/deploying-to-heroku.adoc.po, 16, 56, 386, 813, 53%
l10n/po/es_ES/content/versions/2.16/guides/deploying-to-heroku.adoc.po, 16, 56, 386, 813, 53%
l10n/po/es_ES/content/versions/3.2/guides/deploying-to-heroku.adoc.po, 16, 56, 386, 813, 53%
l10n/po/es_ES/content/guides/deploying-to-openshift-native-howto.adoc.po, 28, 31, 385, 388, 1%
l10n/po/es_ES/content/versions/3.33/guides/deploying-to-openshift-native-howto.adoc.po, 28, 31, 385, 388, 1%
l10n/po/es_ES/content/versions/main/guides/deploying-to-openshift-native-howto.adoc.po, 28, 31, 385, 388, 1%
l10n/po/es_ES/content/guides/spring-test.adoc.po, 52, 56, 384, 402, 5%
l10n/po/es_ES/content/versions/main/guides/spring-test.adoc.po, 52, 56, 384, 402, 5%
l10n/po/es_ES/content/posts/2024/2024-07-31-quarkus-moving-to-commonhaus.adoc.po, 12, 12, 383, 383, 0%
l10n/po/es_ES/content/versions/2.13/guides/gcp-functions-http.adoc.po, 25, 58, 382, 671, 44%
l10n/po/es_ES/content/posts/2025/2025-09-18-quarkus-a2a-java-0-3-0-beta-release.adoc.po, 25, 25, 381, 381, 0%
l10n/po/es_ES/content/posts/2025/2025-05-28-quarkus-3-23-0-released.adoc.po, 23, 33, 380, 449, 16%
l10n/po/es_ES/content/posts/2020/2020-07-10-quarkus-test-profiles.adoc.po, 16, 16, 376, 376, 0%
l10n/po/es_ES/content/posts/2021/2021-10-27-quarkus-2-4-0-final-released.adoc.po, 21, 29, 374, 440, 15%
l10n/po/es_ES/content/posts/2019/2019-08-01-hibernate-orm-config-profiles.adoc.po, 8, 8, 372, 372, 0%
l10n/po/es_ES/content/posts/2019/2019-11-04-quarkus-0-28-1-released.adoc.po, 18, 27, 365, 433, 16%
l10n/po/es_ES/content/versions/2.16/guides/gcp-functions-http.adoc.po, 24, 57, 365, 654, 45%
l10n/po/es_ES/content/posts/2023/2023-01-23-quarkus-3-0-0-alpha3-released.adoc.po, 23, 30, 362, 427, 16%
l10n/po/es_ES/content/versions/3.15/guides/observability-devservices-lgtm.adoc.po, 25, 26, 360, 363, 1%
l10n/po/es_ES/templates/partials/ai-overview.html.po, 24, 24, 358, 358, 0%
l10n/po/es_ES/content/versions/3.15/guides/update-quarkus.adoc.po, 27, 29, 357, 359, 1%
l10n/po/es_ES/content/versions/3.20/guides/update-quarkus.adoc.po, 27, 29, 357, 359, 1%
l10n/po/es_ES/content/versions/3.27/guides/update-quarkus.adoc.po, 27, 29, 357, 359, 1%
l10n/po/es_ES/content/versions/3.33/guides/update-quarkus.adoc.po, 27, 29, 357, 359, 1%
l10n/po/es_ES/content/versions/3.34/guides/update-quarkus.adoc.po, 27, 29, 357, 359, 1%
l10n/po/es_ES/content/versions/2.13/guides/reaugmentation.adoc.po, 5, 18, 356, 543, 35%
l10n/po/es_ES/content/versions/2.16/guides/reaugmentation.adoc.po, 5, 18, 356, 543, 35%
l10n/po/es_ES/_data/qtips-videos.yaml.po, 101, 111, 355, 377, 6%
l10n/po/es_ES/content/posts/2019/2019-10-16-quarkus-0-25.0-released.adoc.po, 25, 34, 355, 423, 17%
l10n/po/es_ES/content/versions/2.13/guides/rabbitmq-dev-services.adoc.po, 13, 29, 355, 462, 24%
l10n/po/es_ES/content/versions/2.16/guides/rabbitmq-dev-services.adoc.po, 13, 29, 355, 462, 24%
l10n/po/es_ES/content/versions/3.15/guides/rabbitmq-dev-services.adoc.po, 13, 29, 355, 462, 24%
l10n/po/es_ES/content/versions/3.2/guides/rabbitmq-dev-services.adoc.po, 13, 29, 355, 462, 24%
l10n/po/es_ES/content/versions/3.8/guides/rabbitmq-dev-services.adoc.po, 13, 29, 355, 462, 24%
l10n/po/es_ES/content/posts/2020/2020-04-28-eclipse-quarkus-tools-4.15.0.Final.adoc.po, 29, 29, 352, 352, 0%
l10n/po/es_ES/content/posts/2021/2021-06-22-calling-all-roadies.adoc.po, 30, 30, 351, 351, 0%
l10n/po/es_ES/content/versions/2.13/guides/config-yaml.adoc.po, 18, 25, 351, 393, 11%
l10n/po/es_ES/content/versions/2.16/guides/config-yaml.adoc.po, 18, 25, 351, 393, 11%
l10n/po/es_ES/content/posts/2020/2020-06-24-intellij-quarkus-tools-1.0.0.adoc.po, 36, 36, 350, 350, 0%
l10n/po/es_ES/content/guides/reaugmentation.adoc.po, 6, 18, 346, 529, 35%
l10n/po/es_ES/content/posts/2019/2019-11-06-announcing-quarkus-1-0.adoc.po, 10, 10, 346, 346, 0%
l10n/po/es_ES/content/versions/main/guides/reaugmentation.adoc.po, 6, 18, 346, 529, 35%
l10n/po/es_ES/content/versions/2.13/guides/kafka-dev-services.adoc.po, 12, 27, 345, 479, 28%
l10n/po/es_ES/content/posts/2021/2021-10-06-quarkus-2-3-0-final-released.adoc.po, 18, 26, 344, 410, 17%
l10n/po/es_ES/content/posts/2020/2020-01-24-quarkus-wins-devies-award.adoc.po, 5, 5, 342, 342, 0%
l10n/po/es_ES/content/versions/3.15/guides/reaugmentation.adoc.po, 5, 18, 342, 529, 36%
l10n/po/es_ES/content/versions/3.2/guides/reaugmentation.adoc.po, 5, 18, 342, 529, 36%
l10n/po/es_ES/content/versions/3.20/guides/reaugmentation.adoc.po, 5, 18, 342, 529, 36%
l10n/po/es_ES/content/versions/3.27/guides/reaugmentation.adoc.po, 5, 18, 342, 529, 36%
l10n/po/es_ES/content/versions/3.33/guides/reaugmentation.adoc.po, 5, 18, 342, 529, 36%
l10n/po/es_ES/content/versions/3.34/guides/reaugmentation.adoc.po, 5, 18, 342, 529, 36%
l10n/po/es_ES/content/versions/3.8/guides/reaugmentation.adoc.po, 5, 18, 342, 529, 36%
l10n/po/es_ES/content/versions/3.2/guides/update-quarkus.adoc.po, 26, 28, 341, 343, 1%
l10n/po/es_ES/content/versions/3.8/guides/update-quarkus.adoc.po, 26, 28, 341, 343, 1%
l10n/po/es_ES/templates/partials/ai-quarkus-for-ai.html.po, 26, 26, 339, 339, 0%
l10n/po/es_ES/content/posts/2019/2019-05-05-quarkus-has-a-new-logo.adoc.po, 13, 13, 338, 338, 0%
l10n/po/es_ES/content/posts/2022/2022-08-31-quarkus-2-12-0-final-released.adoc.po, 19, 28, 336, 404, 17%
l10n/po/es_ES/content/posts/2020/2020-08-25-quarkus-day-2020.adoc.po, 14, 14, 334, 334, 0%
l10n/po/es_ES/content/posts/2026/2026-04-13-reflection-free-jsckson-serializers.adoc.po, 8, 8, 334, 334, 0%
l10n/po/es_ES/templates/partials/ai-blueprints.html.po, 14, 14, 334, 334, 0%
l10n/po/es_ES/content/posts/2020/2020-07-09-quarkus-cassandra-extension-released.adoc.po, 10, 10, 328, 328, 0%
l10n/po/es_ES/content/posts/2022/2022-12-07-quarkus-3-0-0-alpha2-released.adoc.po, 20, 27, 328, 393, 17%
l10n/po/es_ES/_data/training.yaml.po, 58, 59, 326, 328, 1%
l10n/po/es_ES/content/versions/3.2/guides/amazon-lambda-http.adoc.po, 19, 112, 325, 2017, 84%
l10n/po/es_ES/content/guides/grpc-virtual-threads.adoc.po, 14, 14, 324, 324, 0%
l10n/po/es_ES/content/posts/2020/2020-12-07-extension-codestarts-a-new-way-to-learn-and-discover-quarkus.adoc.po, 19, 19, 324, 324, 0%
l10n/po/es_ES/content/versions/3.15/guides/grpc-virtual-threads.adoc.po, 14, 14, 324, 324, 0%
l10n/po/es_ES/content/versions/3.20/guides/grpc-virtual-threads.adoc.po, 14, 14, 324, 324, 0%
l10n/po/es_ES/content/versions/3.27/guides/grpc-virtual-threads.adoc.po, 14, 14, 324, 324, 0%
l10n/po/es_ES/content/versions/3.33/guides/grpc-virtual-threads.adoc.po, 14, 14, 324, 324, 0%
l10n/po/es_ES/content/versions/3.34/guides/grpc-virtual-threads.adoc.po, 14, 14, 324, 324, 0%
l10n/po/es_ES/content/versions/3.8/guides/grpc-virtual-threads.adoc.po, 14, 14, 324, 324, 0%
l10n/po/es_ES/content/versions/main/guides/grpc-virtual-threads.adoc.po, 14, 14, 324, 324, 0%
l10n/po/es_ES/content/posts/2019/2019-10-23-quarkus-0-26-1-released.adoc.po, 17, 26, 323, 391, 18%
l10n/po/es_ES/content/versions/3.2/guides/stork-reference.adoc.po, 23, 23, 319, 319, 0%
l10n/po/es_ES/content/guides/amqp.adoc.po, 22, 83, 318, 1161, 73%
l10n/po/es_ES/content/versions/main/guides/amqp.adoc.po, 22, 83, 318, 1161, 73%
l10n/po/es_ES/content/versions/2.13/guides/security-basic-auth-concept.adoc.po, 13, 14, 316, 347, 9%
l10n/po/es_ES/content/versions/2.16/guides/security-basic-authentication-concept.adoc.po, 13, 14, 316, 347, 9%
l10n/po/es_ES/content/posts/2021/2021-07-29-quarkus-2-1-0-final-released.adoc.po, 16, 24, 315, 381, 18%
l10n/po/es_ES/content/versions/3.2/guides/security-testing.adoc.po, 10, 22, 314, 410, 24%
l10n/po/es_ES/content/versions/3.8/guides/security-testing.adoc.po, 10, 22, 314, 410, 24%
l10n/po/es_ES/templates/partials/kubernetes-native.html.po, 16, 24, 314, 422, 26%
l10n/po/es_ES/content/guides/web-dependency-locator.adoc.po, 23, 24, 313, 315, 1%
l10n/po/es_ES/content/posts/2020/2020-12-08-avro-native.adoc.po, 19, 19, 313, 313, 0%
l10n/po/es_ES/content/versions/3.15/guides/web-dependency-locator.adoc.po, 23, 24, 313, 315, 1%
l10n/po/es_ES/content/versions/3.20/guides/web-dependency-locator.adoc.po, 23, 24, 313, 315, 1%
l10n/po/es_ES/content/versions/3.27/guides/web-dependency-locator.adoc.po, 23, 24, 313, 315, 1%
l10n/po/es_ES/content/versions/3.33/guides/web-dependency-locator.adoc.po, 23, 24, 313, 315, 1%
l10n/po/es_ES/content/versions/3.34/guides/web-dependency-locator.adoc.po, 23, 24, 313, 315, 1%
l10n/po/es_ES/content/versions/main/guides/web-dependency-locator.adoc.po, 23, 24, 313, 315, 1%
l10n/po/es_ES/content/foundation-faq.md.po, 30, 30, 312, 312, 0%
l10n/po/es_ES/content/posts/2020/2020-06-25-quarkus-grpc.adoc.po, 19, 23, 312, 339, 8%
l10n/po/es_ES/content/versions/3.33/guides/amqp.adoc.po, 21, 83, 310, 1161, 74%
l10n/po/es_ES/content/versions/3.34/guides/amqp.adoc.po, 21, 83, 310, 1161, 74%
l10n/po/es_ES/templates/partials/spring-features-band.html.po, 17, 17, 308, 308, 0%
l10n/po/es_ES/content/posts/2019/2019-10-31-vscode-quarkus-1.1.0.adoc.po, 28, 28, 304, 304, 0%
l10n/po/es_ES/content/usage.md.po, 25, 25, 303, 303, 0%
l10n/po/es_ES/content/posts/2023/2023-10-19-virtual-threads-5.adoc.po, 17, 17, 302, 302, 0%
l10n/po/es_ES/content/posts/2022/2022-11-28-quarkus-2-14-2-final-released.adoc.po, 19, 27, 295, 362, 19%
l10n/po/es_ES/content/posts/2023/2023-03-15-quarkus-3-0-0-alpha6-released.adoc.po, 22, 29, 295, 360, 19%
l10n/po/es_ES/content/posts/2026/2026-03-25-quarkus-3-34-released.adoc.po, 9, 19, 295, 364, 19%
l10n/po/es_ES/content/versions/2.13/guides/kogito-dev-services.adoc.po, 14, 20, 295, 314, 7%
l10n/po/es_ES/content/versions/2.16/guides/amazon-lambda.adoc.po, 17, 143, 295, 2658, 89%
l10n/po/es_ES/content/versions/2.16/guides/kogito-dev-services.adoc.po, 14, 20, 295, 314, 7%
l10n/po/es_ES/content/posts/2025/2025-04-11-quarkus-newsletter-55.adoc.po, 4, 4, 294, 294, 0%
l10n/po/es_ES/content/versions/3.8/guides/pulsar-dev-services.adoc.po, 18, 21, 293, 301, 3%
l10n/po/es_ES/content/posts/2023/2023-09-14-cve-2023-4853.adoc.po, 23, 23, 292, 292, 0%
l10n/po/es_ES/content/posts/2020/2020-01-21-march-of-ides.adoc.po, 27, 56, 291, 360, 20%
l10n/po/es_ES/content/versions/3.15/guides/pulsar-dev-services.adoc.po, 18, 21, 291, 299, 3%
l10n/po/es_ES/content/versions/3.8/guides/rabbitmq.adoc.po, 21, 92, 291, 1264, 77%
l10n/po/es_ES/content/posts/2020/2020-06-15-quarkus-hackathon-announcement.adoc.po, 30, 30, 289, 289, 0%
l10n/po/es_ES/content/posts/2026/2026-03-19-quarkus-newsletter-66.adoc.po, 4, 4, 289, 289, 0%
l10n/po/es_ES/content/versions/2.16/guides/security-testing.adoc.po, 10, 22, 286, 412, 31%
l10n/po/es_ES/_data/sitemap-links.yaml.po, 149, 159, 283, 298, 6%
l10n/po/es_ES/content/versions/2.13/guides/amazon-lambda.adoc.po, 16, 141, 283, 2645, 90%
l10n/po/es_ES/content/posts/2025/2025-03-13-quarkus-redhat-strategy.adoc.po, 8, 8, 282, 282, 0%
l10n/po/es_ES/content/posts/2025/2025-09-26-quarkus-newsletter-60.adoc.po, 4, 4, 282, 282, 0%
l10n/po/es_ES/content/posts/2026/2026-02-13-quarkus-newsletter-65.adoc.po, 4, 4, 282, 282, 0%
l10n/po/es_ES/content/versions/2.13/guides/rabbitmq.adoc.po, 20, 87, 281, 1203, 77%
l10n/po/es_ES/content/versions/2.16/guides/rabbitmq.adoc.po, 20, 87, 281, 1203, 77%
l10n/po/es_ES/content/versions/3.2/guides/rabbitmq.adoc.po, 19, 87, 270, 1200, 78%
l10n/po/es_ES/content/posts/2024/2024-11-12-quarkus-newsletter-50.adoc.po, 4, 4, 267, 267, 0%
l10n/po/es_ES/content/guides/observability-devservices.adoc.po, 10, 10, 265, 265, 0%
l10n/po/es_ES/content/versions/3.15/guides/observability-devservices.adoc.po, 10, 10, 265, 265, 0%
l10n/po/es_ES/content/versions/3.20/guides/observability-devservices.adoc.po, 10, 10, 265, 265, 0%
l10n/po/es_ES/content/versions/3.27/guides/observability-devservices.adoc.po, 10, 10, 265, 265, 0%
l10n/po/es_ES/content/versions/3.33/guides/observability-devservices.adoc.po, 10, 10, 265, 265, 0%
l10n/po/es_ES/content/versions/3.34/guides/observability-devservices.adoc.po, 10, 10, 265, 265, 0%
l10n/po/es_ES/content/versions/main/guides/observability-devservices.adoc.po, 10, 10, 265, 265, 0%
l10n/po/es_ES/content/posts/2019/2019-09-16-quarkus-0-22-0-released.adoc.po, 13, 22, 262, 330, 21%
l10n/po/es_ES/content/posts/2020/2020-01-21-quarkus-eclipse-microprofile-3-2-compatible.adoc.po, 5, 5, 262, 262, 0%
l10n/po/es_ES/content/versions/3.8/guides/aws-lambda-http.adoc.po, 16, 112, 261, 2017, 88%
l10n/po/es_ES/content/guides/security-basic-authentication-howto.adoc.po, 16, 27, 260, 306, 16%
l10n/po/es_ES/content/posts/2026/2026-07-29-quarkus-3-33-3-released.adoc.po, 31, 40, 260, 328, 21%
l10n/po/es_ES/content/versions/main/guides/security-basic-authentication-howto.adoc.po, 16, 27, 260, 306, 16%
l10n/po/es_ES/content/posts/2023/2023-07-24-quarkus-3-2-2-final-released.adoc.po, 12, 20, 259, 326, 21%
l10n/po/es_ES/content/posts/2025/2025-11-13-quarkus-newsletter-62.adoc.po, 4, 4, 256, 256, 0%
l10n/po/es_ES/content/posts/2026/2026-06-09-quarkus-newsletter-69.adoc.po, 4, 4, 255, 255, 0%
l10n/po/es_ES/content/versions/2.13/guides/security-testing.adoc.po, 8, 20, 255, 381, 34%
l10n/po/es_ES/content/posts/2026/2026-07-29-quarkus-3-27-5-released.adoc.po, 30, 39, 253, 321, 22%
l10n/po/es_ES/content/posts/2023/2023-09-15-quarkus-newsletter-36.adoc.po, 4, 4, 252, 252, 0%
l10n/po/es_ES/content/faq.adoc.po, 15, 33, 251, 726, 66%
l10n/po/es_ES/content/posts/2025/2025-08-13-quarkus-newsletter-59.adoc.po, 4, 4, 251, 251, 0%
l10n/po/es_ES/_data/contributors.yaml.po, 178, 358, 250, 520, 52%
l10n/po/es_ES/content/posts/2022/2022-02-04-quarkusworldtour-2022.adoc.po, 14, 14, 250, 250, 0%
l10n/po/es_ES/content/guides/security-vulnerability-detection.adoc.po, 17, 19, 248, 252, 2%
l10n/po/es_ES/content/versions/3.15/guides/security-vulnerability-detection.adoc.po, 17, 19, 248, 252, 2%
l10n/po/es_ES/content/versions/3.2/guides/security-vulnerability-detection.adoc.po, 17, 19, 248, 252, 2%
l10n/po/es_ES/content/versions/3.20/guides/security-vulnerability-detection.adoc.po, 17, 19, 248, 252, 2%
l10n/po/es_ES/content/versions/3.27/guides/security-vulnerability-detection.adoc.po, 17, 19, 248, 252, 2%
l10n/po/es_ES/content/versions/3.33/guides/security-vulnerability-detection.adoc.po, 17, 19, 248, 252, 2%
l10n/po/es_ES/content/versions/3.34/guides/security-vulnerability-detection.adoc.po, 17, 19, 248, 252, 2%
l10n/po/es_ES/content/versions/3.8/guides/security-vulnerability-detection.adoc.po, 17, 19, 248, 252, 2%
l10n/po/es_ES/content/versions/main/guides/security-vulnerability-detection.adoc.po, 17, 19, 248, 252, 2%
l10n/po/es_ES/content/posts/2019/2019-10-02-quarkus-0-23-2-released.adoc.po, 11, 20, 247, 315, 22%
l10n/po/es_ES/content/guides/funqy-aws-lambda-http.adoc.po, 10, 14, 246, 264, 7%
l10n/po/es_ES/content/posts/2022/2022-05-13-quarkus-newsletter-20.adoc.po, 6, 6, 246, 246, 0%
l10n/po/es_ES/content/posts/2022/2022-09-13-quarkus-newsletter-24.adoc.po, 5, 5, 246, 246, 0%
l10n/po/es_ES/content/versions/3.15/guides/funqy-aws-lambda-http.adoc.po, 10, 14, 246, 264, 7%
l10n/po/es_ES/content/versions/3.20/guides/funqy-aws-lambda-http.adoc.po, 10, 14, 246, 264, 7%
l10n/po/es_ES/content/versions/3.27/guides/funqy-aws-lambda-http.adoc.po, 10, 14, 246, 264, 7%
l10n/po/es_ES/content/versions/3.33/guides/funqy-aws-lambda-http.adoc.po, 10, 14, 246, 264, 7%
l10n/po/es_ES/content/versions/3.34/guides/funqy-aws-lambda-http.adoc.po, 10, 14, 246, 264, 7%
l10n/po/es_ES/content/versions/3.8/guides/funqy-aws-lambda-http.adoc.po, 10, 14, 246, 264, 7%
l10n/po/es_ES/content/versions/main/guides/funqy-aws-lambda-http.adoc.po, 10, 14, 246, 264, 7%
l10n/po/es_ES/templates/partials/spring-userstory-callout.html.po, 12, 12, 246, 246, 0%
l10n/po/es_ES/content/versions/3.27/guides/mongodb-dev-services.adoc.po, 9, 11, 245, 249, 2%
l10n/po/es_ES/content/posts/2024/2024-03-19-quarkus-3-8-3-released.adoc.po, 14, 23, 244, 312, 22%
l10n/po/es_ES/content/guides/upx.adoc.po, 11, 33, 243, 413, 42%
l10n/po/es_ES/content/versions/3.27/guides/upx.adoc.po, 11, 33, 243, 413, 42%
l10n/po/es_ES/content/versions/3.33/guides/upx.adoc.po, 11, 33, 243, 413, 42%
l10n/po/es_ES/content/versions/3.34/guides/upx.adoc.po, 11, 33, 243, 413, 42%
l10n/po/es_ES/content/versions/main/guides/upx.adoc.po, 11, 33, 243, 413, 42%
l10n/po/es_ES/content/posts/2025/2025-10-22-quarkus-newsletter-61.adoc.po, 4, 4, 242, 242, 0%
l10n/po/es_ES/content/versions/2.13/guides/funqy-gcp-functions-http.adoc.po, 9, 14, 242, 267, 10%
l10n/po/es_ES/content/versions/2.16/guides/funqy-gcp-functions-http.adoc.po, 9, 14, 242, 267, 10%
l10n/po/es_ES/content/guides/funqy-gcp-functions-http.adoc.po, 9, 14, 241, 267, 10%
l10n/po/es_ES/content/versions/main/guides/funqy-gcp-functions-http.adoc.po, 9, 14, 241, 267, 10%
l10n/po/es_ES/content/versions/2.13/guides/funqy-amazon-lambda-http.adoc.po, 9, 14, 240, 264, 10%
l10n/po/es_ES/content/versions/2.16/guides/funqy-amazon-lambda-http.adoc.po, 9, 14, 240, 264, 10%
l10n/po/es_ES/content/versions/3.2/guides/funqy-amazon-lambda-http.adoc.po, 9, 14, 240, 264, 10%
l10n/po/es_ES/content/posts/2026/2026-04-22-quarkus-newsletter-67.adoc.po, 4, 4, 239, 239, 0%
l10n/po/es_ES/content/posts/2020/2020-03-28-quarkus-1-3-1-final-released.adoc.po, 14, 21, 237, 302, 22%
l10n/po/es_ES/content/posts/2026/2026-05-14-quarkus-newsletter-68.adoc.po, 4, 4, 235, 235, 0%
l10n/po/es_ES/content/posts/2023/2023-11-13-quarkus-newsletter-38.adoc.po, 4, 4, 234, 234, 0%
l10n/po/es_ES/content/versions/3.15/guides/funqy-gcp-functions-http.adoc.po, 8, 14, 234, 267, 13%
l10n/po/es_ES/content/versions/3.2/guides/funqy-gcp-functions-http.adoc.po, 8, 14, 234, 267, 13%
l10n/po/es_ES/content/versions/3.20/guides/funqy-gcp-functions-http.adoc.po, 8, 14, 234, 267, 13%
l10n/po/es_ES/content/versions/3.27/guides/funqy-gcp-functions-http.adoc.po, 8, 14, 234, 267, 13%
l10n/po/es_ES/content/versions/3.33/guides/funqy-gcp-functions-http.adoc.po, 8, 14, 234, 267, 13%
l10n/po/es_ES/content/versions/3.34/guides/funqy-gcp-functions-http.adoc.po, 8, 14, 234, 267, 13%
l10n/po/es_ES/content/versions/3.8/guides/funqy-gcp-functions-http.adoc.po, 8, 14, 234, 267, 13%
l10n/po/es_ES/templates/partials/support-options-band.html.po, 17, 17, 234, 234, 0%
l10n/po/es_ES/content/posts/2025/2025-06-12-quarkus-newsletter-57.adoc.po, 4, 4, 233, 233, 0%
l10n/po/es_ES/content/posts/2024/2024-01-11-quarkus-newsletter-40.adoc.po, 4, 4, 231, 231, 0%
l10n/po/es_ES/content/versions/3.20/guides/mongodb-dev-services.adoc.po, 7, 9, 229, 233, 2%
l10n/po/es_ES/content/versions/3.15/guides/mongodb-dev-services.adoc.po, 7, 8, 227, 229, 1%
l10n/po/es_ES/content/posts/2022/2022-08-26-intellij-quarkus-tools-1.12.0.adoc.po, 14, 14, 226, 226, 0%
l10n/po/es_ES/content/posts/2023/2023-03-14-quarkus-newsletter-30.adoc.po, 4, 4, 224, 224, 0%
l10n/po/es_ES/content/posts/2023/2023-12-12-quarkus-newsletter-39.adoc.po, 4, 4, 224, 224, 0%
l10n/po/es_ES/content/posts/2024/2024-04-16-quarkus-newsletter-43.adoc.po, 4, 4, 224, 224, 0%
l10n/po/es_ES/content/posts/2023/2023-10-10-quarkus-newsletter-37.adoc.po, 4, 4, 223, 223, 0%
l10n/po/es_ES/content/versions/2.16/guides/kubernetes-dev-services.adoc.po, 7, 17, 223, 334, 34%
l10n/po/es_ES/content/posts/2024/2024-09-12-quarkus-newsletter-48.adoc.po, 4, 4, 222, 222, 0%
l10n/po/es_ES/content/posts/2022/2022-06-13-quarkus-newsletter-21.adoc.po, 5, 5, 221, 221, 0%
l10n/po/es_ES/content/posts/2026/2026-08-13-quarkus-newsletter-71.adoc.po, 4, 4, 221, 221, 0%
l10n/po/es_ES/content/posts/2023/2023-08-14-quarkus-newsletter-35.adoc.po, 4, 4, 220, 220, 0%
l10n/po/es_ES/content/posts/2026/2026-09-16-quarkus-newsletter-72.adoc.po, 4, 4, 220, 220, 0%
l10n/po/es_ES/content/guides/quarkus-runtime-base-image.adoc.po, 8, 16, 219, 266, 18%
l10n/po/es_ES/content/versions/3.15/guides/kubernetes-dev-services.adoc.po, 6, 17, 219, 334, 35%
l10n/po/es_ES/content/versions/3.2/guides/kubernetes-dev-services.adoc.po, 6, 17, 219, 334, 35%
l10n/po/es_ES/content/versions/3.8/guides/kubernetes-dev-services.adoc.po, 6, 17, 219, 334, 35%
l10n/po/es_ES/content/versions/main/guides/quarkus-runtime-base-image.adoc.po, 8, 16, 219, 266, 18%
l10n/po/es_ES/content/sitemap.md.po, 17, 17, 218, 218, 0%
l10n/po/es_ES/content/posts/2024/2024-09-11-quarkus-3-14-3-released.adoc.po, 11, 20, 217, 285, 24%
l10n/po/es_ES/content/posts/2025/2025-08-29-quarkus-3-26-1-released.adoc.po, 10, 19, 217, 285, 24%
l10n/po/es_ES/content/posts/2023/2023-06-13-quarkus-newsletter-33.adoc.po, 4, 4, 215, 215, 0%
l10n/po/es_ES/content/posts/2024/2024-10-17-quarkus-newsletter-49.adoc.po, 4, 4, 215, 215, 0%
l10n/po/es_ES/content/posts/2025/2025-02-11-quarkus-newsletter-53.adoc.po, 4, 4, 215, 215, 0%
l10n/po/es_ES/content/posts/2025/2025-12-11-quarkus-newsletter-63.adoc.po, 4, 4, 215, 215, 0%
l10n/po/es_ES/content/posts/2026/2026-01-15-quarkus-newsletter-64.adoc.po, 4, 4, 215, 215, 0%
l10n/po/es_ES/content/versions/3.27/guides/quarkus-runtime-base-image.adoc.po, 7, 16, 215, 266, 20%
l10n/po/es_ES/content/versions/3.33/guides/quarkus-runtime-base-image.adoc.po, 7, 16, 215, 266, 20%
l10n/po/es_ES/content/versions/3.34/guides/quarkus-runtime-base-image.adoc.po, 7, 16, 215, 266, 20%
l10n/po/es_ES/content/posts/2022/2022-07-14-quarkus-newsletter-22.adoc.po, 5, 5, 212, 212, 0%
l10n/po/es_ES/content/posts/2019/2019-11-20-quarkus-1-0-0-CR2-released.adoc.po, 8, 16, 210, 276, 24%
l10n/po/es_ES/content/posts/2022/2022-03-08-intellij-quarkus-tools-1.10.0.adoc.po, 13, 13, 210, 210, 0%
l10n/po/es_ES/content/posts/2020/2020-01-23-quarkus-fault-tolerance-4-0.adoc.po, 7, 7, 209, 209, 0%
l10n/po/es_ES/templates/partials/header-navigation.html.po, 46, 51, 209, 230, 10%
l10n/po/es_ES/templates/partials/spring-migrate-books.html.po, 16, 16, 209, 209, 0%
l10n/po/es_ES/content/posts/2023/2023-02-13-quarkus-newsletter-29.adoc.po, 4, 4, 208, 208, 0%
l10n/po/es_ES/content/posts/2023/2023-07-13-quarkus-newsletter-34.adoc.po, 4, 4, 208, 208, 0%
l10n/po/es_ES/content/posts/2024/2024-01-18-search-quarkus-io.adoc.po, 9, 9, 208, 208, 0%
l10n/po/es_ES/content/posts/2024/2024-03-13-quarkus-newsletter-42.adoc.po, 4, 4, 207, 207, 0%
l10n/po/es_ES/content/posts/2024/2024-07-12-quarkus-newsletter-46.adoc.po, 4, 4, 207, 207, 0%
l10n/po/es_ES/content/posts/2024/2024-05-15-quarkus-newsletter-44.adoc.po, 4, 4, 203, 203, 0%
l10n/po/es_ES/content/guides/grpc-xds.adoc.po, 26, 40, 202, 281, 29%
l10n/po/es_ES/content/posts/2022/2022-11-17-quarkus-newsletter-26.adoc.po, 4, 4, 202, 202, 0%
l10n/po/es_ES/content/versions/3.27/guides/grpc-xds.adoc.po, 26, 40, 202, 281, 29%
l10n/po/es_ES/content/versions/3.33/guides/grpc-xds.adoc.po, 26, 40, 202, 281, 29%
l10n/po/es_ES/content/versions/3.34/guides/grpc-xds.adoc.po, 26, 40, 202, 281, 29%
l10n/po/es_ES/content/versions/3.20/guides/grpc-xds.adoc.po, 25, 40, 201, 281, 29%
l10n/po/es_ES/content/posts/2023/2023-04-12-quarkus-newsletter-31.adoc.po, 4, 4, 200, 200, 0%
l10n/po/es_ES/content/versions/3.20/guides/appcds.adoc.po, 7, 30, 200, 783, 75%
l10n/po/es_ES/content/versions/3.27/guides/appcds.adoc.po, 7, 30, 200, 783, 75%
l10n/po/es_ES/content/guides/rabbitmq.adoc.po, 18, 92, 199, 1288, 85%
l10n/po/es_ES/content/versions/main/guides/rabbitmq.adoc.po, 18, 92, 199, 1288, 85%
l10n/po/es_ES/content/posts/2024/2024-12-12-quarkus-newsletter-51.adoc.po, 4, 4, 198, 198, 0%
l10n/po/es_ES/content/posts/2024/2024-04-17-quarkus-3-2-12-final-released.adoc.po, 16, 24, 197, 264, 26%
l10n/po/es_ES/content/versions/2.16/guides/grpc-xds.adoc.po, 27, 41, 197, 267, 27%
l10n/po/es_ES/content/posts/2022/2022-08-17-quarkus-newsletter-23.adoc.po, 5, 5, 195, 195, 0%
l10n/po/es_ES/content/versions/3.15/guides/rabbitmq.adoc.po, 17, 92, 192, 1288, 86%
l10n/po/es_ES/content/versions/3.20/guides/rabbitmq.adoc.po, 17, 92, 192, 1288, 86%
l10n/po/es_ES/content/versions/3.27/guides/rabbitmq.adoc.po, 17, 92, 192, 1288, 86%
l10n/po/es_ES/content/versions/3.33/guides/rabbitmq.adoc.po, 17, 92, 192, 1288, 86%
l10n/po/es_ES/content/versions/3.34/guides/rabbitmq.adoc.po, 17, 92, 192, 1288, 86%
l10n/po/es_ES/content/versions/3.15/guides/grpc-xds.adoc.po, 25, 40, 191, 271, 30%
l10n/po/es_ES/content/posts/2025/2025-05-13-quarkus-newsletter-56.adoc.po, 4, 4, 189, 189, 0%
l10n/po/es_ES/_data/projectfooter.yaml.po, 99, 107, 188, 198, 6%
l10n/po/es_ES/content/versions/2.16/guides/security-basic-authentication-howto.adoc.po, 11, 15, 187, 197, 6%
l10n/po/es_ES/content/posts/2021/2021-09-15-adoptium-customer-story.adoc.po, 7, 31, 185, 1082, 83%
l10n/po/es_ES/content/posts/2022/2022-04-14-quarkus-newsletter-19.adoc.po, 4, 4, 185, 185, 0%
l10n/po/es_ES/content/versions/3.15/guides/redis.adoc.po, 16, 93, 183, 1013, 82%
l10n/po/es_ES/content/versions/3.2/guides/grpc-xds.adoc.po, 26, 41, 183, 263, 31%
l10n/po/es_ES/content/versions/3.20/guides/redis.adoc.po, 16, 93, 183, 1013, 82%
l10n/po/es_ES/content/versions/3.8/guides/grpc-xds.adoc.po, 26, 41, 183, 263, 31%
l10n/po/es_ES/content/versions/3.8/guides/redis.adoc.po, 16, 93, 183, 1013, 82%
l10n/po/es_ES/content/posts/2022/2022-10-11-quarkus-newsletter-25.adoc.po, 4, 4, 182, 182, 0%
l10n/po/es_ES/content/posts/2023/2023-01-13-quarkus-newsletter-28.adoc.po, 4, 4, 182, 182, 0%
l10n/po/es_ES/content/posts/2024/2024-08-12-quarkus-newsletter-47.adoc.po, 4, 4, 182, 182, 0%
l10n/po/es_ES/content/guides/aws-lambda.adoc.po, 17, 142, 181, 2646, 94%
l10n/po/es_ES/content/versions/3.8/guides/amqp.adoc.po, 15, 83, 181, 1137, 85%
l10n/po/es_ES/content/posts/2021/2021-05-27-quarkus-2-0-0-cr2-released.adoc.po, 14, 22, 178, 244, 28%
l10n/po/es_ES/content/posts/2025/2025-07-14-quarkus-newsletter-58.adoc.po, 4, 4, 178, 178, 0%
l10n/po/es_ES/content/versions/3.15/guides/security-basic-authentication-howto.adoc.po, 11, 24, 178, 268, 34%
l10n/po/es_ES/content/versions/3.20/guides/security-basic-authentication-howto.adoc.po, 11, 24, 178, 268, 34%
l10n/po/es_ES/content/versions/3.27/guides/security-basic-authentication-howto.adoc.po, 11, 24, 178, 268, 34%
l10n/po/es_ES/content/versions/3.33/guides/security-basic-authentication-howto.adoc.po, 11, 24, 178, 268, 34%
l10n/po/es_ES/content/versions/3.34/guides/security-basic-authentication-howto.adoc.po, 11, 24, 178, 268, 34%
l10n/po/es_ES/content/versions/3.8/guides/security-basic-authentication-howto.adoc.po, 11, 24, 178, 268, 34%
l10n/po/es_ES/content/posts/2026/2026-05-29-mandrel-25-minimum-version.adoc.po, 8, 8, 177, 177, 0%
l10n/po/es_ES/content/posts/2020/2020-01-07-quarkus-1-1-1-final-released.adoc.po, 10, 19, 176, 244, 28%
l10n/po/es_ES/content/posts/2020/2020-05-20-insights-3.adoc.po, 10, 10, 175, 175, 0%
l10n/po/es_ES/content/posts/2025/2025-01-14-quarkus-newsletter-52.adoc.po, 4, 4, 175, 175, 0%
l10n/po/es_ES/content/posts/2022/2022-08-25-l10n-of-quarkusio.adoc.po, 11, 11, 174, 174, 0%
l10n/po/es_ES/content/posts/2022/2022-12-15-quarkus-newsletter-27.adoc.po, 4, 4, 174, 174, 0%
l10n/po/es_ES/content/posts/2024/2024-02-13-quarkus-newsletter-41.adoc.po, 4, 4, 174, 174, 0%
l10n/po/es_ES/content/posts/2024/2024-06-12-quarkus-newsletter-45.adoc.po, 4, 4, 174, 174, 0%
l10n/po/es_ES/content/posts/2021/2021-10-25-intellij-quarkus-tools-1.8.0.adoc.po, 16, 16, 173, 173, 0%
l10n/po/es_ES/content/versions/3.20/guides/aws-lambda-http.adoc.po, 13, 113, 173, 2072, 92%
l10n/po/es_ES/content/versions/3.27/guides/aws-lambda-http.adoc.po, 13, 113, 173, 2072, 92%
l10n/po/es_ES/content/posts/2024/2024-09-04-quarkus-3-14-2-released.adoc.po, 9, 18, 170, 238, 29%
l10n/po/es_ES/content/versions/3.2/guides/amazon-lambda.adoc.po, 13, 144, 170, 2668, 94%
l10n/po/es_ES/content/posts/2021/2021-08-20-60th-quarkus-insights.adoc.po, 9, 9, 167, 167, 0%
l10n/po/es_ES/content/posts/2025/2025-03-12-quarkus-newsletter-54.adoc.po, 4, 4, 167, 167, 0%
l10n/po/es_ES/content/posts/2020/2020-10-12-intellij-quarkus-tools-1.2.0.adoc.po, 31, 31, 166, 166, 0%
l10n/po/es_ES/content/posts/2025/2025-02-27-cve-fixes-feb-2025.adoc.po, 8, 15, 166, 231, 29%
l10n/po/es_ES/content/posts/2021/2021-04-07-quarkus-1-13-1-final-released.adoc.po, 9, 17, 165, 232, 29%
l10n/po/es_ES/content/versions/2.13/guides/redis.adoc.po, 14, 90, 165, 987, 84%
l10n/po/es_ES/content/versions/2.16/guides/redis.adoc.po, 14, 90, 165, 987, 84%
l10n/po/es_ES/content/posts/2024/2024-01-16-quarkus-3-6-6-released.adoc.po, 8, 17, 164, 232, 30%
l10n/po/es_ES/content/versions/2.13/guides/amqp.adoc.po, 13, 80, 163, 1111, 86%
l10n/po/es_ES/content/versions/2.16/guides/amqp.adoc.po, 13, 80, 163, 1111, 86%
l10n/po/es_ES/content/posts/2022/2022-02-23-quarkus-newsletter-17.adoc.po, 4, 4, 162, 162, 0%
l10n/po/es_ES/content/posts/2022/2022-11-23-intellij-quarkus-tools-1.14.0.adoc.po, 12, 12, 162, 162, 0%
l10n/po/es_ES/content/posts/2024/2024-03-15-quarkus-3-2-11-final-released.adoc.po, 16, 24, 162, 229, 30%
l10n/po/es_ES/content/posts/2023/2023-05-15-quarkus-newsletter-32.adoc.po, 4, 4, 160, 160, 0%
l10n/po/es_ES/content/posts/2022/2022-01-10-quarkus-2-6-2-final-released.adoc.po, 7, 16, 159, 227, 30%
l10n/po/es_ES/templates/partials/support-help-band.html.po, 6, 11, 159, 172, 8%
l10n/po/es_ES/content/posts/2022/2022-07-19-quarkus-2-10-3-final-released.adoc.po, 7, 15, 158, 225, 30%
l10n/po/es_ES/content/posts/2024/2024-08-20-quarkus-3-13-3-released.adoc.po, 8, 17, 158, 226, 31%
l10n/po/es_ES/content/posts/2019/2019-08-15-quarkus-0-21-1-released.adoc.po, 8, 16, 157, 223, 30%
l10n/po/es_ES/content/versions/3.2/guides/quarkus-reactive-architecture.adoc.po, 4, 65, 157, 1644, 91%
l10n/po/es_ES/content/versions/3.8/guides/quarkus-reactive-architecture.adoc.po, 4, 65, 157, 1644, 91%
l10n/po/es_ES/content/versions/2.13/guides/quarkus-reactive-architecture.adoc.po, 4, 65, 156, 1643, 91%
l10n/po/es_ES/content/versions/2.16/guides/quarkus-reactive-architecture.adoc.po, 4, 65, 156, 1643, 91%
l10n/po/es_ES/content/posts/2022/2022-03-17-quarkus-newsletter-18.adoc.po, 4, 4, 154, 154, 0%
l10n/po/es_ES/content/posts/2026/2026-07-17-quarkus-newsletter-70.adoc.po, 4, 4, 154, 154, 0%
l10n/po/es_ES/content/versions/3.2/guides/redis.adoc.po, 13, 90, 154, 984, 85%
l10n/po/es_ES/content/versions/3.27/guides/redis.adoc.po, 16, 93, 153, 983, 85%
l10n/po/es_ES/content/versions/3.33/guides/redis.adoc.po, 16, 93, 153, 983, 85%
l10n/po/es_ES/content/versions/3.34/guides/redis.adoc.po, 16, 93, 153, 983, 85%
l10n/po/es_ES/content/versions/3.2/guides/amqp.adoc.po, 12, 80, 152, 1108, 87%
l10n/po/es_ES/templates/partials/standards.html.po, 36, 39, 152, 296, 49%
l10n/po/es_ES/content/posts/2022/2022-11-16-quarkus-2-14-1-final-released.adoc.po, 10, 18, 151, 218, 31%
l10n/po/es_ES/content/posts/2026/2026-01-21-retiring-ubi8-images.adoc.po, 4, 11, 149, 214, 31%
l10n/po/es_ES/content/guides/apicurio-registry-dev-services.adoc.po, 5, 21, 148, 375, 61%
l10n/po/es_ES/content/posts/2024/2024-02-08-quarkus-3-7-2-released.adoc.po, 8, 17, 148, 216, 32%
l10n/po/es_ES/content/versions/3.33/guides/apicurio-registry-dev-services.adoc.po, 5, 21, 148, 375, 61%
l10n/po/es_ES/content/versions/3.34/guides/apicurio-registry-dev-services.adoc.po, 5, 21, 148, 375, 61%
l10n/po/es_ES/content/versions/main/guides/apicurio-registry-dev-services.adoc.po, 5, 21, 148, 375, 61%
l10n/po/es_ES/content/posts/2024/2024-05-15-quarkus-3-10-1-released.adoc.po, 7, 16, 147, 215, 32%
l10n/po/es_ES/content/posts/2023/2023-08-02-quarkus-3-2-3-final-released.adoc.po, 6, 14, 146, 213, 32%
l10n/po/es_ES/content/posts/2021/2021-04-14-quarkus-1-13-2-final-released.adoc.po, 11, 19, 145, 212, 32%
l10n/po/es_ES/content/posts/2021/2021-10-18-quarkus-newsletter-13.adoc.po, 4, 4, 143, 143, 0%
l10n/po/es_ES/content/posts/2020/2020-05-07-quarkus-newsletter-6.adoc.po, 4, 4, 141, 141, 0%
l10n/po/es_ES/content/posts/2023/2023-10-17-quarkus-2-16-12-final-released.adoc.po, 9, 17, 141, 208, 33%
l10n/po/es_ES/content/posts/2023/2023-12-13-quarkus-3-6-3-released.adoc.po, 8, 17, 141, 209, 33%
l10n/po/es_ES/content/posts/2022/2022-02-08-quarkus-2-7-1-final-released.adoc.po, 10, 19, 140, 208, 33%
l10n/po/es_ES/content/posts/2024/2024-02-14-quarkus-3-7-3-released.adoc.po, 8, 17, 139, 207, 33%
l10n/po/es_ES/content/posts/2024/2024-02-21-quarkus-3-7-4-released.adoc.po, 8, 17, 139, 207, 33%
l10n/po/es_ES/content/versions/3.2/guides/security-basic-authentication-howto.adoc.po, 10, 24, 139, 266, 48%
l10n/po/es_ES/content/posts/2023/2023-08-26-quarkus-2-16-10-final-released.adoc.po, 9, 17, 138, 205, 33%
l10n/po/es_ES/content/posts/2024/2024-06-19-quarkus-3-11-3-released.adoc.po, 7, 16, 138, 206, 34%
l10n/po/es_ES/content/posts/2021/2021-07-16-quarkus-newsletter-10.adoc.po, 4, 4, 136, 136, 0%
l10n/po/es_ES/content/posts/2022/2022-08-08-quarkus-2-11-2-final-released.adoc.po, 8, 16, 136, 203, 34%
l10n/po/es_ES/content/posts/2024/2024-01-23-quarkus-3-6-7-released.adoc.po, 7, 16, 136, 204, 34%
l10n/po/es_ES/content/posts/2023/2023-10-13-quarkus-3-4-3-released.adoc.po, 7, 16, 134, 202, 34%
l10n/po/es_ES/content/versions/3.15/guides/amqp.adoc.po, 14, 83, 133, 1161, 89%
l10n/po/es_ES/content/versions/3.20/guides/amqp.adoc.po, 14, 83, 133, 1161, 89%
l10n/po/es_ES/content/versions/3.27/guides/amqp.adoc.po, 14, 83, 133, 1161, 89%
l10n/po/es_ES/content/posts/2022/2022-11-07-quarkus-2-13-4-final-released.adoc.po, 8, 16, 132, 199, 34%
l10n/po/es_ES/content/posts/2024/2024-04-03-quarkus-3-9-2-released.adoc.po, 7, 16, 132, 200, 34%
l10n/po/es_ES/content/posts/2024/2024-04-10-quarkus-3-9-3-released.adoc.po, 7, 16, 132, 200, 34%
l10n/po/es_ES/content/posts/2024/2024-04-18-quarkus-3-9-4-released.adoc.po, 7, 16, 132, 200, 34%
l10n/po/es_ES/content/posts/2024/2024-04-29-quarkus-3-9-5-released.adoc.po, 7, 16, 132, 200, 34%
l10n/po/es_ES/templates/partials/get-started-code-steps.html.po, 9, 25, 132, 251, 48%
l10n/po/es_ES/content/posts/2020/2020-08-18-quarkus-hackathon-finalist-announcement.adoc.po, 21, 21, 131, 131, 0%
l10n/po/es_ES/content/posts/2021/2021-12-16-quarkus-newsletter-15.adoc.po, 4, 4, 131, 131, 0%
l10n/po/es_ES/content/posts/2024/2024-04-17-quarkus-3-8-4-released.adoc.po, 7, 16, 131, 199, 35%
l10n/po/es_ES/content/posts/2024/2024-06-05-quarkus-3-11-1-released.adoc.po, 6, 15, 131, 199, 35%
l10n/po/es_ES/content/posts/2024/2024-06-05-quarkus-3-8-5-released.adoc.po, 7, 16, 131, 199, 35%
l10n/po/es_ES/content/posts/2024/2024-06-17-quarkus-3-11-2-released.adoc.po, 6, 15, 131, 199, 35%
l10n/po/es_ES/content/posts/2021/2021-05-06-quarkus-2-0-0-alpha2-released.adoc.po, 12, 21, 130, 198, 35%
l10n/po/es_ES/content/posts/2024/2024-03-07-quarkus-3-8-2-released.adoc.po, 7, 16, 130, 198, 35%
l10n/po/es_ES/content/posts/2024/2024-05-22-quarkus-3-10-2-released.adoc.po, 6, 15, 130, 198, 35%
l10n/po/es_ES/content/posts/2022/2022-01-13-quarkus-newsletter-16.adoc.po, 4, 4, 128, 128, 0%
l10n/po/es_ES/content/posts/2024/2024-08-29-quarkus-3-8-6-released.adoc.po, 7, 16, 128, 196, 35%
l10n/po/es_ES/content/posts/2024/2024-11-06-quarkus-3-16-2-released.adoc.po, 6, 15, 128, 196, 35%
l10n/po/es_ES/content/posts/2023/2023-11-09-quarkus-3-5-1-released.adoc.po, 8, 17, 127, 195, 35%
l10n/po/es_ES/content/posts/2020/2020-09-28-quarkus-newsletter-8.adoc.po, 6, 6, 126, 126, 0%
l10n/po/es_ES/content/posts/2021/2021-12-20-quarkus-2-5-4-final-released.adoc.po, 10, 18, 126, 193, 35%
l10n/po/es_ES/content/posts/2023/2023-07-24-profile-and-monitor-native-executables-with-jfr.adoc.po, 5, 5, 126, 126, 0%
l10n/po/es_ES/content/posts/2026/2026-09-07-quarkus-3-39-2-released.adoc.po, 13, 22, 126, 194, 36%
l10n/po/es_ES/content/guides/redis.adoc.po, 13, 90, 124, 954, 88%
l10n/po/es_ES/content/posts/2021/2021-12-24-quarkus-2-6-1-final-released.adoc.po, 6, 14, 124, 191, 36%
l10n/po/es_ES/content/posts/2022/2022-09-20-intellij-quarkus-tools-1.13.0.adoc.po, 12, 12, 124, 124, 0%
l10n/po/es_ES/content/versions/main/guides/redis.adoc.po, 13, 90, 124, 954, 88%
l10n/po/es_ES/content/posts/2020/2020-09-18-quarkus-1-8-1-final-released.adoc.po, 10, 17, 123, 188, 35%
l10n/po/es_ES/content/versions/2.13/guides/upx.adoc.po, 4, 26, 123, 293, 59%
l10n/po/es_ES/content/versions/2.16/guides/upx.adoc.po, 4, 26, 123, 293, 59%
l10n/po/es_ES/content/versions/3.15/guides/upx.adoc.po, 4, 26, 123, 293, 59%
l10n/po/es_ES/content/versions/3.2/guides/upx.adoc.po, 4, 26, 123, 293, 59%
l10n/po/es_ES/content/versions/3.20/guides/upx.adoc.po, 4, 26, 123, 293, 59%
l10n/po/es_ES/content/versions/3.8/guides/upx.adoc.po, 4, 26, 123, 293, 59%
l10n/po/es_ES/_data/katakodalist.yaml.po, 16, 17, 122, 135, 10%
l10n/po/es_ES/content/posts/2025/2025-04-09-quarkus-3-21-2-released.adoc.po, 9, 18, 122, 190, 36%
l10n/po/es_ES/content/posts/2025/2025-11-08-quarkus-3-29-2-released.adoc.po, 6, 15, 121, 189, 36%
l10n/po/es_ES/content/posts/2026/2026-09-10-quarkus-3-39-3-released.adoc.po, 8, 17, 121, 189, 36%
l10n/po/es_ES/content/versions/3.15/guides/appcds.adoc.po, 4, 27, 120, 703, 83%
l10n/po/es_ES/content/posts/2020/2020-07-21-quarkus-1-6-1-final-released.adoc.po, 7, 14, 119, 184, 36%
l10n/po/es_ES/content/posts/2021/2021-11-11-quarkus-newsletter-14.adoc.po, 4, 4, 118, 118, 0%
l10n/po/es_ES/content/posts/2021/2021-12-03-intellij-quarkus-tools-1.9.0.adoc.po, 10, 10, 118, 118, 0%
l10n/po/es_ES/content/posts/2024/2024-09-14-quarkus-3-14-4-released.adoc.po, 7, 16, 118, 186, 37%
l10n/po/es_ES/content/versions/3.15/guides/aws-lambda-http.adoc.po, 12, 112, 118, 2017, 95%
l10n/po/es_ES/content/posts/2023/2023-12-06-quarkus-3-6-1-released.adoc.po, 7, 16, 117, 185, 37%
l10n/po/es_ES/content/posts/2023/2023-12-20-quarkus-3-6-4-released.adoc.po, 7, 16, 117, 185, 37%
l10n/po/es_ES/content/posts/2024/2024-01-10-quarkus-3-6-5-released.adoc.po, 7, 16, 117, 185, 37%
l10n/po/es_ES/content/posts/2025/2025-09-10-quarkus-3-26-3-released.adoc.po, 6, 15, 117, 185, 37%
l10n/po/es_ES/content/posts/2019/2019-09-05-quarkus-0-21-2-released.adoc.po, 7, 15, 116, 182, 37%
l10n/po/es_ES/content/posts/2021/2021-09-14-quarkus-newsletter-12.adoc.po, 4, 4, 116, 116, 0%
l10n/po/es_ES/content/posts/2023/2023-11-16-quarkus-3-5-2-released.adoc.po, 7, 16, 116, 184, 37%
l10n/po/es_ES/content/posts/2023/2023-11-21-quarkus-3-5-3-released.adoc.po, 7, 16, 116, 184, 37%
l10n/po/es_ES/content/posts/2025/2025-03-12-quarkus-3-19-3-released.adoc.po, 8, 17, 116, 184, 37%
l10n/po/es_ES/content/posts/2020/2020-05-15-insights-2.adoc.po, 6, 6, 115, 115, 0%
l10n/po/es_ES/content/posts/2020/2020-05-20-insights-4-5.adoc.po, 7, 7, 115, 115, 0%
l10n/po/es_ES/content/posts/2021/2021-05-20-quarkus-2-0-0-alpha3-released.adoc.po, 16, 24, 113, 179, 37%
l10n/po/es_ES/content/posts/2022/2022-02-23-quarkus-2-7-2-final-released.adoc.po, 8, 16, 113, 180, 38%
l10n/po/es_ES/content/posts/2025/2025-03-19-quarkus-3-19-4-released.adoc.po, 8, 17, 113, 181, 38%
l10n/po/es_ES/content/posts/2021/2021-08-20-quarkus-newsletter-11.adoc.po, 4, 4, 112, 112, 0%
l10n/po/es_ES/content/posts/2025/2025-08-13-quarkus-3-25-3-released.adoc.po, 6, 15, 112, 180, 38%
l10n/po/es_ES/content/posts/2026/2026-08-05-quarkus-3-38-1-released.adoc.po, 8, 17, 112, 180, 38%
l10n/po/es_ES/content/security.adoc.po, 5, 15, 112, 361, 69%
l10n/po/es_ES/content/posts/2024/2024-12-04-quarkus-3-17-3-released.adoc.po, 8, 17, 111, 179, 38%
l10n/po/es_ES/content/posts/2026/2026-01-21-quarkus-3-30-7-released.adoc.po, 6, 15, 111, 179, 38%
l10n/po/es_ES/content/posts/2026/2026-08-05-quarkus-3-27-5-1-released.adoc.po, 8, 17, 111, 179, 38%
l10n/po/es_ES/content/versions/3.20/guides/quarkus-runtime-base-image.adoc.po, 4, 14, 111, 186, 41%
l10n/po/es_ES/templates/partials/homepage-commonhaus-band.html.po, 5, 5, 111, 111, 0%
l10n/po/es_ES/content/posts/2022/2022-12-21-quarkus-2-15-1-final-released.adoc.po, 5, 13, 110, 177, 38%
l10n/po/es_ES/content/posts/2023/2023-07-31-quarkus-2-16-9-final-released.adoc.po, 5, 13, 110, 177, 38%
l10n/po/es_ES/content/guides/funqy-azure-functions-http.adoc.po, 6, 6, 109, 109, 0%
l10n/po/es_ES/content/posts/2023/2023-07-05-quarkus-2-16-8-final-released.adoc.po, 5, 13, 109, 176, 39%
l10n/po/es_ES/content/versions/main/guides/funqy-azure-functions-http.adoc.po, 6, 6, 109, 109, 0%
l10n/po/es_ES/content/posts/2021/2021-06-04-quarkus-2-0-0-cr3-released.adoc.po, 11, 19, 108, 174, 38%
l10n/po/es_ES/content/versions/2.13/guides/quarkus-runtime-base-image.adoc.po, 3, 14, 108, 187, 43%
l10n/po/es_ES/content/versions/2.16/guides/quarkus-runtime-base-image.adoc.po, 3, 14, 107, 186, 43%
l10n/po/es_ES/content/versions/3.15/guides/quarkus-runtime-base-image.adoc.po, 3, 14, 107, 186, 43%
l10n/po/es_ES/content/versions/3.2/guides/quarkus-runtime-base-image.adoc.po, 3, 14, 107, 186, 43%
l10n/po/es_ES/content/versions/3.8/guides/quarkus-runtime-base-image.adoc.po, 3, 14, 107, 186, 43%
l10n/po/es_ES/content/posts/2025/2025-02-12-quarkus-3-18-3-released.adoc.po, 6, 15, 106, 174, 40%
l10n/po/es_ES/content/posts/2025/2025-03-18-quarkus-3-15-4-released.adoc.po, 6, 15, 106, 174, 40%
l10n/po/es_ES/content/posts/2025/2025-10-09-quarkus-3-28-3-released.adoc.po, 5, 14, 105, 173, 40%
l10n/po/es_ES/content/guides/ansible.adoc.po, 7, 34, 104, 860, 88%
l10n/po/es_ES/content/posts/2021/2021-03-11-ja-quarkus-io.adoc.po, 3, 3, 104, 104, 0%
l10n/po/es_ES/content/posts/2023/2023-09-06-quarkus-3-3-2-released.adoc.po, 5, 16, 104, 192, 46%
l10n/po/es_ES/content/posts/2026/2026-03-05-quarkus-3-32-2-released.adoc.po, 6, 15, 104, 172, 40%
l10n/po/es_ES/content/posts/2026/2026-03-11-quarkus-3-32-3-released.adoc.po, 6, 15, 104, 172, 40%
l10n/po/es_ES/content/versions/3.33/guides/ansible.adoc.po, 7, 34, 104, 860, 88%
l10n/po/es_ES/content/versions/3.34/guides/ansible.adoc.po, 7, 34, 104, 860, 88%
l10n/po/es_ES/content/versions/main/guides/ansible.adoc.po, 7, 34, 104, 860, 88%
l10n/po/es_ES/content/posts/2024/2024-12-11-quarkus-3-17-4-released.adoc.po, 10, 19, 103, 171, 40%
l10n/po/es_ES/content/posts/2026/2026-08-05-quarkus-3-33-3-1-released.adoc.po, 8, 17, 103, 171, 40%
l10n/po/es_ES/content/versions/2.13/guides/funqy-azure-functions-http.adoc.po, 5, 6, 103, 109, 6%
l10n/po/es_ES/content/versions/2.16/guides/funqy-azure-functions-http.adoc.po, 5, 6, 103, 109, 6%
l10n/po/es_ES/content/versions/3.15/guides/funqy-azure-functions-http.adoc.po, 5, 6, 103, 109, 6%
l10n/po/es_ES/content/versions/3.2/guides/funqy-azure-functions-http.adoc.po, 5, 6, 103, 109, 6%
l10n/po/es_ES/content/versions/3.20/guides/funqy-azure-functions-http.adoc.po, 5, 6, 103, 109, 6%
l10n/po/es_ES/content/versions/3.27/guides/funqy-azure-functions-http.adoc.po, 5, 6, 103, 109, 6%
l10n/po/es_ES/content/versions/3.33/guides/funqy-azure-functions-http.adoc.po, 5, 6, 103, 109, 6%
l10n/po/es_ES/content/versions/3.34/guides/funqy-azure-functions-http.adoc.po, 5, 6, 103, 109, 6%
l10n/po/es_ES/content/versions/3.8/guides/funqy-azure-functions-http.adoc.po, 5, 6, 103, 109, 6%
l10n/po/es_ES/content/posts/2023/2023-02-01-quarkus-2-16-1-final-released.adoc.po, 6, 14, 102, 169, 40%
l10n/po/es_ES/content/posts/2025/2025-02-05-quarkus-3-18-2-released.adoc.po, 6, 15, 102, 170, 40%
l10n/po/es_ES/content/posts/2025/2025-03-05-quarkus-3-19-2-released.adoc.po, 6, 15, 102, 170, 40%
l10n/po/es_ES/content/posts/2021/2021-05-26-quarkus-1-13-5-final-released.adoc.po, 9, 17, 100, 167, 41%
l10n/po/es_ES/content/posts/2023/2023-08-11-quarkus-3-2-4-final-released.adoc.po, 6, 14, 100, 167, 41%
l10n/po/es_ES/content/posts/2023/2023-08-28-quarkus-3-2-5-final-released.adoc.po, 6, 14, 100, 167, 41%
l10n/po/es_ES/content/posts/2023/2023-10-05-quarkus-3-4-2-released.adoc.po, 5, 15, 100, 178, 44%
l10n/po/es_ES/content/posts/2026/2026-04-17-quarkus-3-34-5-released.adoc.po, 5, 14, 100, 168, 41%
l10n/po/es_ES/content/posts/2020/2020-08-29-quarkus-hackathon-winners-announced.adoc.po, 16, 16, 99, 99, 0%
l10n/po/es_ES/content/posts/2019/2019-11-28-quarkus-1-0-1-final-released.adoc.po, 8, 16, 98, 165, 41%
l10n/po/es_ES/content/posts/2026/2026-08-13-quarkus-3-38-2-released.adoc.po, 6, 15, 98, 166, 41%
l10n/po/es_ES/content/posts/2026/2026-08-19-quarkus-3-38-3-released.adoc.po, 6, 15, 98, 166, 41%
l10n/po/es_ES/content/posts/2026/2026-09-17-quarkus-3-39-4-released.adoc.po, 6, 15, 98, 166, 41%
l10n/po/es_ES/content/posts/2026/2026-01-07-quarkus-3-30-6-released.adoc.po, 6, 15, 97, 165, 42%
l10n/po/es_ES/content/posts/2021/2021-01-27-quarkus-1-11-1-final-released.adoc.po, 9, 17, 96, 163, 42%
l10n/po/es_ES/content/posts/2025/2025-09-03-quarkus-3-26-2-released.adoc.po, 6, 15, 96, 164, 42%
l10n/po/es_ES/content/posts/2025/2025-09-17-quarkus-3-26-4-released.adoc.po, 6, 15, 96, 164, 42%
l10n/po/es_ES/content/posts/2024/2024-11-29-quarkus-3-17-2-released.adoc.po, 5, 14, 95, 163, 42%
l10n/po/es_ES/content/posts/2025/2025-11-14-quarkus-3-29-3-released.adoc.po, 6, 15, 95, 163, 42%
l10n/po/es_ES/content/posts/2019/2019-11-18-quarkus-newsletter-2.adoc.po, 4, 4, 94, 94, 0%
l10n/po/es_ES/content/posts/2021/2021-03-11-quarkus-1-12-2-final-released.adoc.po, 9, 17, 94, 161, 42%
l10n/po/es_ES/content/posts/2019/2019-10-15-quarkus-on-jboss-asylum-podcast.adoc.po, 5, 5, 93, 93, 0%
l10n/po/es_ES/content/posts/2020/2020-01-14-quarkus-newsletter-4.adoc.po, 4, 4, 93, 93, 0%
l10n/po/es_ES/content/posts/2023/2023-11-20-quarkus-3-2-9-final-released.adoc.po, 10, 18, 93, 160, 42%
l10n/po/es_ES/content/posts/2026/2026-01-23-quarkus-3-30-8-released.adoc.po, 6, 15, 93, 161, 43%
l10n/po/es_ES/content/guides/grpc-kubernetes.adoc.po, 4, 13, 92, 259, 65%
l10n/po/es_ES/content/posts/2022/2022-07-19-quarkus-insights-qanda4.adoc.po, 5, 5, 92, 92, 0%
l10n/po/es_ES/content/posts/2023/2023-10-19-quarkus-3-2-7-final-released.adoc.po, 10, 18, 92, 159, 43%
l10n/po/es_ES/content/posts/2024/2024-07-03-quarkus-3-12-1-released.adoc.po, 6, 15, 92, 160, 43%
l10n/po/es_ES/content/posts/2024/2024-07-10-quarkus-3-12-2-released.adoc.po, 6, 15, 92, 160, 43%
l10n/po/es_ES/content/posts/2024/2024-07-17-quarkus-3-12-3-released.adoc.po, 6, 15, 92, 160, 43%
l10n/po/es_ES/content/posts/2024/2024-08-07-quarkus-3-13-1-released.adoc.po, 6, 15, 92, 160, 43%
l10n/po/es_ES/content/posts/2024/2024-08-12-quarkus-3-13-2-released.adoc.po, 6, 15, 92, 160, 43%
l10n/po/es_ES/content/versions/main/guides/grpc-kubernetes.adoc.po, 4, 13, 92, 259, 65%
l10n/po/es_ES/content/posts/2025/2025-12-24-quarkus-3-30-5-released.adoc.po, 6, 15, 91, 159, 43%
l10n/po/es_ES/content/posts/2021/2021-02-17-intellij-quarkus-tools-1.4.0.adoc.po, 9, 9, 90, 90, 0%
l10n/po/es_ES/content/posts/2025/2025-02-19-quarkus-3-18-4-released.adoc.po, 6, 15, 90, 158, 44%
l10n/po/es_ES/templates/partials/discussion.html.po, 5, 10, 90, 189, 53%
l10n/po/es_ES/content/posts/2023/2023-06-07-quarkus-3-1-1-final-released.adoc.po, 6, 14, 89, 156, 43%
l10n/po/es_ES/content/posts/2023/2023-06-16-quarkus-3-1-2-final-released.adoc.po, 6, 14, 89, 156, 43%
l10n/po/es_ES/content/posts/2023/2023-06-29-quarkus-3-1-3-final-released.adoc.po, 6, 14, 89, 156, 43%
l10n/po/es_ES/content/posts/2025/2025-07-23-quarkus-3-24-5-released.adoc.po, 6, 15, 89, 157, 44%
l10n/po/es_ES/content/posts/2020/2020-06-18-quarkus-1-5-2-final-released.adoc.po, 7, 14, 88, 153, 43%
l10n/po/es_ES/content/posts/2025/2025-11-19-quarkus-3-27-1-released.adoc.po, 6, 15, 88, 156, 44%
l10n/po/es_ES/content/guides/security-identity-providers.adoc.po, 3, 13, 87, 187, 54%
l10n/po/es_ES/content/posts/2025/2025-08-20-quarkus-3-25-4-released.adoc.po, 6, 15, 87, 155, 44%
l10n/po/es_ES/content/posts/2025/2025-10-22-quarkus-3-28-5-released.adoc.po, 6, 15, 87, 155, 44%
l10n/po/es_ES/content/versions/3.20/guides/security-identity-providers.adoc.po, 3, 13, 87, 187, 54%
l10n/po/es_ES/content/versions/3.27/guides/security-identity-providers.adoc.po, 3, 13, 87, 187, 54%
l10n/po/es_ES/content/versions/3.33/guides/security-identity-providers.adoc.po, 3, 13, 87, 187, 54%
l10n/po/es_ES/content/versions/3.34/guides/security-identity-providers.adoc.po, 3, 13, 87, 187, 54%
l10n/po/es_ES/content/versions/main/guides/security-identity-providers.adoc.po, 3, 13, 87, 187, 54%
l10n/po/es_ES/content/posts/2020/2020-09-17-intellij-quarkus-tools-1.1.0.adoc.po, 13, 13, 86, 86, 0%
l10n/po/es_ES/content/posts/2024/2024-11-13-quarkus-3-16-3-released.adoc.po, 6, 15, 86, 154, 45%
l10n/po/es_ES/content/posts/2024/2024-11-20-quarkus-3-16-4-released.adoc.po, 6, 15, 86, 154, 45%
l10n/po/es_ES/content/posts/2025/2025-01-22-quarkus-3-17-8-released.adoc.po, 6, 15, 86, 154, 45%
l10n/po/es_ES/content/posts/2026/2026-01-21-quarkus-3-27-2-released.adoc.po, 10, 19, 86, 154, 45%
l10n/po/es_ES/content/versions/3.15/guides/grpc-kubernetes.adoc.po, 3, 13, 86, 259, 67%
l10n/po/es_ES/content/versions/3.20/guides/grpc-kubernetes.adoc.po, 3, 13, 86, 259, 67%
l10n/po/es_ES/content/versions/3.27/guides/grpc-kubernetes.adoc.po, 3, 13, 86, 259, 67%
l10n/po/es_ES/content/versions/3.33/guides/grpc-kubernetes.adoc.po, 3, 13, 86, 259, 67%
l10n/po/es_ES/content/versions/3.34/guides/grpc-kubernetes.adoc.po, 3, 13, 86, 259, 67%
l10n/po/es_ES/content/posts/2024/2024-12-20-quarkus-3-17-5-released.adoc.po, 5, 14, 85, 153, 45%
l10n/po/es_ES/content/posts/2025/2025-01-08-quarkus-3-17-6-released.adoc.po, 5, 14, 85, 153, 45%
l10n/po/es_ES/content/posts/2025/2025-06-05-quarkus-3-23-2-released.adoc.po, 5, 14, 85, 153, 45%
l10n/po/es_ES/content/posts/2026/2026-01-21-quarkus-3-20-5-released.adoc.po, 9, 18, 85, 153, 45%
l10n/po/es_ES/content/versions/3.15/guides/security-identity-providers.adoc.po, 3, 13, 85, 185, 55%
l10n/po/es_ES/content/versions/3.8/guides/security-identity-providers.adoc.po, 3, 13, 85, 185, 55%
l10n/po/es_ES/content/foundation.md.po, 9, 9, 84, 84, 0%
l10n/po/es_ES/content/posts/2019/2019-12-16-quarkus-newsletter-3.adoc.po, 4, 4, 84, 84, 0%
l10n/po/es_ES/content/posts/2025/2025-09-24-quarkus-3-15-7-released.adoc.po, 8, 17, 84, 152, 45%
l10n/po/es_ES/content/posts/2025/2025-09-24-quarkus-3-20-3-released.adoc.po, 8, 17, 84, 152, 45%
l10n/po/es_ES/content/posts/2026/2026-03-25-quarkus-3-20-6-released.adoc.po, 8, 17, 84, 152, 45%
l10n/po/es_ES/content/posts/2026/2026-03-25-quarkus-3-27-3-released.adoc.po, 8, 17, 84, 152, 45%
l10n/po/es_ES/content/versions/3.2/guides/security-identity-providers.adoc.po, 3, 13, 84, 184, 55%
l10n/po/es_ES/content/posts/2023/2023-08-29-quarkus-3-3-1-released.adoc.po, 2, 16, 83, 212, 61%
l10n/po/es_ES/content/posts/2025/2025-05-07-quarkus-3-22-2-released.adoc.po, 5, 14, 83, 151, 46%
l10n/po/es_ES/content/posts/2025/2025-05-15-quarkus-3-22-3-released.adoc.po, 5, 14, 83, 151, 46%
l10n/po/es_ES/content/posts/2025/2025-06-11-quarkus-3-23-3-released.adoc.po, 5, 14, 83, 151, 46%
l10n/po/es_ES/content/posts/2025/2025-06-19-quarkus-3-23-4-released.adoc.po, 5, 14, 83, 151, 46%
l10n/po/es_ES/content/posts/2025/2025-07-02-quarkus-3-24-2-released.adoc.po, 5, 14, 83, 151, 46%
l10n/po/es_ES/content/posts/2025/2025-07-09-quarkus-3-24-3-released.adoc.po, 5, 14, 83, 151, 46%
l10n/po/es_ES/content/posts/2025/2025-07-17-quarkus-3-24-4-released.adoc.po, 5, 14, 83, 151, 46%
l10n/po/es_ES/content/posts/2025/2025-11-19-quarkus-3-20-4-released.adoc.po, 7, 16, 83, 151, 46%
l10n/po/es_ES/content/posts/2026/2026-02-04-quarkus-3-31-2-released.adoc.po, 5, 14, 83, 151, 46%
l10n/po/es_ES/content/posts/2026/2026-02-11-quarkus-3-31-3-released.adoc.po, 5, 14, 83, 151, 46%
l10n/po/es_ES/content/posts/2026/2026-02-18-quarkus-3-31-4-released.adoc.po, 5, 14, 83, 151, 46%
l10n/po/es_ES/content/posts/2026/2026-04-02-quarkus-3-34-2-released.adoc.po, 5, 14, 83, 151, 46%
l10n/po/es_ES/content/posts/2026/2026-04-08-quarkus-3-34-3-released.adoc.po, 5, 14, 83, 151, 46%
l10n/po/es_ES/content/guides/capabilities.adoc.po, 3, 38, 82, 589, 87%
l10n/po/es_ES/content/posts/2021/2021-01-15-intellij-quarkus-tools-1.3.0.adoc.po, 9, 9, 82, 82, 0%
l10n/po/es_ES/content/versions/main/guides/capabilities.adoc.po, 3, 38, 82, 589, 87%
l10n/po/es_ES/content/posts/2020/2020-06-25-quarkus-newsletter-7.adoc.po, 3, 3, 81, 81, 0%
l10n/po/es_ES/content/posts/2021/2021-05-27-quarkus-insights-qanda2.adoc.po, 3, 3, 81, 81, 0%
l10n/po/es_ES/content/posts/2021/2021-06-09-quarkus-1-13-7-final-released.adoc.po, 7, 15, 81, 148, 46%
l10n/po/es_ES/content/posts/2024/2024-11-18-quarkus-3-15-2-released.adoc.po, 6, 15, 81, 149, 46%
l10n/po/es_ES/content/posts/2025/2025-01-21-quarkus-3-15-3-released.adoc.po, 6, 15, 81, 149, 46%
l10n/po/es_ES/content/posts/2025/2025-01-15-quarkus-3-17-7-released.adoc.po, 5, 14, 80, 148, 46%
l10n/po/es_ES/content/posts/2025/2025-04-02-quarkus-3-21-1-released.adoc.po, 5, 14, 80, 148, 46%
l10n/po/es_ES/content/posts/2025/2025-04-16-quarkus-3-21-3-released.adoc.po, 5, 14, 80, 148, 46%
l10n/po/es_ES/content/posts/2025/2025-04-24-quarkus-3-21-4-released.adoc.po, 5, 14, 80, 148, 46%
l10n/po/es_ES/content/posts/2025/2025-08-06-quarkus-3-25-1-released.adoc.po, 5, 14, 80, 148, 46%
l10n/po/es_ES/content/posts/2025/2025-08-08-quarkus-3-25-2-released.adoc.po, 5, 14, 80, 148, 46%
l10n/po/es_ES/content/posts/2025/2025-10-01-quarkus-3-28-2-released.adoc.po, 5, 14, 80, 148, 46%
l10n/po/es_ES/content/posts/2025/2025-10-16-quarkus-3-28-4-released.adoc.po, 5, 14, 80, 148, 46%
l10n/po/es_ES/content/posts/2025/2025-11-20-quarkus-3-29-4-released.adoc.po, 5, 14, 80, 148, 46%
l10n/po/es_ES/content/posts/2025/2025-12-03-quarkus-3-30-2-released.adoc.po, 5, 14, 80, 148, 46%
l10n/po/es_ES/content/posts/2025/2025-12-10-quarkus-3-30-3-released.adoc.po, 5, 14, 80, 148, 46%
l10n/po/es_ES/content/posts/2025/2025-12-17-quarkus-3-30-4-released.adoc.po, 5, 14, 80, 148, 46%
l10n/po/es_ES/content/posts/2026/2026-04-23-quarkus-3-34-6-released.adoc.po, 5, 14, 80, 148, 46%
l10n/po/es_ES/content/posts/2026/2026-05-13-quarkus-3-35-3-released.adoc.po, 5, 14, 80, 148, 46%
l10n/po/es_ES/content/posts/2026/2026-05-20-quarkus-3-35-4-released.adoc.po, 5, 14, 80, 148, 46%
l10n/po/es_ES/content/posts/2026/2026-05-26-quarkus-3-27-4-released.adoc.po, 6, 15, 80, 148, 46%
l10n/po/es_ES/content/posts/2026/2026-05-26-quarkus-3-33-2-released.adoc.po, 6, 15, 80, 148, 46%
l10n/po/es_ES/content/posts/2026/2026-06-03-quarkus-3-36-1-released.adoc.po, 5, 14, 80, 148, 46%
l10n/po/es_ES/content/posts/2026/2026-06-11-quarkus-3-36-2-released.adoc.po, 5, 14, 80, 148, 46%
l10n/po/es_ES/content/posts/2026/2026-06-18-quarkus-3-36-3-released.adoc.po, 5, 14, 80, 148, 46%
l10n/po/es_ES/content/posts/2026/2026-07-02-quarkus-3-37-1-released.adoc.po, 5, 14, 80, 148, 46%
l10n/po/es_ES/content/posts/2026/2026-07-08-quarkus-3-37-2-released.adoc.po, 5, 14, 80, 148, 46%
l10n/po/es_ES/content/posts/2026/2026-07-16-quarkus-3-37-3-released.adoc.po, 5, 14, 80, 148, 46%
l10n/po/es_ES/content/posts/2026/2026-07-23-quarkus-3-37-4-released.adoc.po, 5, 14, 80, 148, 46%
l10n/po/es_ES/content/versions/3.33/guides/capabilities.adoc.po, 2, 38, 80, 589, 87%
l10n/po/es_ES/content/versions/3.34/guides/capabilities.adoc.po, 2, 38, 80, 589, 87%
l10n/po/es_ES/content/posts/2025/2025-05-20-quarkus-3-15-5-released.adoc.po, 6, 15, 78, 146, 47%
l10n/po/es_ES/content/posts/2025/2025-05-20-quarkus-3-20-1-released.adoc.po, 6, 15, 78, 146, 47%
l10n/po/es_ES/content/posts/2025/2025-07-23-quarkus-3-15-6-released.adoc.po, 6, 15, 78, 146, 47%
l10n/po/es_ES/content/posts/2025/2025-07-23-quarkus-3-20-2-released.adoc.po, 6, 15, 78, 146, 47%
l10n/po/es_ES/content/guides/ide-tooling.adoc.po, 9, 49, 76, 217, 65%
l10n/po/es_ES/content/posts/2020/2020-02-26-quarkus-newsletter-5.adoc.po, 3, 3, 76, 76, 0%
l10n/po/es_ES/content/posts/2023/2023-05-04-quarkus-3-0-2-final-released.adoc.po, 5, 13, 76, 143, 47%
l10n/po/es_ES/content/posts/2023/2023-05-10-quarkus-3-0-3-final-released.adoc.po, 5, 13, 76, 143, 47%
l10n/po/es_ES/content/posts/2023/2023-05-25-quarkus-3-0-4-final-released.adoc.po, 5, 13, 76, 143, 47%
l10n/po/es_ES/content/versions/main/guides/ide-tooling.adoc.po, 9, 49, 76, 217, 65%
l10n/po/es_ES/content/posts/2020/2020-10-09-quarkus-1-8-3-final-released.adoc.po, 6, 13, 75, 140, 47%
l10n/po/es_ES/content/posts/2023/2023-03-06-quarkus-2-16-4-final-released.adoc.po, 5, 13, 75, 142, 48%
l10n/po/es_ES/content/posts/2020/2020-12-16-quarkus-1-10-5-final-released.adoc.po, 7, 14, 74, 139, 47%
l10n/po/es_ES/content/posts/2021/2021-05-27-quarkus-1-13-6-final-released.adoc.po, 6, 14, 74, 141, 48%
l10n/po/es_ES/content/posts/2023/2023-02-17-quarkus-2-16-3-final-released.adoc.po, 5, 13, 73, 140, 48%
l10n/po/es_ES/content/posts/2020/2020-02-19-quarkus-1-2-1-final-released.adoc.po, 6, 13, 72, 137, 48%
l10n/po/es_ES/content/posts/2022/2022-01-13-quarkus-insights-qanda3.adoc.po, 4, 4, 72, 72, 0%
l10n/po/es_ES/content/posts/2019/2019-05-08-welcome.adoc.po, 4, 4, 70, 70, 0%
l10n/po/es_ES/content/posts/2021/2021-01-26-quarkus-newsletter-9.adoc.po, 3, 3, 70, 70, 0%
l10n/po/es_ES/content/posts/2021/2021-02-09-quarkus-1-11-2-final-released.adoc.po, 8, 16, 70, 137, 49%
l10n/po/es_ES/content/posts/2022/2022-09-07-quarkus-2-12-1-final-released.adoc.po, 6, 14, 70, 137, 49%
l10n/po/es_ES/content/versions/2.13/guides/ide-tooling.adoc.po, 8, 49, 70, 217, 68%
l10n/po/es_ES/content/versions/2.16/guides/ide-tooling.adoc.po, 8, 49, 70, 217, 68%
l10n/po/es_ES/content/versions/3.15/guides/ide-tooling.adoc.po, 8, 49, 70, 217, 68%
l10n/po/es_ES/content/versions/3.2/guides/ide-tooling.adoc.po, 8, 49, 70, 217, 68%
l10n/po/es_ES/content/versions/3.20/guides/ide-tooling.adoc.po, 8, 49, 70, 217, 68%
l10n/po/es_ES/content/versions/3.27/guides/ide-tooling.adoc.po, 8, 49, 70, 217, 68%
l10n/po/es_ES/content/versions/3.33/guides/ide-tooling.adoc.po, 8, 49, 70, 217, 68%
l10n/po/es_ES/content/versions/3.34/guides/ide-tooling.adoc.po, 8, 49, 70, 217, 68%
l10n/po/es_ES/content/versions/3.8/guides/ide-tooling.adoc.po, 8, 49, 70, 217, 68%
l10n/po/es_ES/content/posts/2019/2019-10-01-quarkus-newsletter-1.adoc.po, 4, 4, 69, 69, 0%
l10n/po/es_ES/content/posts/2020/2020-12-08-quarkus-1-10-3-final-released.adoc.po, 7, 14, 69, 134, 49%
l10n/po/es_ES/content/posts/2022/2022-10-19-quarkus-2-13-3-final-released.adoc.po, 4, 12, 69, 136, 50%
l10n/po/es_ES/content/posts/2020/2020-04-08-quarkus-1-3-2-final-released.adoc.po, 7, 14, 68, 133, 49%
l10n/po/es_ES/content/posts/2020/2020-10-28-quarkus-1-9-1-final-released.adoc.po, 6, 13, 67, 132, 50%
l10n/po/es_ES/content/posts/2023/2023-11-08-quarkus-3-2-8-final-released.adoc.po, 6, 14, 67, 134, 50%
l10n/po/es_ES/templates/partials/homepage-features-icon-band.html.po, 5, 13, 67, 223, 70%
l10n/po/es_ES/_data/index-docs.yaml.po, 13, 14, 66, 67, 2%
l10n/po/es_ES/content/posts/2020/2020-11-05-quarkus-1-9-2-final-released.adoc.po, 6, 13, 66, 131, 50%
l10n/po/es_ES/content/posts/2021/2021-02-02-quarkus-insights-qanda.adoc.po, 4, 4, 66, 66, 0%
l10n/po/es_ES/content/posts/2020/2020-09-09-quarkus-1-7-3-final-released.adoc.po, 6, 13, 65, 130, 50%
l10n/po/es_ES/content/posts/2023/2023-01-04-quarkus-2-15-2-final-released.adoc.po, 4, 12, 65, 132, 51%
l10n/po/es_ES/templates/partials/about.html.po, 7, 16, 65, 271, 77%
l10n/po/es_ES/templates/partials/developer-joy.html.po, 7, 23, 65, 293, 78%
l10n/po/es_ES/content/posts/2025/2025-08-18-cve-fixes-aug-2025.adoc.po, 2, 9, 64, 129, 51%
l10n/po/es_ES/content/versions/2.13/guides/security-enabling-basic-auth-howto.adoc.po, 7, 10, 64, 86, 26%
l10n/po/es_ES/content/versions/2.16/guides/appcds.adoc.po, 3, 25, 64, 598, 90%
l10n/po/es_ES/content/versions/3.2/guides/appcds.adoc.po, 3, 25, 64, 598, 90%
l10n/po/es_ES/content/versions/3.8/guides/appcds.adoc.po, 3, 26, 64, 632, 90%
l10n/po/es_ES/content/posts/2020/2020-08-27-quarkus-1-7-1-final-released.adoc.po, 6, 13, 62, 127, 52%
l10n/po/es_ES/content/versions/2.13/guides/README.adoc.po, 6, 20, 62, 187, 67%
l10n/po/es_ES/content/posts/2022/2022-03-02-quarkus-2-7-3-final-released.adoc.po, 5, 13, 60, 127, 53%
l10n/po/es_ES/content/posts/2022/2022-07-06-quarkus-2-10-2-final-released.adoc.po, 4, 12, 60, 127, 53%
l10n/po/es_ES/content/versions/3.15/guides/aws-lambda.adoc.po, 9, 144, 60, 2665, 98%
l10n/po/es_ES/content/versions/3.20/guides/aws-lambda.adoc.po, 9, 144, 60, 2665, 98%
l10n/po/es_ES/content/versions/3.27/guides/aws-lambda.adoc.po, 9, 144, 60, 2665, 98%
l10n/po/es_ES/content/versions/3.33/guides/aws-lambda.adoc.po, 9, 144, 60, 2665, 98%
l10n/po/es_ES/content/versions/3.34/guides/aws-lambda.adoc.po, 9, 144, 60, 2665, 98%
l10n/po/es_ES/content/versions/3.8/guides/aws-lambda.adoc.po, 9, 144, 60, 2665, 98%
l10n/po/es_ES/templates/partials/homepage-container_first-band.html.po, 2, 4, 60, 69, 14%
l10n/po/es_ES/templates/partials/insights-band.html.po, 10, 10, 60, 60, 0%
l10n/po/es_ES/content/posts/2022/2022-05-06-quarkus-2-8-3-final-released.adoc.po, 4, 12, 59, 126, 54%
l10n/po/es_ES/content/posts/2022/2022-05-25-quarkus-2-9-2-final-released.adoc.po, 4, 12, 59, 126, 54%
l10n/po/es_ES/templates/partials/catalog-detail-band.html.po, 2, 88, 59, 612, 91%
l10n/po/es_ES/content/posts/2021/2021-02-11-quarkus-1-11-3-final-released.adoc.po, 4, 11, 58, 123, 53%
l10n/po/es_ES/content/versions/2.13/guides/security-enabling-basic-auth-tutorial.adoc.po, 6, 10, 58, 81, 29%
l10n/po/es_ES/content/posts/2022/2022-08-24-quarkus-2-11-3-final-released.adoc.po, 6, 14, 57, 124, 55%
l10n/po/es_ES/content/posts/2021/2021-03-03-quarkus-1-12-1-final-released.adoc.po, 6, 14, 56, 123, 55%
l10n/po/es_ES/content/posts/2022/2022-10-06-quarkus-2-13-1-final-released.adoc.po, 4, 12, 56, 123, 55%
l10n/po/es_ES/content/posts/2023/2023-02-09-quarkus-2-16-2-final-released.adoc.po, 5, 13, 56, 123, 55%
l10n/po/es_ES/content/posts/2021/2021-09-16-quarkus-2-2-3-final-released.adoc.po, 4, 12, 55, 122, 55%
l10n/po/es_ES/content/posts/2023/2023-03-22-quarkus-2-16-5-final-released.adoc.po, 5, 13, 55, 122, 55%
l10n/po/es_ES/content/posts/2023/2023-04-04-quarkus-2-16-6-final-released.adoc.po, 5, 13, 55, 122, 55%
l10n/po/es_ES/content/posts/2023/2023-05-05-quarkus-2-16-7-final-released.adoc.po, 5, 13, 55, 122, 55%
l10n/po/es_ES/content/posts/2021/2021-07-13-quarkus-2-0-2-final-released.adoc.po, 4, 12, 54, 121, 56%
l10n/po/es_ES/content/posts/2022/2022-10-12-quarkus-2-13-2-final-released.adoc.po, 4, 12, 54, 121, 56%
l10n/po/es_ES/content/posts/2023/2023-01-10-quarkus-2-15-3-final-released.adoc.po, 4, 12, 54, 121, 56%
l10n/po/es_ES/content/posts/2022/2022-05-17-quarkus-2-9-1-final-released.adoc.po, 4, 12, 53, 120, 56%
l10n/po/es_ES/content/posts/2020/2020-09-03-quarkus-1-7-2-final-released.adoc.po, 5, 12, 52, 117, 56%
l10n/po/es_ES/content/posts/2021/2021-09-07-quarkus-2-2-2-final-released.adoc.po, 4, 12, 52, 119, 57%
l10n/po/es_ES/content/posts/2021/2021-10-20-quarkus-2-3-1-final-released.adoc.po, 4, 12, 52, 119, 57%
l10n/po/es_ES/content/posts/2021/2021-11-03-quarkus-2-4-1-final-released.adoc.po, 4, 12, 52, 119, 57%
l10n/po/es_ES/content/posts/2021/2021-11-12-quarkus-2-4-2-final-released.adoc.po, 4, 12, 52, 119, 57%
l10n/po/es_ES/content/posts/2021/2021-12-01-quarkus-2-5-1-final-released.adoc.po, 4, 12, 52, 119, 57%
l10n/po/es_ES/content/posts/2021/2021-12-10-quarkus-2-5-2-final-released.adoc.po, 4, 12, 52, 119, 57%
l10n/po/es_ES/content/posts/2021/2021-12-15-quarkus-2-5-3-final-released.adoc.po, 4, 12, 52, 119, 57%
l10n/po/es_ES/content/posts/2020/2020-10-06-quarkus-1-8-2-final-released.adoc.po, 5, 12, 51, 116, 57%
l10n/po/es_ES/templates/partials/commonhaus-footerband.html.po, 4, 4, 51, 51, 0%
l10n/po/es_ES/content/guides/camel.adoc.po, 2, 3, 50, 54, 8%
l10n/po/es_ES/content/posts/2021/2021-08-26-quarkus-2-1-4-final-released.adoc.po, 4, 12, 50, 117, 58%
l10n/po/es_ES/content/posts/2026/2026-05-04-CVE-2026-39852.adoc.po, 7, 8, 50, 51, 2%
l10n/po/es_ES/content/posts/2026/2026-17-06-CVE-2026-50559.adoc.po, 7, 8, 50, 51, 2%
l10n/po/es_ES/content/versions/2.13/guides/camel.adoc.po, 2, 3, 50, 54, 8%
l10n/po/es_ES/content/versions/2.16/guides/camel.adoc.po, 2, 3, 50, 54, 8%
l10n/po/es_ES/content/versions/3.15/guides/camel.adoc.po, 2, 3, 50, 54, 8%
l10n/po/es_ES/content/versions/3.2/guides/camel.adoc.po, 2, 3, 50, 54, 8%
l10n/po/es_ES/content/versions/3.20/guides/camel.adoc.po, 2, 3, 50, 54, 8%
l10n/po/es_ES/content/versions/3.27/guides/camel.adoc.po, 2, 3, 50, 54, 8%
l10n/po/es_ES/content/versions/3.33/guides/camel.adoc.po, 2, 3, 50, 54, 8%
l10n/po/es_ES/content/versions/3.34/guides/camel.adoc.po, 2, 3, 50, 54, 8%
l10n/po/es_ES/content/versions/3.8/guides/camel.adoc.po, 2, 3, 50, 54, 8%
l10n/po/es_ES/content/versions/main/guides/camel.adoc.po, 2, 3, 50, 54, 8%
l10n/po/es_ES/content/posts/2021/2021-04-28-quarkus-1-13-3-final-released.adoc.po, 5, 13, 49, 116, 58%
l10n/po/es_ES/content/posts/2021/2021-05-12-quarkus-1-13-4-final-released.adoc.po, 5, 13, 49, 116, 58%
l10n/po/es_ES/content/versions/2.13/guides/vertx.adoc.po, 4, 94, 49, 1361, 97%
l10n/po/es_ES/content/versions/2.16/guides/vertx.adoc.po, 4, 94, 49, 1361, 97%
l10n/po/es_ES/content/posts/2021/2021-07-22-quarkus-2-0-3-final-released.adoc.po, 4, 12, 48, 115, 59%
l10n/po/es_ES/content/posts/2022/2022-01-20-quarkus-2-6-3-final-released.adoc.po, 4, 12, 48, 115, 59%
l10n/po/es_ES/content/posts/2022/2022-03-09-quarkus-2-7-4-final-released.adoc.po, 4, 12, 48, 115, 59%
l10n/po/es_ES/content/posts/2022/2022-06-29-quarkus-2-10-1-final-released.adoc.po, 4, 12, 48, 115, 59%
l10n/po/es_ES/content/posts/2022/2022-09-21-quarkus-2-12-3-final-released.adoc.po, 5, 13, 48, 115, 59%
l10n/po/es_ES/content/posts/2021/2021-07-07-quarkus-2-0-1-final-released.adoc.po, 4, 12, 47, 114, 59%
l10n/po/es_ES/content/posts/2021/2021-08-04-quarkus-2-1-1-final-released.adoc.po, 4, 12, 47, 114, 59%
l10n/po/es_ES/content/posts/2021/2021-08-11-quarkus-2-1-2-final-released.adoc.po, 4, 12, 47, 114, 59%
l10n/po/es_ES/content/posts/2021/2021-08-19-quarkus-2-1-3-final-released.adoc.po, 4, 12, 47, 114, 59%
l10n/po/es_ES/content/posts/2022/2022-03-16-quarkus-2-7-5-final-released.adoc.po, 4, 12, 47, 114, 59%
l10n/po/es_ES/content/posts/2022/2022-04-19-quarkus-2-8-1-final-released.adoc.po, 4, 12, 47, 114, 59%
l10n/po/es_ES/content/posts/2022/2022-04-26-quarkus-2-8-2-final-released.adoc.po, 4, 12, 47, 114, 59%
l10n/po/es_ES/content/posts/2022/2022-09-13-quarkus-2-12-2-final-released.adoc.po, 5, 13, 47, 114, 59%
l10n/po/es_ES/content/posts/2022/2022-12-06-quarkus-2-14-3-final-released.adoc.po, 4, 12, 47, 114, 59%
l10n/po/es_ES/templates/partials/homepage-userstory-callout.html.po, 12, 12, 45, 45, 0%
l10n/po/es_ES/content/versions/3.15/guides/ansible.adoc.po, 5, 34, 42, 860, 96%
l10n/po/es_ES/content/versions/3.2/guides/ansible.adoc.po, 5, 34, 42, 860, 96%
l10n/po/es_ES/content/versions/3.20/guides/ansible.adoc.po, 5, 34, 42, 860, 96%
l10n/po/es_ES/content/versions/3.27/guides/ansible.adoc.po, 5, 34, 42, 860, 96%
l10n/po/es_ES/content/versions/3.8/guides/ansible.adoc.po, 5, 34, 42, 860, 96%
l10n/po/es_ES/templates/partials/homepage-features-band.html.po, 4, 21, 42, 194, 79%
l10n/po/es_ES/templates/partials/homepage-extensions-band.html.po, 2, 3, 40, 46, 14%
l10n/po/es_ES/templates/partials/homepage-imperative_and_reactive-band.html.po, 3, 6, 40, 46, 14%
l10n/po/es_ES/templates/partials/publication-entries.html.po, 13, 13, 40, 40, 0%
l10n/po/es_ES/content/guides/grpc-cli.adoc.po, 8, 9, 39, 40, 3%
l10n/po/es_ES/content/versions/3.15/guides/grpc-cli.adoc.po, 8, 9, 39, 40, 3%
l10n/po/es_ES/content/versions/3.20/guides/grpc-cli.adoc.po, 8, 9, 39, 40, 3%
l10n/po/es_ES/content/versions/3.27/guides/grpc-cli.adoc.po, 8, 9, 39, 40, 3%
l10n/po/es_ES/content/versions/3.33/guides/grpc-cli.adoc.po, 8, 9, 39, 40, 3%
l10n/po/es_ES/content/versions/3.34/guides/grpc-cli.adoc.po, 8, 9, 39, 40, 3%
l10n/po/es_ES/content/versions/main/guides/grpc-cli.adoc.po, 8, 9, 39, 40, 3%
l10n/po/es_ES/templates/partials/get-started-band-lightblue.html.po, 4, 9, 39, 64, 40%
l10n/po/es_ES/content/ai-quarkus-for-ai.md.po, 4, 4, 38, 38, 0%
l10n/po/es_ES/templates/partials/project-footer.html.po, 13, 14, 38, 39, 3%
l10n/po/es_ES/templates/partials/homepage-ai-band.html.po, 4, 4, 37, 37, 0%
l10n/po/es_ES/templates/partials/get-started-band.html.po, 4, 10, 35, 64, 46%
l10n/po/es_ES/templates/partials/homepage-hero-newrelease-band.html.po, 5, 6, 35, 39, 11%
l10n/po/es_ES/_data/cheatsheets.yaml.po, 11, 11, 34, 34, 0%
l10n/po/es_ES/_data/event_worldtour_hero.yaml.po, 2, 2, 34, 34, 0%
l10n/po/es_ES/content/guides/tooling.adoc.po, 2, 18, 34, 151, 78%
l10n/po/es_ES/content/versions/main/guides/tooling.adoc.po, 2, 18, 34, 151, 78%
l10n/po/es_ES/content/versions/2.13/guides/tooling.adoc.po, 1, 18, 33, 153, 79%
l10n/po/es_ES/content/versions/2.16/guides/tooling.adoc.po, 1, 18, 33, 153, 79%
l10n/po/es_ES/content/versions/3.2/guides/tooling.adoc.po, 1, 18, 33, 153, 79%
l10n/po/es_ES/content/guides/kafka-dev-ui.adoc.po, 1, 7, 32, 71, 55%
l10n/po/es_ES/content/posts/2020/2020-05-05-quarkus-1-4-2-final-released.adoc.po, 4, 11, 32, 97, 68%
l10n/po/es_ES/content/posts/2020/2020-06-11-quarkus-1-5-1-final-released.adoc.po, 4, 11, 32, 97, 68%
l10n/po/es_ES/content/versions/2.16/guides/kafka-dev-ui.adoc.po, 1, 7, 32, 71, 55%
l10n/po/es_ES/content/versions/3.15/guides/kafka-dev-ui.adoc.po, 1, 7, 32, 71, 55%
l10n/po/es_ES/content/versions/3.2/guides/kafka-dev-ui.adoc.po, 1, 7, 32, 71, 55%
l10n/po/es_ES/content/versions/3.20/guides/kafka-dev-ui.adoc.po, 1, 7, 32, 71, 55%
l10n/po/es_ES/content/versions/3.27/guides/kafka-dev-ui.adoc.po, 1, 7, 32, 71, 55%
l10n/po/es_ES/content/versions/3.33/guides/kafka-dev-ui.adoc.po, 1, 7, 32, 71, 55%
l10n/po/es_ES/content/versions/3.34/guides/kafka-dev-ui.adoc.po, 1, 7, 32, 71, 55%
l10n/po/es_ES/content/versions/3.8/guides/kafka-dev-ui.adoc.po, 1, 7, 32, 71, 55%
l10n/po/es_ES/content/versions/main/guides/kafka-dev-ui.adoc.po, 1, 7, 32, 71, 55%
l10n/po/es_ES/content/versions/3.15/guides/tooling.adoc.po, 1, 18, 31, 151, 80%
l10n/po/es_ES/content/versions/3.20/guides/tooling.adoc.po, 1, 18, 31, 151, 80%
l10n/po/es_ES/content/versions/3.27/guides/tooling.adoc.po, 1, 18, 31, 151, 80%
l10n/po/es_ES/content/versions/3.33/guides/tooling.adoc.po, 1, 18, 31, 151, 80%
l10n/po/es_ES/content/versions/3.34/guides/tooling.adoc.po, 1, 18, 31, 151, 80%
l10n/po/es_ES/content/versions/3.8/guides/tooling.adoc.po, 1, 18, 31, 151, 80%
l10n/po/es_ES/content/guides/deploying-to-azure-cloud.adoc.po, 6, 55, 30, 755, 97%
l10n/po/es_ES/content/versions/2.13/guides/deploying-to-azure-cloud.adoc.po, 6, 55, 30, 755, 97%
l10n/po/es_ES/content/versions/2.16/guides/deploying-to-azure-cloud.adoc.po, 6, 55, 30, 755, 97%
l10n/po/es_ES/content/versions/3.15/guides/deploying-to-azure-cloud.adoc.po, 6, 55, 30, 755, 97%
l10n/po/es_ES/content/versions/3.2/guides/deploying-to-azure-cloud.adoc.po, 6, 55, 30, 755, 97%
l10n/po/es_ES/content/versions/3.20/guides/deploying-to-azure-cloud.adoc.po, 6, 55, 30, 755, 97%
l10n/po/es_ES/content/versions/3.27/guides/deploying-to-azure-cloud.adoc.po, 6, 55, 30, 755, 97%
l10n/po/es_ES/content/versions/3.33/guides/deploying-to-azure-cloud.adoc.po, 6, 55, 30, 755, 97%
l10n/po/es_ES/content/versions/3.34/guides/deploying-to-azure-cloud.adoc.po, 6, 55, 30, 755, 97%
l10n/po/es_ES/content/versions/3.8/guides/deploying-to-azure-cloud.adoc.po, 6, 55, 30, 755, 97%
l10n/po/es_ES/content/versions/main/guides/deploying-to-azure-cloud.adoc.po, 6, 55, 30, 755, 97%
l10n/po/es_ES/_data/siteConfig.yml.po, 24, 27, 29, 32, 10%
l10n/po/es_ES/content/versions/3.2/guides/vertx.adoc.po, 2, 96, 29, 1438, 98%
l10n/po/es_ES/content/versions/3.8/guides/vertx.adoc.po, 2, 97, 29, 1473, 99%
l10n/po/es_ES/content/quarkus3.md.po, 3, 3, 27, 27, 0%
l10n/po/es_ES/templates/partials/homepage-developer_joy-band.html.po, 4, 10, 26, 63, 59%
l10n/po/es_ES/templates/partials/userstories-band.html.po, 11, 11, 26, 26, 0%
l10n/po/es_ES/content/versions/2.16/guides/amazon-snapstart.adoc.po, 2, 30, 24, 382, 94%
l10n/po/es_ES/content/versions/3.2/guides/amazon-snapstart.adoc.po, 2, 30, 24, 382, 94%
l10n/po/es_ES/content/versions/3.2/guides/grpc-kubernetes.adoc.po, 1, 13, 24, 258, 91%
l10n/po/es_ES/content/versions/3.8/guides/grpc-kubernetes.adoc.po, 1, 13, 24, 258, 91%
l10n/po/es_ES/content/versions/2.13/guides/capabilities.adoc.po, 1, 38, 23, 588, 97%
l10n/po/es_ES/content/versions/2.16/guides/capabilities.adoc.po, 1, 38, 23, 588, 97%
l10n/po/es_ES/content/versions/3.15/guides/capabilities.adoc.po, 1, 38, 23, 588, 97%
l10n/po/es_ES/content/versions/3.2/guides/capabilities.adoc.po, 1, 38, 23, 588, 97%
l10n/po/es_ES/content/versions/3.20/guides/capabilities.adoc.po, 1, 38, 23, 588, 97%
l10n/po/es_ES/content/versions/3.27/guides/capabilities.adoc.po, 1, 38, 23, 588, 97%
l10n/po/es_ES/content/versions/3.8/guides/capabilities.adoc.po, 1, 38, 23, 588, 97%
l10n/po/es_ES/_data/publication-entries.yaml.po, 1, 1, 21, 21, 0%
l10n/po/es_ES/content/userstories.md.po, 3, 3, 21, 21, 0%
l10n/po/es_ES/content/guides/quarkus-reactive-architecture.adoc.po, 3, 66, 19, 1660, 99%
l10n/po/es_ES/content/socials.md.po, 3, 3, 19, 19, 0%
l10n/po/es_ES/content/versions/main/guides/quarkus-reactive-architecture.adoc.po, 3, 66, 19, 1660, 99%
l10n/po/es_ES/templates/partials/homepage-hero-band-ssjprime.html.po, 3, 9, 19, 51, 63%
l10n/po/es_ES/templates/partials/homepage-hero-band.html.po, 3, 5, 19, 24, 21%
l10n/po/es_ES/templates/partials/training-band.html.po, 10, 10, 19, 19, 0%
l10n/po/es_ES/content/ai-ai-blueprints.md.po, 4, 4, 18, 18, 0%
l10n/po/es_ES/templates/partials/catalog-index-band.html.po, 3, 52, 18, 217, 92%
l10n/po/es_ES/content/ai-blueprints-chainofthought.md.po, 4, 4, 17, 17, 0%
l10n/po/es_ES/content/ai-contextual-rag.md.po, 4, 4, 17, 17, 0%
l10n/po/es_ES/content/ai-getting-started-with-ai.md.po, 4, 4, 17, 17, 0%
l10n/po/es_ES/content/ai-blueprints-contextualrag.md.po, 4, 4, 16, 16, 0%
l10n/po/es_ES/content/ai-overview.md.po, 4, 4, 16, 16, 0%
l10n/po/es_ES/content/discussion.md.po, 2, 3, 16, 19, 16%
l10n/po/es_ES/content/spring-migrate.md.po, 4, 4, 16, 16, 0%
l10n/po/es_ES/content/versions/3.27/guides/apicurio-registry-dev-services.adoc.po, 2, 21, 16, 366, 96%
l10n/po/es_ES/content/versions/3.33/guides/quarkus-reactive-architecture.adoc.po, 2, 66, 16, 1660, 100%
l10n/po/es_ES/content/versions/3.34/guides/quarkus-reactive-architecture.adoc.po, 2, 65, 16, 1646, 100%
l10n/po/es_ES/_data/guides.yaml.po, 5, 5, 15, 15, 0%
l10n/po/es_ES/content/ai-blueprints-frozenrag.md.po, 4, 4, 14, 14, 0%
l10n/po/es_ES/content/ai-chain-of-thought.md.po, 4, 4, 14, 14, 0%
l10n/po/es_ES/content/brand.md.po, 3, 3, 13, 13, 0%
l10n/po/es_ES/content/performance.md.po, 3, 3, 13, 13, 0%
l10n/po/es_ES/_data/getstarted-nextsteps.yaml.po, 2, 27, 12, 154, 93%
l10n/po/es_ES/content/ai-agentic.md.po, 4, 4, 12, 12, 0%
l10n/po/es_ES/content/benefactors.md.po, 3, 3, 12, 12, 0%
l10n/po/es_ES/content/releases.md.po, 3, 3, 12, 12, 0%
l10n/po/es_ES/templates/partials/newsletter-band.html.po, 6, 6, 12, 12, 0%
l10n/po/es_ES/content/desktopwallpapers.md.po, 3, 3, 11, 11, 0%
l10n/po/es_ES/content/eol.md.po, 3, 3, 11, 11, 0%
l10n/po/es_ES/content/spring.md.po, 3, 3, 11, 11, 0%
l10n/po/es_ES/content/index.md.po, 3, 4, 10, 11, 10%
l10n/po/es_ES/content/versions/main/guides/grpc.adoc.po, 1, 17, 10, 143, 94%
l10n/po/es_ES/content/wg.md.po, 4, 4, 9, 9, 0%
l10n/po/es_ES/content/guides/vertx.adoc.po, 1, 97, 8, 1473, 100%
l10n/po/es_ES/content/versions/main/guides/vertx.adoc.po, 1, 97, 8, 1473, 100%
l10n/po/es_ES/content/versions/main/guides/guides.md.po, 3, 3, 7, 7, 0%
l10n/po/es_ES/templates/partials/feedback-community-band.html.po, 1, 12, 7, 113, 94%
l10n/po/es_ES/_data/recent-posts-band.yaml.po, 2, 2, 6, 6, 0%
l10n/po/es_ES/content/1kcontributors.md.po, 3, 3, 6, 6, 0%
l10n/po/es_ES/content/404.md.po, 3, 6, 6, 24, 75%
l10n/po/es_ES/content/ai-java-for-ai.md.po, 3, 3, 6, 6, 0%
l10n/po/es_ES/content/support.md.po, 2, 2, 6, 6, 0%
l10n/po/es_ES/content/usage_policy.md.po, 3, 3, 6, 6, 0%
l10n/po/es_ES/content/author.md.po, 5, 5, 5, 5, 0%
l10n/po/es_ES/content/blog.md.po, 5, 5, 5, 5, 0%
l10n/po/es_ES/content/guides/guides.md.po, 3, 3, 5, 5, 0%
l10n/po/es_ES/content/versions/2.13/guides/conditional-extension-dependencies.adoc.po, 1, 29, 5, 668, 100%
l10n/po/es_ES/content/versions/2.16/guides/conditional-extension-dependencies.adoc.po, 1, 29, 5, 668, 100%
l10n/po/es_ES/content/versions/3.15/guides/conditional-extension-dependencies.adoc.po, 1, 29, 5, 668, 100%
l10n/po/es_ES/content/versions/3.2/guides/conditional-extension-dependencies.adoc.po, 1, 29, 5, 668, 100%
l10n/po/es_ES/content/versions/3.8/guides/conditional-extension-dependencies.adoc.po, 1, 29, 5, 668, 100%
l10n/po/es_ES/content/guides/aws-lambda-snapstart.adoc.po, 1, 30, 4, 382, 99%
l10n/po/es_ES/content/newsletter.md.po, 3, 4, 4, 18, 78%
l10n/po/es_ES/content/qtips.md.po, 2, 3, 4, 23, 83%
l10n/po/es_ES/content/versions/main/guides/aws-lambda-snapstart.adoc.po, 1, 30, 4, 382, 99%
l10n/po/es_ES/content/insights.md.po, 2, 3, 3, 17, 83%
l10n/po/es_ES/content/kubernetes-native.md.po, 2, 3, 3, 11, 73%
l10n/po/es_ES/content/stickers.md.po, 2, 2, 3, 3, 0%
l10n/po/es_ES/content/versions/3.15/guides/quarkus-reactive-architecture.adoc.po, 1, 65, 3, 1646, 100%
l10n/po/es_ES/content/versions/3.20/guides/quarkus-reactive-architecture.adoc.po, 1, 65, 3, 1646, 100%
l10n/po/es_ES/content/versions/3.27/guides/quarkus-reactive-architecture.adoc.po, 1, 65, 3, 1646, 100%
l10n/po/es_ES/templates/partials/homepage-performance-band.html.po, 1, 2, 3, 7, 58%
l10n/po/es_ES/content/events.md.po, 2, 3, 2, 13, 85%
l10n/po/es_ES/content/guides/telemetry-examples.yaml.po, 2, 2, 2, 2, 0%
l10n/po/es_ES/content/redirects/awards.md.po, 2, 2, 2, 2, 0%
l10n/po/es_ES/content/redirects/community.md.po, 2, 2, 2, 2, 0%
l10n/po/es_ES/content/redirects/continuum.md.po, 2, 2, 2, 2, 0%
l10n/po/es_ES/content/redirects/extensions.md.po, 2, 2, 2, 2, 0%
l10n/po/es_ES/content/redirects/github.md.po, 2, 2, 2, 2, 0%
l10n/po/es_ES/content/redirects/guides/security-built-in-authentication.md.po, 2, 2, 2, 2, 0%
l10n/po/es_ES/content/redirects/guides/security-oidc-bearer-authentication-concept.md.po, 2, 2, 2, 2, 0%
l10n/po/es_ES/content/redirects/migrate-to-quarkus.md.po, 2, 2, 2, 2, 0%
l10n/po/es_ES/content/redirects/roadmap.md.po, 2, 2, 2, 2, 0%
l10n/po/es_ES/content/redirects/worldtour.md.po, 2, 2, 2, 2, 0%
l10n/po/es_ES/content/security-openid-connect-web-authentication.md.po, 2, 2, 2, 2, 0%
l10n/po/es_ES/content/standards.md.po, 2, 3, 2, 9, 78%
l10n/po/es_ES/content/versions/2.13/guides/guides.md.po, 2, 3, 2, 3, 34%
l10n/po/es_ES/content/versions/2.13/guides/telemetry-examples.yaml.po, 2, 2, 2, 2, 0%
l10n/po/es_ES/content/versions/2.16/guides/guides.md.po, 2, 3, 2, 3, 34%
l10n/po/es_ES/content/versions/2.16/guides/telemetry-examples.yaml.po, 2, 2, 2, 2, 0%
l10n/po/es_ES/content/versions/3.15/guides/guides.md.po, 2, 3, 2, 3, 34%
l10n/po/es_ES/content/versions/3.15/guides/telemetry-examples.yaml.po, 2, 2, 2, 2, 0%
l10n/po/es_ES/content/versions/3.2/guides/guides.md.po, 2, 3, 2, 3, 34%
l10n/po/es_ES/content/versions/3.2/guides/telemetry-examples.yaml.po, 2, 2, 2, 2, 0%
l10n/po/es_ES/content/versions/3.20/guides/guides.md.po, 2, 3, 2, 3, 34%
l10n/po/es_ES/content/versions/3.20/guides/telemetry-examples.yaml.po, 2, 2, 2, 2, 0%
l10n/po/es_ES/content/versions/3.27/guides/guides.md.po, 2, 3, 2, 3, 34%
l10n/po/es_ES/content/versions/3.27/guides/telemetry-examples.yaml.po, 2, 2, 2, 2, 0%
l10n/po/es_ES/content/versions/3.33/guides/guides.md.po, 2, 3, 2, 3, 34%
l10n/po/es_ES/content/versions/3.33/guides/telemetry-examples.yaml.po, 2, 2, 2, 2, 0%
l10n/po/es_ES/content/versions/3.34/guides/guides.md.po, 2, 3, 2, 3, 34%
l10n/po/es_ES/content/versions/3.34/guides/telemetry-examples.yaml.po, 2, 2, 2, 2, 0%
l10n/po/es_ES/content/versions/3.8/guides/guides.md.po, 2, 3, 2, 3, 34%
l10n/po/es_ES/content/versions/3.8/guides/telemetry-examples.yaml.po, 2, 2, 2, 2, 0%
l10n/po/es_ES/content/versions/main/guides/telemetry-examples.yaml.po, 2, 2, 2, 2, 0%
l10n/po/es_ES/templates/partials/container-first.html.po, 1, 16, 2, 544, 100%
l10n/po/es_ES/content/about.md.po, 1, 3, 1, 11, 91%
l10n/po/es_ES/content/books.md.po, 1, 3, 1, 28, 97%
l10n/po/es_ES/content/components.md.po, 1, 2, 1, 2, 50%
l10n/po/es_ES/content/container-first.md.po, 1, 3, 1, 15, 94%
l10n/po/es_ES/content/developer-joy.md.po, 1, 3, 1, 10, 90%
l10n/po/es_ES/content/get-started.md.po, 1, 3, 1, 13, 93%
l10n/po/es_ES/content/quarkus2.md.po, 1, 3, 1, 27, 97%
l10n/po/es_ES/content/redirects/guides/amazon-dynamodb.md.po, 1, 2, 1, 2, 50%
l10n/po/es_ES/content/redirects/guides/amazon-iam.md.po, 1, 2, 1, 2, 50%
l10n/po/es_ES/content/redirects/guides/amazon-kms.md.po, 1, 2, 1, 2, 50%
l10n/po/es_ES/content/redirects/guides/amazon-s3.md.po, 1, 2, 1, 2, 50%
l10n/po/es_ES/content/redirects/guides/amazon-ses.md.po, 1, 2, 1, 2, 50%
l10n/po/es_ES/content/redirects/guides/amazon-sns.md.po, 1, 2, 1, 2, 50%
l10n/po/es_ES/content/redirects/guides/amazon-sqs.md.po, 1, 2, 1, 2, 50%
l10n/po/es_ES/content/redirects/guides/amazon-ssm.md.po, 1, 2, 1, 2, 50%
l10n/po/es_ES/content/redirects/guides/consul-config.md.po, 1, 2, 1, 2, 50%
l10n/po/es_ES/content/redirects/guides/jgit.md.po, 1, 2, 1, 2, 50%
l10n/po/es_ES/content/redirects/guides/logging-sentry.md.po, 1, 2, 1, 2, 50%
l10n/po/es_ES/content/redirects/guides/micrometer.md.po, 1, 2, 1, 2, 50%
l10n/po/es_ES/content/redirects/guides/neo4j.md.po, 1, 2, 1, 2, 50%
l10n/po/es_ES/content/redirects/guides/security-getting-started.md.po, 1, 2, 1, 2, 50%
l10n/po/es_ES/content/redirects/guides/security.md.po, 1, 2, 1, 2, 50%
l10n/po/es_ES/content/redirects/guides/tika.md.po, 1, 2, 1, 2, 50%
l10n/po/es_ES/content/redirects/guides/vault-auth.md.po, 1, 2, 1, 2, 50%
l10n/po/es_ES/content/redirects/guides/vault-datasource.md.po, 1, 2, 1, 2, 50%
l10n/po/es_ES/content/redirects/guides/vault-pki.md.po, 1, 2, 1, 2, 50%
l10n/po/es_ES/content/redirects/guides/vault-transit.md.po, 1, 2, 1, 2, 50%
l10n/po/es_ES/content/redirects/guides/vault.md.po, 1, 2, 1, 2, 50%
l10n/po/es_ES/_data/1kcontributor-list.yaml.po, 0, 3934, 0, 4858, 100%
l10n/po/es_ES/_data/callout-quotes.yaml.po, 0, 3, 0, 55, 100%
l10n/po/es_ES/_data/getstarted-guides.yaml.po, 0, 15, 0, 105, 100%
l10n/po/es_ES/_data/getstarted-videos.yaml.po, 0, 21, 0, 83, 100%
l10n/po/es_ES/_data/languages.yaml.po, 0, 1, 0, 20, 100%
l10n/po/es_ES/content/guides/README.adoc.po, 0, 21, 0, 195, 100%
l10n/po/es_ES/content/guides/grpc.adoc.po, 0, 19, 0, 151, 100%
l10n/po/es_ES/content/versions/2.13/guides/amqp-dev-services.adoc.po, 0, 16, 0, 268, 100%
l10n/po/es_ES/content/versions/2.13/guides/apicurio-registry-dev-services.adoc.po, 0, 19, 0, 350, 100%
l10n/po/es_ES/content/versions/2.13/guides/grpc.adoc.po, 0, 12, 0, 122, 100%
l10n/po/es_ES/content/versions/2.16/guides/README.adoc.po, 0, 21, 0, 195, 100%
l10n/po/es_ES/content/versions/2.16/guides/amqp-dev-services.adoc.po, 0, 16, 0, 268, 100%
l10n/po/es_ES/content/versions/2.16/guides/apicurio-registry-dev-services.adoc.po, 0, 19, 0, 350, 100%
l10n/po/es_ES/content/versions/2.16/guides/grpc.adoc.po, 0, 14, 0, 130, 100%
l10n/po/es_ES/content/versions/3.15/guides/README.adoc.po, 0, 21, 0, 195, 100%
l10n/po/es_ES/content/versions/3.15/guides/amqp-dev-services.adoc.po, 0, 16, 0, 268, 100%
l10n/po/es_ES/content/versions/3.15/guides/apicurio-registry-dev-services.adoc.po, 0, 19, 0, 350, 100%
l10n/po/es_ES/content/versions/3.15/guides/aws-lambda-snapstart.adoc.po, 0, 30, 0, 382, 100%
l10n/po/es_ES/content/versions/3.15/guides/grpc.adoc.po, 0, 19, 0, 151, 100%
l10n/po/es_ES/content/versions/3.15/guides/vertx.adoc.po, 0, 97, 0, 1473, 100%
l10n/po/es_ES/content/versions/3.2/guides/README.adoc.po, 0, 21, 0, 195, 100%
l10n/po/es_ES/content/versions/3.2/guides/amqp-dev-services.adoc.po, 0, 16, 0, 268, 100%
l10n/po/es_ES/content/versions/3.2/guides/apicurio-registry-dev-services.adoc.po, 0, 19, 0, 350, 100%
l10n/po/es_ES/content/versions/3.2/guides/grpc.adoc.po, 0, 16, 0, 140, 100%
l10n/po/es_ES/content/versions/3.20/guides/README.adoc.po, 0, 21, 0, 195, 100%
l10n/po/es_ES/content/versions/3.20/guides/apicurio-registry-dev-services.adoc.po, 0, 19, 0, 350, 100%
l10n/po/es_ES/content/versions/3.20/guides/aws-lambda-snapstart.adoc.po, 0, 30, 0, 382, 100%
l10n/po/es_ES/content/versions/3.20/guides/grpc.adoc.po, 0, 19, 0, 151, 100%
l10n/po/es_ES/content/versions/3.20/guides/vertx.adoc.po, 0, 97, 0, 1473, 100%
l10n/po/es_ES/content/versions/3.27/guides/README.adoc.po, 0, 21, 0, 195, 100%
l10n/po/es_ES/content/versions/3.27/guides/aws-lambda-snapstart.adoc.po, 0, 30, 0, 382, 100%
l10n/po/es_ES/content/versions/3.27/guides/grpc.adoc.po, 0, 19, 0, 151, 100%
l10n/po/es_ES/content/versions/3.27/guides/vertx.adoc.po, 0, 97, 0, 1473, 100%
l10n/po/es_ES/content/versions/3.33/guides/README.adoc.po, 0, 21, 0, 195, 100%
l10n/po/es_ES/content/versions/3.33/guides/aws-lambda-snapstart.adoc.po, 0, 30, 0, 382, 100%
l10n/po/es_ES/content/versions/3.33/guides/grpc.adoc.po, 0, 19, 0, 151, 100%
l10n/po/es_ES/content/versions/3.33/guides/vertx.adoc.po, 0, 97, 0, 1473, 100%
l10n/po/es_ES/content/versions/3.34/guides/README.adoc.po, 0, 21, 0, 195, 100%
l10n/po/es_ES/content/versions/3.34/guides/aws-lambda-snapstart.adoc.po, 0, 30, 0, 382, 100%
l10n/po/es_ES/content/versions/3.34/guides/grpc.adoc.po, 0, 19, 0, 151, 100%
l10n/po/es_ES/content/versions/3.34/guides/vertx.adoc.po, 0, 97, 0, 1473, 100%
l10n/po/es_ES/content/versions/3.8/guides/README.adoc.po, 0, 21, 0, 195, 100%
l10n/po/es_ES/content/versions/3.8/guides/amqp-dev-services.adoc.po, 0, 16, 0, 268, 100%
l10n/po/es_ES/content/versions/3.8/guides/apicurio-registry-dev-services.adoc.po, 0, 19, 0, 350, 100%
l10n/po/es_ES/content/versions/3.8/guides/aws-lambda-snapstart.adoc.po, 0, 30, 0, 382, 100%
l10n/po/es_ES/content/versions/3.8/guides/grpc.adoc.po, 0, 17, 0, 145, 100%
l10n/po/es_ES/content/versions/main/guides/README.adoc.po, 0, 21, 0, 195, 100%
l10n/po/es_ES/templates/partials/events-discussions-band.html.po, 0, 1, 0, 14, 100%
